Index,ModelFamily,ModelType,ModelInstance,Examination,ID,Consensus,Solutions,Nupn,FormulaType
1,AirplaneLD,COL,0010,ReachabilityDeadlock,00,TRUE,3,NONE,CEX
2,AirplaneLD,COL,0020,ReachabilityDeadlock,00,TRUE,3,NONE,CEX
3,AirplaneLD,COL,0050,ReachabilityDeadlock,00,TRUE,3,NONE,CEX
4,AirplaneLD,COL,0100,ReachabilityDeadlock,00,TRUE,3,NONE,CEX
5,AirplaneLD,COL,0200,ReachabilityDeadlock,00,TRUE,3,NONE,CEX
6,AirplaneLD,COL,0500,ReachabilityDeadlock,00,TRUE,3,NONE,CEX
7,AirplaneLD,COL,1000,ReachabilityDeadlock,00,TRUE,3,NONE,CEX
8,AirplaneLD,COL,2000,ReachabilityDeadlock,00,TRUE,3,NONE,CEX
9,AirplaneLD,COL,4000,ReachabilityDeadlock,00,TRUE,3,NONE,CEX
10,AirplaneLD,PT,0010,ReachabilityDeadlock,00,TRUE,3,GEN,CEX
11,AirplaneLD,PT,0020,ReachabilityDeadlock,00,TRUE,3,GEN,CEX
12,AirplaneLD,PT,0050,ReachabilityDeadlock,00,TRUE,3,GEN,CEX
13,AirplaneLD,PT,0100,ReachabilityDeadlock,00,TRUE,3,GEN,CEX
14,AirplaneLD,PT,0200,ReachabilityDeadlock,00,TRUE,3,GEN,CEX
15,AirplaneLD,PT,0500,ReachabilityDeadlock,00,TRUE,3,GEN,CEX
16,AirplaneLD,PT,1000,ReachabilityDeadlock,00,TRUE,3,GEN,CEX
17,AirplaneLD,PT,2000,ReachabilityDeadlock,00,TRUE,3,GEN,CEX
18,AirplaneLD,PT,4000,ReachabilityDeadlock,00,TRUE,3,GEN,CEX
19,Anderson,PT,04,ReachabilityDeadlock,00,FALSE,3,NUPN,INV
20,Anderson,PT,05,ReachabilityDeadlock,00,FALSE,3,NUPN,INV
21,Anderson,PT,06,ReachabilityDeadlock,00,FALSE,3,NUPN,INV
22,Anderson,PT,07,ReachabilityDeadlock,00,FALSE,3,NUPN,INV
23,Anderson,PT,08,ReachabilityDeadlock,00,FALSE,2,NUPN,INV
24,Anderson,PT,09,ReachabilityDeadlock,00,FALSE,2,NUPN,INV
25,Anderson,PT,10,ReachabilityDeadlock,00,FALSE,2,NUPN,INV
26,Anderson,PT,11,ReachabilityDeadlock,00,FALSE,2,NUPN,INV
27,Anderson,PT,12,ReachabilityDeadlock,00,FALSE,2,NUPN,INV
28,Angiogenesis,PT,01,ReachabilityDeadlock,00,TRUE,3,GEN,CEX
29,Angiogenesis,PT,05,ReachabilityDeadlock,00,TRUE,3,NONE,CEX
30,Angiogenesis,PT,10,ReachabilityDeadlock,00,TRUE,3,NONE,CEX
31,Angiogenesis,PT,15,ReachabilityDeadlock,00,TRUE,3,NONE,CEX
32,Angiogenesis,PT,20,ReachabilityDeadlock,00,TRUE,3,NONE,CEX
33,Angiogenesis,PT,25,ReachabilityDeadlock,00,TRUE,3,NONE,CEX
34,Angiogenesis,PT,50,ReachabilityDeadlock,00,TRUE,2,NONE,CEX
35,ARMCacheCoherence,PT,none,ReachabilityDeadlock,00,FALSE,3,NUPN,INV
36,ASLink,PT,01a,ReachabilityDeadlock,00,TRUE,3,NUPN,CEX
37,ASLink,PT,01b,ReachabilityDeadlock,00,TRUE,3,NUPN,CEX
38,ASLink,PT,02a,ReachabilityDeadlock,00,TRUE,3,NUPN,CEX
39,ASLink,PT,02b,ReachabilityDeadlock,00,TRUE,3,NUPN,CEX
40,ASLink,PT,03a,ReachabilityDeadlock,00,TRUE,3,NUPN,CEX
41,ASLink,PT,03b,ReachabilityDeadlock,00,TRUE,3,NUPN,CEX
42,ASLink,PT,04a,ReachabilityDeadlock,00,TRUE,3,NUPN,CEX
43,ASLink,PT,04b,ReachabilityDeadlock,00,TRUE,3,NUPN,CEX
44,ASLink,PT,05a,ReachabilityDeadlock,00,TRUE,3,NUPN,CEX
45,ASLink,PT,05b,ReachabilityDeadlock,00,TRUE,3,NUPN,CEX
46,ASLink,PT,06a,ReachabilityDeadlock,00,TRUE,3,NUPN,CEX
47,ASLink,PT,06b,ReachabilityDeadlock,00,TRUE,3,NUPN,CEX
48,ASLink,PT,07a,ReachabilityDeadlock,00,TRUE,3,NUPN,CEX
49,ASLink,PT,07b,ReachabilityDeadlock,00,TRUE,3,NUPN,CEX
50,ASLink,PT,08a,ReachabilityDeadlock,00,TRUE,3,NUPN,CEX
51,ASLink,PT,08b,ReachabilityDeadlock,00,TRUE,3,NUPN,CEX
52,ASLink,PT,09a,ReachabilityDeadlock,00,TRUE,3,NUPN,CEX
53,ASLink,PT,09b,ReachabilityDeadlock,00,TRUE,3,NUPN,CEX
54,ASLink,PT,10a,ReachabilityDeadlock,00,TRUE,3,NUPN,CEX
55,ASLink,PT,10b,ReachabilityDeadlock,00,TRUE,3,NUPN,CEX
56,AutoFlight,PT,01a,ReachabilityDeadlock,00,TRUE,3,NUPN,CEX
57,AutoFlight,PT,01b,ReachabilityDeadlock,00,TRUE,3,NUPN,CEX
58,AutoFlight,PT,02a,ReachabilityDeadlock,00,TRUE,3,NUPN,CEX
59,AutoFlight,PT,02b,ReachabilityDeadlock,00,TRUE,3,NUPN,CEX
60,AutoFlight,PT,03a,ReachabilityDeadlock,00,TRUE,3,NUPN,CEX
61,AutoFlight,PT,03b,ReachabilityDeadlock,00,TRUE,3,NUPN,CEX
62,AutoFlight,PT,04a,ReachabilityDeadlock,00,TRUE,3,NUPN,CEX
63,AutoFlight,PT,04b,ReachabilityDeadlock,00,TRUE,3,NUPN,CEX
64,AutoFlight,PT,05a,ReachabilityDeadlock,00,TRUE,3,NUPN,CEX
65,AutoFlight,PT,05b,ReachabilityDeadlock,00,TRUE,3,NUPN,CEX
66,AutoFlight,PT,06a,ReachabilityDeadlock,00,TRUE,3,NUPN,CEX
67,AutoFlight,PT,06b,ReachabilityDeadlock,00,TRUE,3,NUPN,CEX
68,AutoFlight,PT,12a,ReachabilityDeadlock,00,TRUE,3,NUPN,CEX
69,AutoFlight,PT,12b,ReachabilityDeadlock,00,TRUE,3,NUPN,CEX
70,AutoFlight,PT,24a,ReachabilityDeadlock,00,TRUE,3,NUPN,CEX
71,AutoFlight,PT,24b,ReachabilityDeadlock,00,TRUE,3,NUPN,CEX
72,AutoFlight,PT,48a,ReachabilityDeadlock,00,TRUE,3,NUPN,CEX
73,AutoFlight,PT,48b,ReachabilityDeadlock,00,TRUE,3,NUPN,CEX
74,AutoFlight,PT,96a,ReachabilityDeadlock,00,TRUE,3,NUPN,CEX
75,AutoFlight,PT,96b,ReachabilityDeadlock,00,TRUE,3,NUPN,CEX
76,AutonomousCar,PT,01a,ReachabilityDeadlock,00,TRUE,3,NUPN,CEX
77,AutonomousCar,PT,01b,ReachabilityDeadlock,00,TRUE,3,NUPN,CEX
78,AutonomousCar,PT,02a,ReachabilityDeadlock,00,TRUE,3,NUPN,CEX
79,AutonomousCar,PT,02b,ReachabilityDeadlock,00,TRUE,3,NUPN,CEX
80,AutonomousCar,PT,03a,ReachabilityDeadlock,00,TRUE,3,NUPN,CEX
81,AutonomousCar,PT,03b,ReachabilityDeadlock,00,TRUE,3,NUPN,CEX
82,AutonomousCar,PT,04a,ReachabilityDeadlock,00,TRUE,3,NUPN,CEX
83,AutonomousCar,PT,04b,ReachabilityDeadlock,00,TRUE,3,NUPN,CEX
84,AutonomousCar,PT,05a,ReachabilityDeadlock,00,TRUE,3,NUPN,CEX
85,AutonomousCar,PT,05b,ReachabilityDeadlock,00,TRUE,3,NUPN,CEX
86,AutonomousCar,PT,06a,ReachabilityDeadlock,00,TRUE,3,NUPN,CEX
87,AutonomousCar,PT,06b,ReachabilityDeadlock,00,TRUE,3,NUPN,CEX
88,AutonomousCar,PT,07a,ReachabilityDeadlock,00,TRUE,3,NUPN,CEX
89,AutonomousCar,PT,07b,ReachabilityDeadlock,00,TRUE,3,NUPN,CEX
90,AutonomousCar,PT,08a,ReachabilityDeadlock,00,TRUE,3,NUPN,CEX
91,AutonomousCar,PT,08b,ReachabilityDeadlock,00,TRUE,3,NUPN,CEX
92,AutonomousCar,PT,09a,ReachabilityDeadlock,00,TRUE,3,NUPN,CEX
93,AutonomousCar,PT,09b,ReachabilityDeadlock,00,TRUE,3,NUPN,CEX
94,AutonomousCar,PT,10a,ReachabilityDeadlock,00,TRUE,3,NUPN,CEX
95,AutonomousCar,PT,10b,ReachabilityDeadlock,00,TRUE,3,NUPN,CEX
96,BART,COL,002,ReachabilityDeadlock,00,FALSE,3,NONE,INV
97,BART,COL,005,ReachabilityDeadlock,00,FALSE,3,NONE,INV
98,BART,COL,010,ReachabilityDeadlock,00,FALSE,3,NONE,INV
99,BART,COL,020,ReachabilityDeadlock,00,FALSE,3,NONE,INV
100,BART,COL,030,ReachabilityDeadlock,00,FALSE,3,NONE,INV
101,BART,COL,040,ReachabilityDeadlock,00,FALSE,3,NONE,INV
102,BART,COL,050,ReachabilityDeadlock,00,FALSE,3,NONE,INV
103,BART,COL,060,ReachabilityDeadlock,00,FALSE,2,NONE,INV
104,BART,PT,002,ReachabilityDeadlock,00,FALSE,3,GEN,INV
105,BART,PT,005,ReachabilityDeadlock,00,FALSE,3,GEN,INV
106,BART,PT,010,ReachabilityDeadlock,00,FALSE,3,GEN,INV
107,BART,PT,020,ReachabilityDeadlock,00,FALSE,3,GEN,INV
108,BART,PT,030,ReachabilityDeadlock,00,FALSE,3,GEN,INV
109,BART,PT,040,ReachabilityDeadlock,00,FALSE,3,GEN,INV
110,BART,PT,050,ReachabilityDeadlock,00,FALSE,3,GEN,INV
111,BART,PT,060,ReachabilityDeadlock,00,FALSE,3,GEN,INV
112,BlocksWorld,PT,01,ReachabilityDeadlock,00,FALSE,3,NONE,INV
113,BlocksWorld,PT,02,ReachabilityDeadlock,00,FALSE,2,NONE,INV
114,BlocksWorld,PT,03,ReachabilityDeadlock,00,FALSE,2,NONE,INV
115,BlocksWorld,PT,04,ReachabilityDeadlock,00,FALSE,2,NONE,INV
116,BlocksWorld,PT,05,ReachabilityDeadlock,00,FALSE,2,NONE,INV
117,BlocksWorld,PT,06,ReachabilityDeadlock,00,FALSE,2,NONE,INV
118,BlocksWorld,PT,07,ReachabilityDeadlock,00,FALSE,2,NONE,INV
119,BlocksWorld,PT,08,ReachabilityDeadlock,00,FALSE,2,NONE,INV
120,BlocksWorld,PT,09,ReachabilityDeadlock,00,FALSE,2,NONE,INV
121,BridgeAndVehicles,COL,V04P05N02,ReachabilityDeadlock,00,TRUE,3,NONE,CEX
122,BridgeAndVehicles,COL,V10P10N10,ReachabilityDeadlock,00,TRUE,3,NONE,CEX
123,BridgeAndVehicles,COL,V20P10N10,ReachabilityDeadlock,00,TRUE,3,NONE,CEX
124,BridgeAndVehicles,COL,V20P10N20,ReachabilityDeadlock,00,TRUE,3,NONE,CEX
125,BridgeAndVehicles,COL,V20P10N50,ReachabilityDeadlock,00,TRUE,3,NONE,CEX
126,BridgeAndVehicles,COL,V20P20N10,ReachabilityDeadlock,00,TRUE,3,NONE,CEX
127,BridgeAndVehicles,COL,V20P20N20,ReachabilityDeadlock,00,TRUE,3,NONE,CEX
128,BridgeAndVehicles,COL,V20P20N50,ReachabilityDeadlock,00,TRUE,3,NONE,CEX
129,BridgeAndVehicles,COL,V50P20N10,ReachabilityDeadlock,00,TRUE,3,NONE,CEX
130,BridgeAndVehicles,COL,V50P20N20,ReachabilityDeadlock,00,TRUE,3,NONE,CEX
131,BridgeAndVehicles,COL,V50P20N50,ReachabilityDeadlock,00,TRUE,3,NONE,CEX
132,BridgeAndVehicles,COL,V50P50N10,ReachabilityDeadlock,00,TRUE,3,NONE,CEX
133,BridgeAndVehicles,COL,V50P50N20,ReachabilityDeadlock,00,TRUE,3,NONE,CEX
134,BridgeAndVehicles,COL,V50P50N50,ReachabilityDeadlock,00,TRUE,3,NONE,CEX
135,BridgeAndVehicles,COL,V80P20N10,ReachabilityDeadlock,00,TRUE,3,NONE,CEX
136,BridgeAndVehicles,COL,V80P20N20,ReachabilityDeadlock,00,TRUE,3,NONE,CEX
137,BridgeAndVehicles,COL,V80P20N50,ReachabilityDeadlock,00,TRUE,3,NONE,CEX
138,BridgeAndVehicles,COL,V80P50N10,ReachabilityDeadlock,00,TRUE,3,NONE,CEX
139,BridgeAndVehicles,COL,V80P50N20,ReachabilityDeadlock,00,TRUE,3,NONE,CEX
140,BridgeAndVehicles,COL,V80P50N50,ReachabilityDeadlock,00,TRUE,3,NONE,CEX
141,BridgeAndVehicles,PT,V04P05N02,ReachabilityDeadlock,00,TRUE,3,NONE,CEX
142,BridgeAndVehicles,PT,V10P10N10,ReachabilityDeadlock,00,TRUE,3,NONE,CEX
143,BridgeAndVehicles,PT,V20P10N10,ReachabilityDeadlock,00,TRUE,3,NONE,CEX
144,BridgeAndVehicles,PT,V20P10N20,ReachabilityDeadlock,00,TRUE,3,NONE,CEX
145,BridgeAndVehicles,PT,V20P10N50,ReachabilityDeadlock,00,TRUE,3,NONE,CEX
146,BridgeAndVehicles,PT,V20P20N10,ReachabilityDeadlock,00,TRUE,3,NONE,CEX
147,BridgeAndVehicles,PT,V20P20N20,ReachabilityDeadlock,00,TRUE,3,NONE,CEX
148,BridgeAndVehicles,PT,V20P20N50,ReachabilityDeadlock,00,TRUE,3,NONE,CEX
149,BridgeAndVehicles,PT,V50P20N10,ReachabilityDeadlock,00,TRUE,3,NONE,CEX
150,BridgeAndVehicles,PT,V50P20N20,ReachabilityDeadlock,00,TRUE,3,NONE,CEX
151,BridgeAndVehicles,PT,V50P20N50,ReachabilityDeadlock,00,TRUE,3,NONE,CEX
152,BridgeAndVehicles,PT,V50P50N10,ReachabilityDeadlock,00,TRUE,3,NONE,CEX
153,BridgeAndVehicles,PT,V50P50N20,ReachabilityDeadlock,00,TRUE,3,NONE,CEX
154,BridgeAndVehicles,PT,V50P50N50,ReachabilityDeadlock,00,TRUE,3,NONE,CEX
155,BridgeAndVehicles,PT,V80P20N10,ReachabilityDeadlock,00,TRUE,3,NONE,CEX
156,BridgeAndVehicles,PT,V80P20N20,ReachabilityDeadlock,00,TRUE,3,NONE,CEX
157,BridgeAndVehicles,PT,V80P20N50,ReachabilityDeadlock,00,TRUE,3,NONE,CEX
158,BridgeAndVehicles,PT,V80P50N10,ReachabilityDeadlock,00,TRUE,3,NONE,CEX
159,BridgeAndVehicles,PT,V80P50N20,ReachabilityDeadlock,00,TRUE,3,NONE,CEX
160,BridgeAndVehicles,PT,V80P50N50,ReachabilityDeadlock,00,TRUE,3,NONE,CEX
161,BugTracking,PT,q3m002,ReachabilityDeadlock,00,TRUE,3,NONE,CEX
162,BugTracking,PT,q3m004,ReachabilityDeadlock,00,TRUE,3,NONE,CEX
163,BugTracking,PT,q3m008,ReachabilityDeadlock,00,TRUE,3,NONE,CEX
164,BugTracking,PT,q3m016,ReachabilityDeadlock,00,TRUE,3,NONE,CEX
165,BugTracking,PT,q3m032,ReachabilityDeadlock,00,TRUE,3,NONE,CEX
166,BugTracking,PT,q3m064,ReachabilityDeadlock,00,TRUE,3,NONE,CEX
167,BugTracking,PT,q3m128,ReachabilityDeadlock,00,TRUE,3,NONE,CEX
168,BugTracking,PT,q3m256,ReachabilityDeadlock,00,TRUE,3,NONE,CEX
169,BugTracking,PT,q8m002,ReachabilityDeadlock,00,TRUE,3,NONE,CEX
170,BugTracking,PT,q8m004,ReachabilityDeadlock,00,TRUE,3,NONE,CEX
171,BugTracking,PT,q8m008,ReachabilityDeadlock,00,TRUE,3,NONE,CEX
172,BugTracking,PT,q8m016,ReachabilityDeadlock,00,TRUE,3,NONE,CEX
173,BugTracking,PT,q8m032,ReachabilityDeadlock,00,TRUE,3,NONE,CEX
174,BugTracking,PT,q8m064,ReachabilityDeadlock,00,TRUE,3,NONE,CEX
175,BugTracking,PT,q8m128,ReachabilityDeadlock,00,TRUE,3,NONE,CEX
176,BugTracking,PT,q8m256,ReachabilityDeadlock,00,TRUE,3,NONE,CEX
177,BusinessProcesses,PT,01,ReachabilityDeadlock,00,TRUE,3,NUPN,CEX
178,BusinessProcesses,PT,02,ReachabilityDeadlock,00,TRUE,3,NUPN,CEX
179,BusinessProcesses,PT,03,ReachabilityDeadlock,00,TRUE,3,NUPN,CEX
180,BusinessProcesses,PT,04,ReachabilityDeadlock,00,TRUE,3,NUPN,CEX
181,BusinessProcesses,PT,05,ReachabilityDeadlock,00,TRUE,3,NUPN,CEX
182,BusinessProcesses,PT,06,ReachabilityDeadlock,00,TRUE,3,NUPN,CEX
183,BusinessProcesses,PT,07,ReachabilityDeadlock,00,TRUE,3,NUPN,CEX
184,BusinessProcesses,PT,08,ReachabilityDeadlock,00,TRUE,3,NUPN,CEX
185,BusinessProcesses,PT,09,ReachabilityDeadlock,00,TRUE,3,NUPN,CEX
186,BusinessProcesses,PT,10,ReachabilityDeadlock,00,TRUE,3,NUPN,CEX
187,BusinessProcesses,PT,11,ReachabilityDeadlock,00,TRUE,3,NUPN,CEX
188,BusinessProcesses,PT,12,ReachabilityDeadlock,00,TRUE,3,NUPN,CEX
189,BusinessProcesses,PT,13,ReachabilityDeadlock,00,TRUE,3,NUPN,CEX
190,BusinessProcesses,PT,14,ReachabilityDeadlock,00,TRUE,3,NUPN,CEX
191,BusinessProcesses,PT,15,ReachabilityDeadlock,00,TRUE,3,NUPN,CEX
192,BusinessProcesses,PT,16,ReachabilityDeadlock,00,TRUE,3,NUPN,CEX
193,BusinessProcesses,PT,17,ReachabilityDeadlock,00,TRUE,3,NUPN,CEX
194,BusinessProcesses,PT,18,ReachabilityDeadlock,00,TRUE,3,NUPN,CEX
195,BusinessProcesses,PT,19,ReachabilityDeadlock,00,TRUE,3,NUPN,CEX
196,BusinessProcesses,PT,20,ReachabilityDeadlock,00,TRUE,3,NUPN,CEX
197,CANConstruction,PT,005,ReachabilityDeadlock,00,TRUE,3,NONE,CEX
198,CANConstruction,PT,010,ReachabilityDeadlock,00,TRUE,3,NONE,CEX
199,CANConstruction,PT,020,ReachabilityDeadlock,00,TRUE,3,NONE,CEX
200,CANConstruction,PT,030,ReachabilityDeadlock,00,TRUE,3,NONE,CEX
201,CANConstruction,PT,040,ReachabilityDeadlock,00,TRUE,3,NONE,CEX
202,CANConstruction,PT,050,ReachabilityDeadlock,00,TRUE,3,NONE,CEX
203,CANConstruction,PT,060,ReachabilityDeadlock,00,TRUE,3,NONE,CEX
204,CANConstruction,PT,070,ReachabilityDeadlock,00,TRUE,3,NONE,CEX
205,CANConstruction,PT,080,ReachabilityDeadlock,00,TRUE,3,NONE,CEX
206,CANConstruction,PT,090,ReachabilityDeadlock,00,TRUE,3,NONE,CEX
207,CANConstruction,PT,100,ReachabilityDeadlock,00,TRUE,3,NONE,CEX
208,CANInsertWithFailure,PT,005,ReachabilityDeadlock,00,TRUE,3,NONE,CEX
209,CANInsertWithFailure,PT,010,ReachabilityDeadlock,00,TRUE,3,NONE,CEX
210,CANInsertWithFailure,PT,020,ReachabilityDeadlock,00,TRUE,3,NONE,CEX
211,CANInsertWithFailure,PT,030,ReachabilityDeadlock,00,TRUE,3,NONE,CEX
212,CANInsertWithFailure,PT,040,ReachabilityDeadlock,00,TRUE,3,NONE,CEX
213,CANInsertWithFailure,PT,050,ReachabilityDeadlock,00,TRUE,3,NONE,CEX
214,CANInsertWithFailure,PT,060,ReachabilityDeadlock,00,TRUE,3,NONE,CEX
215,CANInsertWithFailure,PT,070,ReachabilityDeadlock,00,TRUE,3,NONE,CEX
216,CANInsertWithFailure,PT,080,ReachabilityDeadlock,00,TRUE,3,NONE,CEX
217,CANInsertWithFailure,PT,090,ReachabilityDeadlock,00,TRUE,3,NONE,CEX
218,CANInsertWithFailure,PT,100,ReachabilityDeadlock,00,TRUE,3,NONE,CEX
219,Champagne,PT,H04T0R,ReachabilityDeadlock,00,TRUE,3,NONE,CEX
220,Champagne,PT,H04T1U,ReachabilityDeadlock,00,TRUE,3,NONE,CEX
221,Champagne,PT,H04T2O,ReachabilityDeadlock,00,TRUE,3,NONE,CEX
222,Champagne,PT,H05T0R,ReachabilityDeadlock,00,TRUE,3,NONE,CEX
223,Champagne,PT,H05T1U,ReachabilityDeadlock,00,TRUE,3,NONE,CEX
224,Champagne,PT,H05T2O,ReachabilityDeadlock,00,TRUE,3,NONE,CEX
225,Champagne,PT,H06T0R,ReachabilityDeadlock,00,TRUE,3,NONE,CEX
226,Champagne,PT,H06T1U,ReachabilityDeadlock,00,TRUE,3,NONE,CEX
227,Champagne,PT,H06T2O,ReachabilityDeadlock,00,TRUE,3,NONE,CEX
228,Champagne,PT,H07T0R,ReachabilityDeadlock,00,TRUE,3,NONE,CEX
229,Champagne,PT,H07T1U,ReachabilityDeadlock,00,TRUE,3,NONE,CEX
230,Champagne,PT,H07T2O,ReachabilityDeadlock,00,TRUE,3,NONE,CEX
231,Champagne,PT,H08T0R,ReachabilityDeadlock,00,TRUE,3,NONE,CEX
232,Champagne,PT,H08T1U,ReachabilityDeadlock,00,TRUE,3,NONE,CEX
233,Champagne,PT,H08T2O,ReachabilityDeadlock,00,TRUE,3,NONE,CEX
234,Champagne,PT,H09T0R,ReachabilityDeadlock,00,TRUE,3,NONE,CEX
235,Champagne,PT,H09T1U,ReachabilityDeadlock,00,TRUE,3,NONE,CEX
236,Champagne,PT,H09T2O,ReachabilityDeadlock,00,TRUE,3,NONE,CEX
237,Champagne,PT,H10T0R,ReachabilityDeadlock,00,TRUE,3,NONE,CEX
238,Champagne,PT,H10T1U,ReachabilityDeadlock,00,TRUE,3,NONE,CEX
239,Champagne,PT,H10T2O,ReachabilityDeadlock,00,TRUE,3,NONE,CEX
240,CircadianClock,PT,000001,ReachabilityDeadlock,00,FALSE,3,GEN,INV
241,CircadianClock,PT,000010,ReachabilityDeadlock,00,FALSE,3,NONE,INV
242,CircadianClock,PT,000100,ReachabilityDeadlock,00,FALSE,3,NONE,INV
243,CircadianClock,PT,001000,ReachabilityDeadlock,00,FALSE,3,NONE,INV
244,CircadianClock,PT,010000,ReachabilityDeadlock,00,FALSE,3,NONE,INV
245,CircadianClock,PT,100000,ReachabilityDeadlock,00,FALSE,3,NONE,INV
246,CircularTrains,PT,012,ReachabilityDeadlock,00,FALSE,3,NONE,INV
247,CircularTrains,PT,024,ReachabilityDeadlock,00,FALSE,3,NONE,INV
248,CircularTrains,PT,048,ReachabilityDeadlock,00,FALSE,3,NONE,INV
249,CircularTrains,PT,096,ReachabilityDeadlock,00,FALSE,3,NONE,INV
250,CircularTrains,PT,192,ReachabilityDeadlock,00,FALSE,3,NONE,INV
251,CircularTrains,PT,384,ReachabilityDeadlock,00,FALSE,3,NONE,INV
252,CircularTrains,PT,768,ReachabilityDeadlock,00,FALSE,3,NONE,INV
253,ClientsAndServers,PT,N0001P0,ReachabilityDeadlock,00,TRUE,3,NONE,CEX
254,ClientsAndServers,PT,N0002P0,ReachabilityDeadlock,00,TRUE,3,NONE,CEX
255,ClientsAndServers,PT,N0002P1,ReachabilityDeadlock,00,FALSE,3,NONE,INV
256,ClientsAndServers,PT,N0005P0,ReachabilityDeadlock,00,TRUE,3,NONE,CEX
257,ClientsAndServers,PT,N0005P1,ReachabilityDeadlock,00,TRUE,3,NONE,CEX
258,ClientsAndServers,PT,N0010P0,ReachabilityDeadlock,00,TRUE,3,NONE,CEX
259,ClientsAndServers,PT,N0010P1,ReachabilityDeadlock,00,TRUE,3,NONE,CEX
260,ClientsAndServers,PT,N0010P2,ReachabilityDeadlock,00,TRUE,3,NONE,CEX
261,ClientsAndServers,PT,N0020P0,ReachabilityDeadlock,00,TRUE,3,NONE,CEX
262,ClientsAndServers,PT,N0020P1,ReachabilityDeadlock,00,TRUE,3,NONE,CEX
263,ClientsAndServers,PT,N0020P2,ReachabilityDeadlock,00,TRUE,3,NONE,CEX
264,ClientsAndServers,PT,N0020P3,ReachabilityDeadlock,00,TRUE,3,NONE,CEX
265,ClientsAndServers,PT,N0020P4,ReachabilityDeadlock,00,TRUE,3,NONE,CEX
266,ClientsAndServers,PT,N0050P0,ReachabilityDeadlock,00,TRUE,3,NONE,CEX
267,ClientsAndServers,PT,N0100P0,ReachabilityDeadlock,00,TRUE,3,NONE,CEX
268,ClientsAndServers,PT,N0200P0,ReachabilityDeadlock,00,TRUE,3,NONE,CEX
269,ClientsAndServers,PT,N0500P0,ReachabilityDeadlock,00,TRUE,3,NONE,CEX
270,ClientsAndServers,PT,N1000P0,ReachabilityDeadlock,00,TRUE,3,NONE,CEX
271,ClientsAndServers,PT,N2000P0,ReachabilityDeadlock,00,TRUE,3,NONE,CEX
272,ClientsAndServers,PT,N5000P0,ReachabilityDeadlock,00,TRUE,3,NONE,CEX
273,CloudDeployment,PT,2a,ReachabilityDeadlock,00,TRUE,3,NUPN,CEX
274,CloudDeployment,PT,2b,ReachabilityDeadlock,00,TRUE,3,NUPN,CEX
275,CloudDeployment,PT,3a,ReachabilityDeadlock,00,TRUE,3,NUPN,CEX
276,CloudDeployment,PT,3b,ReachabilityDeadlock,00,TRUE,3,NUPN,CEX
277,CloudDeployment,PT,4a,ReachabilityDeadlock,00,TRUE,3,NUPN,CEX
278,CloudDeployment,PT,4b,ReachabilityDeadlock,00,TRUE,3,NUPN,CEX
279,CloudDeployment,PT,5a,ReachabilityDeadlock,00,TRUE,3,NUPN,CEX
280,CloudDeployment,PT,5b,ReachabilityDeadlock,00,TRUE,3,NUPN,CEX
281,CloudDeployment,PT,6a,ReachabilityDeadlock,00,TRUE,3,NUPN,CEX
282,CloudDeployment,PT,6b,ReachabilityDeadlock,00,TRUE,3,NUPN,CEX
283,CloudDeployment,PT,7a,ReachabilityDeadlock,00,TRUE,3,NUPN,CEX
284,CloudDeployment,PT,7b,ReachabilityDeadlock,00,TRUE,3,NUPN,CEX
285,CloudOpsManagement,PT,00002by00001,ReachabilityDeadlock,00,FALSE,3,NONE,INV
286,CloudOpsManagement,PT,00005by00002,ReachabilityDeadlock,00,FALSE,3,NONE,INV
287,CloudOpsManagement,PT,00010by00005,ReachabilityDeadlock,00,FALSE,3,NONE,INV
288,CloudOpsManagement,PT,00020by00010,ReachabilityDeadlock,00,FALSE,2,NONE,INV
289,CloudOpsManagement,PT,00040by00020,ReachabilityDeadlock,00,FALSE,2,NONE,INV
290,CloudOpsManagement,PT,00080by00040,ReachabilityDeadlock,00,FALSE,2,NONE,INV
291,CloudOpsManagement,PT,00160by00080,ReachabilityDeadlock,00,FALSE,2,NONE,INV
292,CloudOpsManagement,PT,00320by00160,ReachabilityDeadlock,00,FALSE,2,NONE,INV
293,CloudOpsManagement,PT,00640by00320,ReachabilityDeadlock,00,FALSE,2,NONE,INV
294,CloudOpsManagement,PT,01280by00640,ReachabilityDeadlock,00,FALSE,2,NONE,INV
295,CloudOpsManagement,PT,02560by01280,ReachabilityDeadlock,00,FALSE,2,NONE,INV
296,CloudOpsManagement,PT,05120by02560,ReachabilityDeadlock,00,FALSE,2,NONE,INV
297,CloudOpsManagement,PT,10240by05120,ReachabilityDeadlock,00,FALSE,2,NONE,INV
298,CloudOpsManagement,PT,20480by10240,ReachabilityDeadlock,00,FALSE,2,NONE,INV
299,CloudReconfiguration,PT,301,ReachabilityDeadlock,00,TRUE,3,NUPN,CEX
300,CloudReconfiguration,PT,302,ReachabilityDeadlock,00,TRUE,3,NUPN,CEX
301,CloudReconfiguration,PT,303,ReachabilityDeadlock,00,TRUE,3,NUPN,CEX
302,CloudReconfiguration,PT,304,ReachabilityDeadlock,00,TRUE,3,NUPN,CEX
303,CloudReconfiguration,PT,305,ReachabilityDeadlock,00,TRUE,3,NUPN,CEX
304,CloudReconfiguration,PT,306,ReachabilityDeadlock,00,TRUE,3,NUPN,CEX
305,CloudReconfiguration,PT,307,ReachabilityDeadlock,00,TRUE,3,NUPN,CEX
306,CloudReconfiguration,PT,308,ReachabilityDeadlock,00,TRUE,3,NUPN,CEX
307,CloudReconfiguration,PT,309,ReachabilityDeadlock,00,TRUE,3,NUPN,CEX
308,CloudReconfiguration,PT,310,ReachabilityDeadlock,00,TRUE,3,NUPN,CEX
309,CloudReconfiguration,PT,311,ReachabilityDeadlock,00,TRUE,3,NUPN,CEX
310,CloudReconfiguration,PT,312,ReachabilityDeadlock,00,TRUE,3,NUPN,CEX
311,CloudReconfiguration,PT,313,ReachabilityDeadlock,00,TRUE,3,NUPN,CEX
312,CloudReconfiguration,PT,314,ReachabilityDeadlock,00,TRUE,3,NUPN,CEX
313,CloudReconfiguration,PT,316,ReachabilityDeadlock,00,TRUE,3,NUPN,CEX
314,CloudReconfiguration,PT,317,ReachabilityDeadlock,00,TRUE,3,NUPN,CEX
315,CloudReconfiguration,PT,318,ReachabilityDeadlock,00,TRUE,3,NUPN,CEX
316,CloudReconfiguration,PT,319,ReachabilityDeadlock,00,TRUE,3,NUPN,CEX
317,CloudReconfiguration,PT,320,ReachabilityDeadlock,00,TRUE,3,NUPN,CEX
318,CloudReconfiguration,PT,401,ReachabilityDeadlock,00,TRUE,3,NUPN,CEX
319,CloudReconfiguration,PT,402,ReachabilityDeadlock,00,TRUE,3,NUPN,CEX
320,CO4,PT,01,ReachabilityDeadlock,00,TRUE,3,NONE,CEX
321,CO4,PT,02,ReachabilityDeadlock,00,FALSE,3,NONE,INV
322,CO4,PT,03,ReachabilityDeadlock,00,TRUE,3,NONE,CEX
323,CO4,PT,04,ReachabilityDeadlock,00,FALSE,3,NONE,INV
324,CO4,PT,05,ReachabilityDeadlock,00,TRUE,3,NONE,CEX
325,CO4,PT,06,ReachabilityDeadlock,00,TRUE,3,NONE,CEX
326,CO4,PT,07,ReachabilityDeadlock,00,TRUE,3,NONE,CEX
327,CO4,PT,08,ReachabilityDeadlock,00,TRUE,3,NONE,CEX
328,CO4,PT,09,ReachabilityDeadlock,00,TRUE,3,NONE,CEX
329,CO4,PT,10,ReachabilityDeadlock,00,TRUE,3,NONE,CEX
330,CO4,PT,11,ReachabilityDeadlock,00,TRUE,3,NONE,CEX
331,CO4,PT,12,ReachabilityDeadlock,00,TRUE,3,NONE,CEX
332,CO4,PT,13,ReachabilityDeadlock,00,TRUE,3,NONE,CEX
333,CO4,PT,14,ReachabilityDeadlock,00,TRUE,3,NONE,CEX
334,CO4,PT,15,ReachabilityDeadlock,00,TRUE,3,NONE,CEX
335,CO4,PT,16,ReachabilityDeadlock,00,TRUE,3,NONE,CEX
336,CO4,PT,17,ReachabilityDeadlock,00,TRUE,3,NONE,CEX
337,CO4,PT,18,ReachabilityDeadlock,00,TRUE,3,NONE,CEX
338,CO4,PT,19,ReachabilityDeadlock,00,TRUE,3,NONE,CEX
339,CO4,PT,20,ReachabilityDeadlock,00,TRUE,3,NONE,CEX
340,CO4,PT,21,ReachabilityDeadlock,00,TRUE,3,NONE,CEX
341,CopsAndRobbers,PT,CRL005X001,ReachabilityDeadlock,00,TRUE,3,NONE,CEX
342,CopsAndRobbers,PT,CRL015X005,ReachabilityDeadlock,00,TRUE,3,NONE,CEX
343,CopsAndRobbers,PT,CRL023X004,ReachabilityDeadlock,00,TRUE,3,NONE,CEX
344,CopsAndRobbers,PT,CRL025X003,ReachabilityDeadlock,00,TRUE,3,NONE,CEX
345,CopsAndRobbers,PT,HRL014X002,ReachabilityDeadlock,00,TRUE,3,NONE,CEX
346,CopsAndRobbers,PT,HRL017X005,ReachabilityDeadlock,00,TRUE,3,NONE,CEX
347,CopsAndRobbers,PT,HRL020X006,ReachabilityDeadlock,00,TRUE,3,NONE,CEX
348,CopsAndRobbers,PT,HRL023X006,ReachabilityDeadlock,00,TRUE,3,NONE,CEX
349,CopsAndRobbers,PT,KFL010N005K002X001,ReachabilityDeadlock,00,TRUE,3,NONE,CEX
350,CopsAndRobbers,PT,KFL028N008K002X005,ReachabilityDeadlock,00,TRUE,3,NONE,CEX
351,CopsAndRobbers,PT,KFL036N009K002X003,ReachabilityDeadlock,00,TRUE,3,NONE,CEX
352,CopsAndRobbers,PT,KFL084N009K003X002,ReachabilityDeadlock,00,TRUE,3,NONE,CEX
353,CryptoMiner,COL,D03N000,ReachabilityDeadlock,00,TRUE,3,NONE,CEX
354,CryptoMiner,COL,D03N010,ReachabilityDeadlock,00,TRUE,3,NONE,CEX
355,CryptoMiner,COL,D03N100,ReachabilityDeadlock,00,TRUE,3,NONE,CEX
356,CryptoMiner,COL,D05N000,ReachabilityDeadlock,00,TRUE,3,NONE,CEX
357,CryptoMiner,COL,D05N100,ReachabilityDeadlock,00,TRUE,3,NONE,CEX
358,CryptoMiner,COL,D05N250,ReachabilityDeadlock,00,TRUE,3,NONE,CEX
359,CryptoMiner,COL,D10N000,ReachabilityDeadlock,00,TRUE,3,NONE,CEX
360,CryptoMiner,COL,D10N100,ReachabilityDeadlock,00,TRUE,3,NONE,CEX
361,CryptoMiner,COL,D20N100,ReachabilityDeadlock,00,TRUE,3,NONE,CEX
362,CryptoMiner,PT,D03N000,ReachabilityDeadlock,00,TRUE,3,NONE,CEX
363,CryptoMiner,PT,D03N010,ReachabilityDeadlock,00,TRUE,3,NONE,CEX
364,CryptoMiner,PT,D03N100,ReachabilityDeadlock,00,TRUE,3,NONE,CEX
365,CryptoMiner,PT,D05N000,ReachabilityDeadlock,00,TRUE,3,NONE,CEX
366,CryptoMiner,PT,D05N100,ReachabilityDeadlock,00,TRUE,3,NONE,CEX
367,CryptoMiner,PT,D05N250,ReachabilityDeadlock,00,TRUE,3,NONE,CEX
368,CryptoMiner,PT,D10N000,ReachabilityDeadlock,00,TRUE,3,NONE,CEX
369,CryptoMiner,PT,D10N100,ReachabilityDeadlock,00,TRUE,3,NONE,CEX
370,CryptoMiner,PT,D20N100,ReachabilityDeadlock,00,TRUE,3,NONE,CEX
371,CSRepetitions,COL,02,ReachabilityDeadlock,00,TRUE,3,NONE,CEX
372,CSRepetitions,COL,03,ReachabilityDeadlock,00,TRUE,3,NONE,CEX
373,CSRepetitions,COL,04,ReachabilityDeadlock,00,TRUE,3,NONE,CEX
374,CSRepetitions,COL,05,ReachabilityDeadlock,00,TRUE,3,NONE,CEX
375,CSRepetitions,COL,07,ReachabilityDeadlock,00,TRUE,3,NONE,CEX
376,CSRepetitions,COL,10,ReachabilityDeadlock,00,TRUE,3,NONE,CEX
377,CSRepetitions,PT,02,ReachabilityDeadlock,00,TRUE,3,NONE,CEX
378,CSRepetitions,PT,03,ReachabilityDeadlock,00,TRUE,3,NONE,CEX
379,CSRepetitions,PT,04,ReachabilityDeadlock,00,TRUE,3,NONE,CEX
380,CSRepetitions,PT,05,ReachabilityDeadlock,00,TRUE,3,NONE,CEX
381,CSRepetitions,PT,07,ReachabilityDeadlock,00,TRUE,3,NONE,CEX
382,CSRepetitions,PT,10,ReachabilityDeadlock,00,TRUE,3,NONE,CEX
383,DatabaseWithMutex,COL,02,ReachabilityDeadlock,00,FALSE,3,NONE,INV
384,DatabaseWithMutex,COL,04,ReachabilityDeadlock,00,FALSE,3,NONE,INV
385,DatabaseWithMutex,COL,10,ReachabilityDeadlock,00,FALSE,2,NONE,INV
386,DatabaseWithMutex,COL,20,ReachabilityDeadlock,00,FALSE,2,NONE,INV
387,DatabaseWithMutex,PT,02,ReachabilityDeadlock,00,FALSE,3,GEN,INV
388,DatabaseWithMutex,PT,04,ReachabilityDeadlock,00,FALSE,3,GEN,INV
389,DatabaseWithMutex,PT,10,ReachabilityDeadlock,00,FALSE,2,GEN,INV
390,DBSingleClientW,PT,d0m04,ReachabilityDeadlock,00,TRUE,3,NONE,CEX
391,DBSingleClientW,PT,d0m05,ReachabilityDeadlock,00,TRUE,3,NONE,CEX
392,DBSingleClientW,PT,d0m06,ReachabilityDeadlock,00,TRUE,3,NONE,CEX
393,DBSingleClientW,PT,d0m07,ReachabilityDeadlock,00,TRUE,3,NONE,CEX
394,DBSingleClientW,PT,d0m08,ReachabilityDeadlock,00,TRUE,3,NONE,CEX
395,DBSingleClientW,PT,d0m09,ReachabilityDeadlock,00,TRUE,3,NONE,CEX
396,DBSingleClientW,PT,d0m10,ReachabilityDeadlock,00,TRUE,3,NONE,CEX
397,DBSingleClientW,PT,d1m04,ReachabilityDeadlock,00,TRUE,3,NONE,CEX
398,DBSingleClientW,PT,d1m05,ReachabilityDeadlock,00,TRUE,3,NONE,CEX
399,DBSingleClientW,PT,d1m06,ReachabilityDeadlock,00,TRUE,3,NONE,CEX
400,DBSingleClientW,PT,d1m07,ReachabilityDeadlock,00,TRUE,3,NONE,CEX
401,DBSingleClientW,PT,d1m08,ReachabilityDeadlock,00,TRUE,3,NONE,CEX
402,DBSingleClientW,PT,d1m09,ReachabilityDeadlock,00,TRUE,3,NONE,CEX
403,DBSingleClientW,PT,d1m10,ReachabilityDeadlock,00,TRUE,3,NONE,CEX
404,DBSingleClientW,PT,d2m04,ReachabilityDeadlock,00,TRUE,3,NONE,CEX
405,DBSingleClientW,PT,d2m05,ReachabilityDeadlock,00,TRUE,3,NONE,CEX
406,DBSingleClientW,PT,d2m06,ReachabilityDeadlock,00,TRUE,3,NONE,CEX
407,DBSingleClientW,PT,d2m07,ReachabilityDeadlock,00,TRUE,3,NONE,CEX
408,DBSingleClientW,PT,d2m08,ReachabilityDeadlock,00,TRUE,3,NONE,CEX
409,DBSingleClientW,PT,d2m09,ReachabilityDeadlock,00,TRUE,3,NONE,CEX
410,DBSingleClientW,PT,d2m10,ReachabilityDeadlock,00,TRUE,3,NONE,CEX
411,Dekker,PT,010,ReachabilityDeadlock,00,FALSE,3,GEN,INV
412,Dekker,PT,015,ReachabilityDeadlock,00,FALSE,3,GEN,INV
413,Dekker,PT,020,ReachabilityDeadlock,00,FALSE,2,GEN,INV
414,Dekker,PT,050,ReachabilityDeadlock,00,FALSE,2,GEN,INV
415,Dekker,PT,100,ReachabilityDeadlock,00,FALSE,2,GEN,INV
416,Dekker,PT,200,ReachabilityDeadlock,00,FALSE,2,GEN,INV
417,DES,PT,00a,ReachabilityDeadlock,00,TRUE,3,NUPN,CEX
418,DES,PT,00b,ReachabilityDeadlock,00,TRUE,3,NUPN,CEX
419,DES,PT,01a,ReachabilityDeadlock,00,TRUE,3,NUPN,CEX
420,DES,PT,01b,ReachabilityDeadlock,00,TRUE,3,NUPN,CEX
421,DES,PT,02a,ReachabilityDeadlock,00,TRUE,3,NUPN,CEX
422,DES,PT,02b,ReachabilityDeadlock,00,TRUE,3,NUPN,CEX
423,DES,PT,05a,ReachabilityDeadlock,00,TRUE,3,NUPN,CEX
424,DES,PT,05b,ReachabilityDeadlock,00,TRUE,3,NUPN,CEX
425,DES,PT,10a,ReachabilityDeadlock,00,TRUE,3,NUPN,CEX
426,DES,PT,10b,ReachabilityDeadlock,00,TRUE,3,NUPN,CEX
427,DES,PT,20a,ReachabilityDeadlock,00,TRUE,3,NUPN,CEX
428,DES,PT,20b,ReachabilityDeadlock,00,TRUE,3,NUPN,CEX
429,DES,PT,30a,ReachabilityDeadlock,00,TRUE,3,NUPN,CEX
430,DES,PT,30b,ReachabilityDeadlock,00,TRUE,3,NUPN,CEX
431,DES,PT,40a,ReachabilityDeadlock,00,TRUE,3,NUPN,CEX
432,DES,PT,40b,ReachabilityDeadlock,00,TRUE,3,NUPN,CEX
433,DES,PT,50a,ReachabilityDeadlock,00,TRUE,3,NUPN,CEX
434,DES,PT,50b,ReachabilityDeadlock,00,TRUE,3,NUPN,CEX
435,DES,PT,60a,ReachabilityDeadlock,00,TRUE,3,NUPN,CEX
436,DES,PT,60b,ReachabilityDeadlock,00,TRUE,3,NUPN,CEX
437,Diffusion2D,PT,D05N010,ReachabilityDeadlock,00,FALSE,3,NONE,INV
438,Diffusion2D,PT,D05N050,ReachabilityDeadlock,00,FALSE,3,NONE,INV
439,Diffusion2D,PT,D05N100,ReachabilityDeadlock,00,FALSE,3,NONE,INV
440,Diffusion2D,PT,D05N150,ReachabilityDeadlock,00,FALSE,3,NONE,INV
441,Diffusion2D,PT,D05N200,ReachabilityDeadlock,00,FALSE,3,NONE,INV
442,Diffusion2D,PT,D05N250,ReachabilityDeadlock,00,FALSE,3,NONE,INV
443,Diffusion2D,PT,D05N300,ReachabilityDeadlock,00,FALSE,3,NONE,INV
444,Diffusion2D,PT,D05N350,ReachabilityDeadlock,00,FALSE,3,NONE,INV
445,Diffusion2D,PT,D10N010,ReachabilityDeadlock,00,FALSE,3,NONE,INV
446,Diffusion2D,PT,D10N050,ReachabilityDeadlock,00,FALSE,3,NONE,INV
447,Diffusion2D,PT,D10N100,ReachabilityDeadlock,00,FALSE,3,NONE,INV
448,Diffusion2D,PT,D10N150,ReachabilityDeadlock,00,FALSE,3,NONE,INV
449,Diffusion2D,PT,D10N200,ReachabilityDeadlock,00,FALSE,3,NONE,INV
450,Diffusion2D,PT,D20N010,ReachabilityDeadlock,00,FALSE,3,NONE,INV
451,Diffusion2D,PT,D20N050,ReachabilityDeadlock,00,FALSE,3,NONE,INV
452,Diffusion2D,PT,D20N100,ReachabilityDeadlock,00,FALSE,3,NONE,INV
453,Diffusion2D,PT,D20N150,ReachabilityDeadlock,00,FALSE,3,NONE,INV
454,Diffusion2D,PT,D30N010,ReachabilityDeadlock,00,FALSE,3,NONE,INV
455,Diffusion2D,PT,D30N050,ReachabilityDeadlock,00,FALSE,3,NONE,INV
456,Diffusion2D,PT,D30N100,ReachabilityDeadlock,00,FALSE,3,NONE,INV
457,Diffusion2D,PT,D30N150,ReachabilityDeadlock,00,FALSE,3,NONE,INV
458,Diffusion2D,PT,D40N010,ReachabilityDeadlock,00,FALSE,3,NONE,INV
459,Diffusion2D,PT,D40N050,ReachabilityDeadlock,00,FALSE,3,NONE,INV
460,Diffusion2D,PT,D40N100,ReachabilityDeadlock,00,FALSE,3,NONE,INV
461,Diffusion2D,PT,D40N150,ReachabilityDeadlock,00,FALSE,3,NONE,INV
462,Diffusion2D,PT,D50N010,ReachabilityDeadlock,00,FALSE,3,NONE,INV
463,Diffusion2D,PT,D50N050,ReachabilityDeadlock,00,FALSE,3,NONE,INV
464,Diffusion2D,PT,D50N100,ReachabilityDeadlock,00,FALSE,3,NONE,INV
465,Diffusion2D,PT,D50N150,ReachabilityDeadlock,00,FALSE,3,NONE,INV
466,DiscoveryGPU,PT,06a,ReachabilityDeadlock,00,TRUE,3,NUPN,CEX
467,DiscoveryGPU,PT,06b,ReachabilityDeadlock,00,TRUE,3,NUPN,CEX
468,DiscoveryGPU,PT,07a,ReachabilityDeadlock,00,TRUE,3,NUPN,CEX
469,DiscoveryGPU,PT,07b,ReachabilityDeadlock,00,TRUE,3,NUPN,CEX
470,DiscoveryGPU,PT,08a,ReachabilityDeadlock,00,TRUE,3,NUPN,CEX
471,DiscoveryGPU,PT,08b,ReachabilityDeadlock,00,TRUE,3,NUPN,CEX
472,DiscoveryGPU,PT,09a,ReachabilityDeadlock,00,TRUE,3,NUPN,CEX
473,DiscoveryGPU,PT,09b,ReachabilityDeadlock,00,TRUE,3,NUPN,CEX
474,DiscoveryGPU,PT,10a,ReachabilityDeadlock,00,TRUE,3,NUPN,CEX
475,DiscoveryGPU,PT,10b,ReachabilityDeadlock,00,TRUE,3,NUPN,CEX
476,DiscoveryGPU,PT,11a,ReachabilityDeadlock,00,TRUE,3,NUPN,CEX
477,DiscoveryGPU,PT,11b,ReachabilityDeadlock,00,TRUE,3,NUPN,CEX
478,DiscoveryGPU,PT,12a,ReachabilityDeadlock,00,TRUE,3,NUPN,CEX
479,DiscoveryGPU,PT,12b,ReachabilityDeadlock,00,TRUE,3,NUPN,CEX
480,DiscoveryGPU,PT,13a,ReachabilityDeadlock,00,TRUE,3,NUPN,CEX
481,DiscoveryGPU,PT,13b,ReachabilityDeadlock,00,TRUE,3,NUPN,CEX
482,DiscoveryGPU,PT,14a,ReachabilityDeadlock,00,TRUE,3,NUPN,CEX
483,DiscoveryGPU,PT,14b,ReachabilityDeadlock,00,TRUE,3,NUPN,CEX
484,DiscoveryGPU,PT,15a,ReachabilityDeadlock,00,TRUE,3,NUPN,CEX
485,DiscoveryGPU,PT,15b,ReachabilityDeadlock,00,TRUE,3,NUPN,CEX
486,DLCflexbar,PT,2a,ReachabilityDeadlock,00,FALSE,3,NUPN,INV
487,DLCflexbar,PT,2b,ReachabilityDeadlock,00,TRUE,3,NUPN,CEX
488,DLCflexbar,PT,3a,ReachabilityDeadlock,00,FALSE,3,NUPN,INV
489,DLCflexbar,PT,3b,ReachabilityDeadlock,00,TRUE,3,NUPN,CEX
490,DLCflexbar,PT,4a,ReachabilityDeadlock,00,FALSE,3,NUPN,INV
491,DLCflexbar,PT,4b,ReachabilityDeadlock,00,TRUE,3,NUPN,CEX
492,DLCflexbar,PT,5a,ReachabilityDeadlock,00,FALSE,3,NUPN,INV
493,DLCflexbar,PT,5b,ReachabilityDeadlock,00,TRUE,3,NUPN,CEX
494,DLCflexbar,PT,6a,ReachabilityDeadlock,00,FALSE,3,NUPN,INV
495,DLCflexbar,PT,6b,ReachabilityDeadlock,00,TRUE,2,NUPN,CEX
496,DLCflexbar,PT,7a,ReachabilityDeadlock,00,FALSE,3,NUPN,INV
497,DLCflexbar,PT,7b,ReachabilityDeadlock,00,TRUE,2,NUPN,CEX
498,DLCflexbar,PT,8a,ReachabilityDeadlock,00,FALSE,3,NUPN,INV
499,DLCround,PT,03a,ReachabilityDeadlock,00,FALSE,3,NUPN,INV
500,DLCround,PT,03b,ReachabilityDeadlock,00,TRUE,3,NUPN,CEX
501,DLCround,PT,04a,ReachabilityDeadlock,00,FALSE,3,NUPN,INV
502,DLCround,PT,04b,ReachabilityDeadlock,00,TRUE,3,NUPN,CEX
503,DLCround,PT,05a,ReachabilityDeadlock,00,FALSE,3,NUPN,INV
504,DLCround,PT,05b,ReachabilityDeadlock,00,TRUE,3,NUPN,CEX
505,DLCround,PT,06a,ReachabilityDeadlock,00,FALSE,3,NUPN,INV
506,DLCround,PT,06b,ReachabilityDeadlock,00,TRUE,3,NUPN,CEX
507,DLCround,PT,07a,ReachabilityDeadlock,00,FALSE,3,NUPN,INV
508,DLCround,PT,07b,ReachabilityDeadlock,00,TRUE,2,NUPN,CEX
509,DLCround,PT,08a,ReachabilityDeadlock,00,FALSE,3,NUPN,INV
510,DLCround,PT,08b,ReachabilityDeadlock,00,TRUE,2,NUPN,CEX
511,DLCround,PT,09a,ReachabilityDeadlock,00,FALSE,3,NUPN,INV
512,DLCround,PT,09b,ReachabilityDeadlock,00,TRUE,2,NUPN,CEX
513,DLCround,PT,10a,ReachabilityDeadlock,00,FALSE,3,NUPN,INV
514,DLCround,PT,10b,ReachabilityDeadlock,00,TRUE,2,NUPN,CEX
515,DLCround,PT,11a,ReachabilityDeadlock,00,FALSE,3,NUPN,INV
516,DLCround,PT,11b,ReachabilityDeadlock,00,TRUE,2,NUPN,CEX
517,DLCround,PT,12a,ReachabilityDeadlock,00,FALSE,3,NUPN,INV
518,DLCround,PT,12b,ReachabilityDeadlock,00,TRUE,2,NUPN,CEX
519,DLCround,PT,13a,ReachabilityDeadlock,00,FALSE,3,NUPN,INV
520,DLCround,PT,13b,ReachabilityDeadlock,00,TRUE,2,NUPN,CEX
521,DLCshifumi,PT,2a,ReachabilityDeadlock,00,FALSE,3,NUPN,INV
522,DLCshifumi,PT,2b,ReachabilityDeadlock,00,TRUE,3,NUPN,CEX
523,DLCshifumi,PT,3a,ReachabilityDeadlock,00,FALSE,3,NUPN,INV
524,DLCshifumi,PT,3b,ReachabilityDeadlock,00,TRUE,3,NUPN,CEX
525,DLCshifumi,PT,4a,ReachabilityDeadlock,00,FALSE,3,NUPN,INV
526,DLCshifumi,PT,4b,ReachabilityDeadlock,00,TRUE,3,NUPN,CEX
527,DLCshifumi,PT,5a,ReachabilityDeadlock,00,FALSE,3,NUPN,INV
528,DLCshifumi,PT,5b,ReachabilityDeadlock,00,TRUE,3,NUPN,CEX
529,DLCshifumi,PT,6a,ReachabilityDeadlock,00,FALSE,3,NUPN,INV
530,DNAwalker,PT,01track12Block1,ReachabilityDeadlock,00,TRUE,3,NONE,CEX
531,DNAwalker,PT,02track12Block2,ReachabilityDeadlock,00,TRUE,3,NONE,CEX
532,DNAwalker,PT,03track12BlockBoth,ReachabilityDeadlock,00,TRUE,3,NONE,CEX
533,DNAwalker,PT,04track28LL,ReachabilityDeadlock,00,TRUE,3,NONE,CEX
534,DNAwalker,PT,05track28LR,ReachabilityDeadlock,00,TRUE,3,NONE,CEX
535,DNAwalker,PT,08ringLL,ReachabilityDeadlock,00,FALSE,3,NONE,INV
536,DNAwalker,PT,09ringLR,ReachabilityDeadlock,00,FALSE,3,NONE,INV
537,DNAwalker,PT,12ringLLLarge,ReachabilityDeadlock,00,FALSE,2,NONE,INV
538,DNAwalker,PT,14ringLRLarge,ReachabilityDeadlock,00,FALSE,2,NONE,INV
539,DNAwalker,PT,16redondantChoiceR,ReachabilityDeadlock,00,TRUE,3,NONE,CEX
540,DNAwalker,PT,18lozangeBlock,ReachabilityDeadlock,00,TRUE,3,NONE,CEX
541,DoubleExponent,PT,001,ReachabilityDeadlock,00,TRUE,3,NONE,CEX
542,DoubleExponent,PT,002,ReachabilityDeadlock,00,TRUE,3,NONE,CEX
543,DoubleExponent,PT,003,ReachabilityDeadlock,00,TRUE,3,NONE,CEX
544,DoubleExponent,PT,004,ReachabilityDeadlock,00,TRUE,3,NONE,CEX
545,DoubleExponent,PT,010,ReachabilityDeadlock,00,TRUE,3,NONE,CEX
546,DoubleExponent,PT,020,ReachabilityDeadlock,00,TRUE,3,NONE,CEX
547,DoubleExponent,PT,100,ReachabilityDeadlock,00,TRUE,3,NONE,CEX
548,DoubleExponent,PT,200,ReachabilityDeadlock,00,TRUE,3,NONE,CEX
549,DoubleLock,PT,p1s1,ReachabilityDeadlock,00,TRUE,3,NONE,CEX
550,DoubleLock,PT,p1s2,ReachabilityDeadlock,00,TRUE,3,NONE,CEX
551,DoubleLock,PT,p1s3,ReachabilityDeadlock,00,TRUE,3,NONE,CEX
552,DoubleLock,PT,p2s1,ReachabilityDeadlock,00,TRUE,3,NONE,CEX
553,DoubleLock,PT,p2s2,ReachabilityDeadlock,00,TRUE,3,NONE,CEX
554,DoubleLock,PT,p3s1,ReachabilityDeadlock,00,TRUE,3,NONE,CEX
555,DoubleLock,PT,p3s2,ReachabilityDeadlock,00,TRUE,3,NONE,CEX
556,DoubleLock,PT,p3s3,ReachabilityDeadlock,00,TRUE,3,NONE,CEX
557,DrinkVendingMachine,COL,02,ReachabilityDeadlock,00,FALSE,3,NONE,INV
558,DrinkVendingMachine,COL,10,ReachabilityDeadlock,00,FALSE,3,NONE,INV
559,DrinkVendingMachine,COL,16,ReachabilityDeadlock,00,FALSE,2,NONE,INV
560,DrinkVendingMachine,COL,24,ReachabilityDeadlock,00,FALSE,2,NONE,INV
561,DrinkVendingMachine,COL,48,ReachabilityDeadlock,00,FALSE,2,NONE,INV
562,DrinkVendingMachine,COL,76,ReachabilityDeadlock,00,FALSE,2,NONE,INV
563,DrinkVendingMachine,COL,98,ReachabilityDeadlock,00,FALSE,2,NONE,INV
564,DrinkVendingMachine,PT,02,ReachabilityDeadlock,00,FALSE,3,NONE,INV
565,DrinkVendingMachine,PT,10,ReachabilityDeadlock,00,FALSE,3,NONE,INV
566,Echo,PT,d02r09,ReachabilityDeadlock,00,TRUE,3,GEN,CEX
567,Echo,PT,d02r11,ReachabilityDeadlock,00,TRUE,3,GEN,CEX
568,Echo,PT,d02r15,ReachabilityDeadlock,00,TRUE,3,GEN,CEX
569,Echo,PT,d02r19,ReachabilityDeadlock,00,TRUE,3,GEN,CEX
570,Echo,PT,d03r03,ReachabilityDeadlock,00,TRUE,3,GEN,CEX
571,Echo,PT,d03r05,ReachabilityDeadlock,00,TRUE,3,GEN,CEX
572,Echo,PT,d03r07,ReachabilityDeadlock,00,TRUE,3,GEN,CEX
573,Echo,PT,d04r03,ReachabilityDeadlock,00,TRUE,3,GEN,CEX
574,Echo,PT,d05r03,ReachabilityDeadlock,00,TRUE,3,GEN,CEX
575,EGFr,PT,02010,ReachabilityDeadlock,00,TRUE,3,GEN,CEX
576,EGFr,PT,10420,ReachabilityDeadlock,00,FALSE,2,GEN,INV
577,EGFr,PT,10421,ReachabilityDeadlock,00,FALSE,2,NONE,INV
578,EisenbergMcGuire,PT,03,ReachabilityDeadlock,00,FALSE,3,NUPN,INV
579,EisenbergMcGuire,PT,04,ReachabilityDeadlock,00,FALSE,3,NUPN,INV
580,EisenbergMcGuire,PT,05,ReachabilityDeadlock,00,FALSE,3,NUPN,INV
581,EisenbergMcGuire,PT,06,ReachabilityDeadlock,00,FALSE,2,NUPN,INV
582,EisenbergMcGuire,PT,07,ReachabilityDeadlock,00,FALSE,2,NUPN,INV
583,EisenbergMcGuire,PT,08,ReachabilityDeadlock,00,FALSE,2,NUPN,INV
584,EisenbergMcGuire,PT,09,ReachabilityDeadlock,00,FALSE,2,NUPN,INV
585,EisenbergMcGuire,PT,10,ReachabilityDeadlock,00,FALSE,2,NUPN,INV
586,Election2020,PT,none,ReachabilityDeadlock,00,TRUE,3,NONE,CEX
587,EnergyBus,PT,none,ReachabilityDeadlock,00,FALSE,3,NUPN,INV
588,Eratosthenes,PT,010,ReachabilityDeadlock,00,TRUE,3,NONE,CEX
589,Eratosthenes,PT,020,ReachabilityDeadlock,00,TRUE,3,NONE,CEX
590,Eratosthenes,PT,050,ReachabilityDeadlock,00,TRUE,3,NONE,CEX
591,Eratosthenes,PT,100,ReachabilityDeadlock,00,TRUE,3,NONE,CEX
592,Eratosthenes,PT,200,ReachabilityDeadlock,00,TRUE,3,NONE,CEX
593,Eratosthenes,PT,500,ReachabilityDeadlock,00,TRUE,3,NONE,CEX
594,ERK,PT,000001,ReachabilityDeadlock,00,FALSE,3,GEN,INV
595,ERK,PT,000010,ReachabilityDeadlock,00,FALSE,3,NONE,INV
596,ERK,PT,000100,ReachabilityDeadlock,00,FALSE,3,NONE,INV
597,ERK,PT,001000,ReachabilityDeadlock,00,FALSE,3,NONE,INV
598,ERK,PT,010000,ReachabilityDeadlock,00,FALSE,3,NONE,INV
599,ERK,PT,100000,ReachabilityDeadlock,00,FALSE,3,NONE,INV
600,ErlangenMainframeV0,PT,0404,ReachabilityDeadlock,00,FALSE,3,NONE,INV
601,ErlangenMainframeV0,PT,0505,ReachabilityDeadlock,00,FALSE,3,NONE,INV
602,ErlangenMainframeV0,PT,0606,ReachabilityDeadlock,00,FALSE,3,NONE,INV
603,ErlangenMainframeV0,PT,0707,ReachabilityDeadlock,00,FALSE,3,NONE,INV
604,ErlangenMainframeV0,PT,0808,ReachabilityDeadlock,00,FALSE,2,NONE,INV
605,ErlangenMainframeV0,PT,0909,ReachabilityDeadlock,00,FALSE,2,NONE,INV
606,ErlangenMainframeV0,PT,1005,ReachabilityDeadlock,00,FALSE,2,NONE,INV
607,ErlangenMainframeV0,PT,1006,ReachabilityDeadlock,00,FALSE,2,NONE,INV
608,ErlangenMainframeV0,PT,1007,ReachabilityDeadlock,00,FALSE,2,NONE,INV
609,ErlangenMainframeV0,PT,1008,ReachabilityDeadlock,00,FALSE,2,NONE,INV
610,ErlangenMainframeV0,PT,1104,ReachabilityDeadlock,00,FALSE,2,NONE,INV
611,ErlangenMainframeV0,PT,1105,ReachabilityDeadlock,00,FALSE,2,NONE,INV
612,ErlangenMainframeV0,PT,1106,ReachabilityDeadlock,00,FALSE,2,NONE,INV
613,ErlangenMainframeV0,PT,1201,ReachabilityDeadlock,00,FALSE,2,NONE,INV
614,ErlangenMainframeV0,PT,1202,ReachabilityDeadlock,00,FALSE,2,NONE,INV
615,ErlangenMainframeV0,PT,1203,ReachabilityDeadlock,00,FALSE,2,NONE,INV
616,ErlangenMainframeV0,PT,1204,ReachabilityDeadlock,00,FALSE,2,NONE,INV
617,ErlangenMainframeV0,PT,1301,ReachabilityDeadlock,00,FALSE,2,NONE,INV
618,ErlangenMainframeV0,PT,1302,ReachabilityDeadlock,00,FALSE,2,NONE,INV
619,ErlangenMainframeV0,PT,1400,ReachabilityDeadlock,00,FALSE,2,NONE,INV
620,FamilyReunion,COL,L00010M0001C001P001G001,ReachabilityDeadlock,00,TRUE,3,NONE,CEX
621,FamilyReunion,COL,L00020M0002C001P001G001,ReachabilityDeadlock,00,TRUE,3,NONE,CEX
622,FamilyReunion,COL,L00050M0005C002P002G001,ReachabilityDeadlock,00,TRUE,3,NONE,CEX
623,FamilyReunion,COL,L00100M0010C005P005G002,ReachabilityDeadlock,00,TRUE,3,NONE,CEX
624,FamilyReunion,COL,L00200M0020C010P010G005,ReachabilityDeadlock,00,TRUE,3,NONE,CEX
625,FamilyReunion,COL,L00400M0040C020P020G001,ReachabilityDeadlock,00,TRUE,3,NONE,CEX
626,FamilyReunion,COL,L00800M0080C040P040G020,ReachabilityDeadlock,00,TRUE,2,NONE,CEX
627,FamilyReunion,COL,L01200M0120C060P060G030,ReachabilityDeadlock,00,TRUE,2,NONE,CEX
628,FamilyReunion,COL,L03000M0300G150P150G075,ReachabilityDeadlock,00,TRUE,2,NONE,CEX
629,FamilyReunion,COL,L05000M0500C250P250G125,ReachabilityDeadlock,00,TRUE,2,NONE,CEX
630,FamilyReunion,COL,L08000M0800C400P400G200,ReachabilityDeadlock,00,TRUE,2,NONE,CEX
631,FamilyReunion,COL,L12000M1200C600P600G300,ReachabilityDeadlock,00,TRUE,2,NONE,CEX
632,FamilyReunion,PT,L00010M0001C001P001G001,ReachabilityDeadlock,00,TRUE,3,NONE,CEX
633,FamilyReunion,PT,L00020M0002C001P001G001,ReachabilityDeadlock,00,TRUE,3,NONE,CEX
634,FamilyReunion,PT,L00050M0005C002P002G001,ReachabilityDeadlock,00,TRUE,3,NONE,CEX
635,FamilyReunion,PT,L00100M0010C005P005G002,ReachabilityDeadlock,00,TRUE,3,NONE,CEX
636,FamilyReunion,PT,L00200M0020C010P010G005,ReachabilityDeadlock,00,TRUE,3,NONE,CEX
637,FamilyReunion,PT,L00400M0040C020P020G001,ReachabilityDeadlock,00,TRUE,2,NONE,CEX
638,FireWire,PT,01,ReachabilityDeadlock,00,TRUE,3,NONE,CEX
639,FireWire,PT,02,ReachabilityDeadlock,00,TRUE,3,NONE,CEX
640,FireWire,PT,03,ReachabilityDeadlock,00,TRUE,3,NONE,CEX
641,FireWire,PT,04,ReachabilityDeadlock,00,TRUE,3,NONE,CEX
642,FireWire,PT,05,ReachabilityDeadlock,00,TRUE,3,NONE,CEX
643,FireWire,PT,06,ReachabilityDeadlock,00,TRUE,3,NONE,CEX
644,FireWire,PT,07,ReachabilityDeadlock,00,TRUE,3,NONE,CEX
645,FireWire,PT,08,ReachabilityDeadlock,00,TRUE,3,NONE,CEX
646,FireWire,PT,09,ReachabilityDeadlock,00,TRUE,3,NONE,CEX
647,FireWire,PT,10,ReachabilityDeadlock,00,TRUE,3,NONE,CEX
648,FireWire,PT,11,ReachabilityDeadlock,00,TRUE,3,NONE,CEX
649,FireWire,PT,12,ReachabilityDeadlock,00,TRUE,3,NONE,CEX
650,FireWire,PT,13,ReachabilityDeadlock,00,TRUE,3,NONE,CEX
651,FireWire,PT,14,ReachabilityDeadlock,00,TRUE,3,NONE,CEX
652,FireWire,PT,15,ReachabilityDeadlock,00,TRUE,3,NONE,CEX
653,FireWire,PT,16,ReachabilityDeadlock,00,TRUE,3,NONE,CEX
654,FireWire,PT,17,ReachabilityDeadlock,00,TRUE,3,NONE,CEX
655,FireWire,PT,18,ReachabilityDeadlock,00,TRUE,3,NONE,CEX
656,FireWire,PT,19,ReachabilityDeadlock,00,TRUE,3,NONE,CEX
657,FireWire,PT,20,ReachabilityDeadlock,00,TRUE,3,NONE,CEX
658,FlexibleBarrier,PT,04a,ReachabilityDeadlock,00,FALSE,3,NUPN,INV
659,FlexibleBarrier,PT,04b,ReachabilityDeadlock,00,TRUE,3,NUPN,CEX
660,FlexibleBarrier,PT,06a,ReachabilityDeadlock,00,FALSE,3,NUPN,INV
661,FlexibleBarrier,PT,06b,ReachabilityDeadlock,00,TRUE,3,NUPN,CEX
662,FlexibleBarrier,PT,08a,ReachabilityDeadlock,00,FALSE,3,NUPN,INV
663,FlexibleBarrier,PT,08b,ReachabilityDeadlock,00,TRUE,3,NUPN,CEX
664,FlexibleBarrier,PT,10a,ReachabilityDeadlock,00,FALSE,3,NUPN,INV
665,FlexibleBarrier,PT,10b,ReachabilityDeadlock,00,TRUE,3,NUPN,CEX
666,FlexibleBarrier,PT,12a,ReachabilityDeadlock,00,FALSE,3,NUPN,INV
667,FlexibleBarrier,PT,12b,ReachabilityDeadlock,00,TRUE,3,NUPN,CEX
668,FlexibleBarrier,PT,14a,ReachabilityDeadlock,00,FALSE,3,NUPN,INV
669,FlexibleBarrier,PT,14b,ReachabilityDeadlock,00,TRUE,3,NUPN,CEX
670,FlexibleBarrier,PT,16a,ReachabilityDeadlock,00,FALSE,3,NUPN,INV
671,FlexibleBarrier,PT,16b,ReachabilityDeadlock,00,TRUE,3,NUPN,CEX
672,FlexibleBarrier,PT,18a,ReachabilityDeadlock,00,FALSE,3,NUPN,INV
673,FlexibleBarrier,PT,18b,ReachabilityDeadlock,00,TRUE,3,NUPN,CEX
674,FlexibleBarrier,PT,20a,ReachabilityDeadlock,00,FALSE,3,NUPN,INV
675,FlexibleBarrier,PT,20b,ReachabilityDeadlock,00,TRUE,3,NUPN,CEX
676,FlexibleBarrier,PT,22a,ReachabilityDeadlock,00,FALSE,3,NUPN,INV
677,FlexibleBarrier,PT,22b,ReachabilityDeadlock,00,TRUE,3,NUPN,CEX
678,FMS,PT,00002,ReachabilityDeadlock,00,FALSE,3,NONE,INV
679,FMS,PT,00005,ReachabilityDeadlock,00,FALSE,3,NONE,INV
680,FMS,PT,00010,ReachabilityDeadlock,00,FALSE,3,NONE,INV
681,FMS,PT,00020,ReachabilityDeadlock,00,FALSE,3,NONE,INV
682,FMS,PT,00050,ReachabilityDeadlock,00,FALSE,3,NONE,INV
683,FMS,PT,00100,ReachabilityDeadlock,00,FALSE,3,NONE,INV
684,FMS,PT,00200,ReachabilityDeadlock,00,FALSE,3,NONE,INV
685,FMS,PT,00500,ReachabilityDeadlock,00,FALSE,3,NONE,INV
686,FMS,PT,01000,ReachabilityDeadlock,00,FALSE,3,NONE,INV
687,FMS,PT,02000,ReachabilityDeadlock,00,FALSE,3,NONE,INV
688,FMS,PT,05000,ReachabilityDeadlock,00,FALSE,3,NONE,INV
689,FMS,PT,10000,ReachabilityDeadlock,00,FALSE,3,NONE,INV
690,FMS,PT,20000,ReachabilityDeadlock,00,FALSE,3,NONE,INV
691,FMS,PT,50000,ReachabilityDeadlock,00,FALSE,3,NONE,INV
692,FunctionPointer,PT,a002,ReachabilityDeadlock,00,TRUE,3,NONE,CEX
693,FunctionPointer,PT,a004,ReachabilityDeadlock,00,TRUE,3,NONE,CEX
694,FunctionPointer,PT,a008,ReachabilityDeadlock,00,TRUE,3,NONE,CEX
695,FunctionPointer,PT,a016,ReachabilityDeadlock,00,TRUE,3,NONE,CEX
696,FunctionPointer,PT,a032,ReachabilityDeadlock,00,TRUE,3,NONE,CEX
697,FunctionPointer,PT,a064,ReachabilityDeadlock,00,TRUE,3,NONE,CEX
698,FunctionPointer,PT,a128,ReachabilityDeadlock,00,TRUE,3,NONE,CEX
699,FunctionPointer,PT,b002,ReachabilityDeadlock,00,TRUE,3,NONE,CEX
700,FunctionPointer,PT,b004,ReachabilityDeadlock,00,TRUE,3,NONE,CEX
701,FunctionPointer,PT,b008,ReachabilityDeadlock,00,TRUE,3,NONE,CEX
702,FunctionPointer,PT,b016,ReachabilityDeadlock,00,TRUE,3,NONE,CEX
703,FunctionPointer,PT,b032,ReachabilityDeadlock,00,TRUE,3,NONE,CEX
704,FunctionPointer,PT,b064,ReachabilityDeadlock,00,TRUE,3,NONE,CEX
705,FunctionPointer,PT,b128,ReachabilityDeadlock,00,TRUE,3,NONE,CEX
706,FunctionPointer,PT,c002,ReachabilityDeadlock,00,TRUE,3,NONE,CEX
707,FunctionPointer,PT,c016,ReachabilityDeadlock,00,TRUE,3,NONE,CEX
708,FunctionPointer,PT,c032,ReachabilityDeadlock,00,TRUE,3,NONE,CEX
709,FunctionPointer,PT,c064,ReachabilityDeadlock,00,TRUE,3,NONE,CEX
710,FunctionPointer,PT,c128,ReachabilityDeadlock,00,TRUE,3,NONE,CEX
711,GlobalResAllocation,COL,03,ReachabilityDeadlock,00,FALSE,3,NONE,INV
712,GlobalResAllocation,COL,05,ReachabilityDeadlock,00,FALSE,3,NONE,INV
713,GlobalResAllocation,COL,06,ReachabilityDeadlock,00,FALSE,3,NONE,INV
714,GlobalResAllocation,COL,07,ReachabilityDeadlock,00,FALSE,3,NONE,INV
715,GlobalResAllocation,COL,09,ReachabilityDeadlock,00,FALSE,3,NONE,INV
716,GlobalResAllocation,COL,10,ReachabilityDeadlock,00,FALSE,3,NONE,INV
717,GlobalResAllocation,COL,11,ReachabilityDeadlock,00,FALSE,3,NONE,INV
718,GlobalResAllocation,PT,03,ReachabilityDeadlock,00,FALSE,3,NONE,INV
719,GlobalResAllocation,PT,05,ReachabilityDeadlock,00,FALSE,3,NONE,INV
720,GPPP,PT,C0001N0000000001,ReachabilityDeadlock,00,FALSE,3,NONE,INV
721,GPPP,PT,C0001N0000000010,ReachabilityDeadlock,00,FALSE,3,NONE,INV
722,GPPP,PT,C0001N0000000100,ReachabilityDeadlock,00,FALSE,3,NONE,INV
723,GPPP,PT,C0001N0000001000,ReachabilityDeadlock,00,FALSE,3,NONE,INV
724,GPPP,PT,C0001N0000010000,ReachabilityDeadlock,00,FALSE,3,NONE,INV
725,GPPP,PT,C0001N0000100000,ReachabilityDeadlock,00,FALSE,3,NONE,INV
726,GPPP,PT,C0010N0000000010,ReachabilityDeadlock,00,TRUE,3,NONE,CEX
727,GPPP,PT,C0010N0000000100,ReachabilityDeadlock,00,TRUE,3,NONE,CEX
728,GPPP,PT,C0100N0000000010,ReachabilityDeadlock,00,TRUE,3,NONE,CEX
729,GPPP,PT,C0100N0000000100,ReachabilityDeadlock,00,TRUE,3,NONE,CEX
730,GPPP,PT,C0100N0000001000,ReachabilityDeadlock,00,TRUE,3,NONE,CEX
731,GPPP,PT,C0100N0000010000,ReachabilityDeadlock,00,TRUE,3,NONE,CEX
732,GPPP,PT,C0100N0000100000,ReachabilityDeadlock,00,TRUE,3,NONE,CEX
733,GPPP,PT,C1000N0000000010,ReachabilityDeadlock,00,TRUE,3,NONE,CEX
734,GPPP,PT,C1000N0000000100,ReachabilityDeadlock,00,TRUE,3,NONE,CEX
735,GPPP,PT,C1000N0000001000,ReachabilityDeadlock,00,TRUE,3,NONE,CEX
736,GPUForwardProgress,PT,04a,ReachabilityDeadlock,00,TRUE,3,NUPN,CEX
737,GPUForwardProgress,PT,04b,ReachabilityDeadlock,00,TRUE,3,NUPN,CEX
738,GPUForwardProgress,PT,08a,ReachabilityDeadlock,00,TRUE,3,NUPN,CEX
739,GPUForwardProgress,PT,08b,ReachabilityDeadlock,00,TRUE,3,NUPN,CEX
740,GPUForwardProgress,PT,12a,ReachabilityDeadlock,00,TRUE,3,NUPN,CEX
741,GPUForwardProgress,PT,12b,ReachabilityDeadlock,00,TRUE,3,NUPN,CEX
742,GPUForwardProgress,PT,16a,ReachabilityDeadlock,00,TRUE,3,NUPN,CEX
743,GPUForwardProgress,PT,16b,ReachabilityDeadlock,00,TRUE,3,NUPN,CEX
744,GPUForwardProgress,PT,20a,ReachabilityDeadlock,00,TRUE,3,NUPN,CEX
745,GPUForwardProgress,PT,20b,ReachabilityDeadlock,00,TRUE,3,NUPN,CEX
746,GPUForwardProgress,PT,24a,ReachabilityDeadlock,00,TRUE,3,NUPN,CEX
747,GPUForwardProgress,PT,24b,ReachabilityDeadlock,00,TRUE,3,NUPN,CEX
748,GPUForwardProgress,PT,28a,ReachabilityDeadlock,00,TRUE,3,NUPN,CEX
749,GPUForwardProgress,PT,28b,ReachabilityDeadlock,00,TRUE,3,NUPN,CEX
750,GPUForwardProgress,PT,32a,ReachabilityDeadlock,00,TRUE,3,NUPN,CEX
751,GPUForwardProgress,PT,32b,ReachabilityDeadlock,00,TRUE,3,NUPN,CEX
752,GPUForwardProgress,PT,36a,ReachabilityDeadlock,00,TRUE,3,NUPN,CEX
753,GPUForwardProgress,PT,36b,ReachabilityDeadlock,00,TRUE,3,NUPN,CEX
754,GPUForwardProgress,PT,40a,ReachabilityDeadlock,00,TRUE,3,NUPN,CEX
755,GPUForwardProgress,PT,40b,ReachabilityDeadlock,00,TRUE,3,NUPN,CEX
756,HealthRecord,PT,01,ReachabilityDeadlock,00,TRUE,3,NUPN,CEX
757,HealthRecord,PT,02,ReachabilityDeadlock,00,TRUE,3,NUPN,CEX
758,HealthRecord,PT,03,ReachabilityDeadlock,00,TRUE,3,NUPN,CEX
759,HealthRecord,PT,04,ReachabilityDeadlock,00,TRUE,3,NUPN,CEX
760,HealthRecord,PT,05,ReachabilityDeadlock,00,TRUE,3,NUPN,CEX
761,HealthRecord,PT,06,ReachabilityDeadlock,00,TRUE,3,NUPN,CEX
762,HealthRecord,PT,07,ReachabilityDeadlock,00,TRUE,3,NUPN,CEX
763,HealthRecord,PT,08,ReachabilityDeadlock,00,TRUE,3,NUPN,CEX
764,HealthRecord,PT,09,ReachabilityDeadlock,00,TRUE,3,NUPN,CEX
765,HealthRecord,PT,10,ReachabilityDeadlock,00,TRUE,3,NUPN,CEX
766,HealthRecord,PT,11,ReachabilityDeadlock,00,TRUE,3,NUPN,CEX
767,HealthRecord,PT,12,ReachabilityDeadlock,00,TRUE,3,NUPN,CEX
768,HealthRecord,PT,13,ReachabilityDeadlock,00,TRUE,3,NUPN,CEX
769,HealthRecord,PT,14,ReachabilityDeadlock,00,TRUE,3,NUPN,CEX
770,HealthRecord,PT,15,ReachabilityDeadlock,00,TRUE,3,NUPN,CEX
771,HealthRecord,PT,16,ReachabilityDeadlock,00,TRUE,3,NUPN,CEX
772,HealthRecord,PT,17,ReachabilityDeadlock,00,TRUE,3,NUPN,CEX
773,HexagonalGrid,PT,110,ReachabilityDeadlock,00,FALSE,3,NONE,INV
774,HexagonalGrid,PT,126,ReachabilityDeadlock,00,FALSE,3,NONE,INV
775,HexagonalGrid,PT,226,ReachabilityDeadlock,00,TRUE,3,NONE,CEX
776,HexagonalGrid,PT,316,ReachabilityDeadlock,00,TRUE,3,NONE,CEX
777,HexagonalGrid,PT,410,ReachabilityDeadlock,00,TRUE,3,NONE,CEX
778,HexagonalGrid,PT,516,ReachabilityDeadlock,00,TRUE,3,NONE,CEX
779,HexagonalGrid,PT,816,ReachabilityDeadlock,00,TRUE,2,NONE,CEX
780,HirschbergSinclair,PT,05,ReachabilityDeadlock,00,TRUE,3,NONE,CEX
781,HirschbergSinclair,PT,10,ReachabilityDeadlock,00,TRUE,3,NONE,CEX
782,HirschbergSinclair,PT,15,ReachabilityDeadlock,00,TRUE,3,NONE,CEX
783,HirschbergSinclair,PT,20,ReachabilityDeadlock,00,TRUE,3,NONE,CEX
784,HirschbergSinclair,PT,25,ReachabilityDeadlock,00,TRUE,3,NONE,CEX
785,HirschbergSinclair,PT,30,ReachabilityDeadlock,00,TRUE,3,NONE,CEX
786,HirschbergSinclair,PT,35,ReachabilityDeadlock,00,TRUE,3,NONE,CEX
787,HirschbergSinclair,PT,40,ReachabilityDeadlock,00,TRUE,3,NONE,CEX
788,HirschbergSinclair,PT,45,ReachabilityDeadlock,00,TRUE,3,NONE,CEX
789,HirschbergSinclair,PT,50,ReachabilityDeadlock,00,TRUE,3,NONE,CEX
790,HospitalTriage,PT,none,ReachabilityDeadlock,00,FALSE,3,NONE,INV
791,HouseConstruction,PT,00002,ReachabilityDeadlock,00,TRUE,3,NONE,CEX
792,HouseConstruction,PT,00005,ReachabilityDeadlock,00,TRUE,3,NONE,CEX
793,HouseConstruction,PT,00010,ReachabilityDeadlock,00,TRUE,3,NONE,CEX
794,HouseConstruction,PT,00020,ReachabilityDeadlock,00,TRUE,3,NONE,CEX
795,HouseConstruction,PT,00050,ReachabilityDeadlock,00,TRUE,3,NONE,CEX
796,HouseConstruction,PT,00100,ReachabilityDeadlock,00,TRUE,3,NONE,CEX
797,HouseConstruction,PT,00200,ReachabilityDeadlock,00,TRUE,3,NONE,CEX
798,HouseConstruction,PT,00500,ReachabilityDeadlock,00,TRUE,3,NONE,CEX
799,HouseConstruction,PT,01000,ReachabilityDeadlock,00,TRUE,3,NONE,CEX
800,HouseConstruction,PT,02000,ReachabilityDeadlock,00,TRUE,3,NONE,CEX
801,HouseConstruction,PT,04000,ReachabilityDeadlock,00,TRUE,3,NONE,CEX
802,HouseConstruction,PT,08000,ReachabilityDeadlock,00,TRUE,3,NONE,CEX
803,HouseConstruction,PT,16000,ReachabilityDeadlock,00,TRUE,3,NONE,CEX
804,HouseConstruction,PT,32000,ReachabilityDeadlock,00,TRUE,3,NONE,CEX
805,HypercubeGrid,PT,C3K4P4B12,ReachabilityDeadlock,00,TRUE,3,NONE,CEX
806,HypercubeGrid,PT,C4K3P3B12,ReachabilityDeadlock,00,TRUE,3,NONE,CEX
807,HypertorusGrid,PT,d2k1p8b00,ReachabilityDeadlock,00,FALSE,3,NONE,INV
808,HypertorusGrid,PT,d2k2p1b00,ReachabilityDeadlock,00,TRUE,3,NONE,CEX
809,HypertorusGrid,PT,d2k3p2b04,ReachabilityDeadlock,00,TRUE,3,NONE,CEX
810,HypertorusGrid,PT,d3k3p2b06,ReachabilityDeadlock,00,TRUE,3,NONE,CEX
811,HypertorusGrid,PT,d4k3p2b08,ReachabilityDeadlock,00,TRUE,2,NONE,CEX
812,IBM319,PT,none,ReachabilityDeadlock,00,TRUE,3,GEN,CEX
813,IBM5964,PT,none,ReachabilityDeadlock,00,TRUE,3,NONE,CEX
814,IBM703,PT,none,ReachabilityDeadlock,00,TRUE,3,GEN,CEX
815,IBMB2S565S3960,PT,none,ReachabilityDeadlock,00,TRUE,3,NONE,CEX
816,IOTPpurchase,PT,C01M01P01D01,ReachabilityDeadlock,00,FALSE,3,GEN,INV
817,IOTPpurchase,PT,C03M03P03D03,ReachabilityDeadlock,00,FALSE,3,NONE,INV
818,IOTPpurchase,PT,C05M04P03D02,ReachabilityDeadlock,00,FALSE,3,NONE,INV
819,IOTPpurchase,PT,C12M10P15D17,ReachabilityDeadlock,00,FALSE,3,NONE,INV
820,JoinFreeModules,PT,0003,ReachabilityDeadlock,00,FALSE,3,NONE,INV
821,JoinFreeModules,PT,0004,ReachabilityDeadlock,00,TRUE,3,NONE,CEX
822,JoinFreeModules,PT,0005,ReachabilityDeadlock,00,TRUE,3,NONE,CEX
823,JoinFreeModules,PT,0010,ReachabilityDeadlock,00,FALSE,3,NONE,INV
824,JoinFreeModules,PT,0020,ReachabilityDeadlock,00,FALSE,3,NONE,INV
825,JoinFreeModules,PT,0050,ReachabilityDeadlock,00,FALSE,3,NONE,INV
826,JoinFreeModules,PT,0100,ReachabilityDeadlock,00,FALSE,3,NONE,INV
827,JoinFreeModules,PT,0200,ReachabilityDeadlock,00,FALSE,3,NONE,INV
828,JoinFreeModules,PT,0500,ReachabilityDeadlock,00,FALSE,3,NONE,INV
829,JoinFreeModules,PT,1000,ReachabilityDeadlock,00,FALSE,3,NONE,INV
830,JoinFreeModules,PT,2000,ReachabilityDeadlock,00,FALSE,2,NONE,INV
831,JoinFreeModules,PT,5000,ReachabilityDeadlock,00,FALSE,2,NONE,INV
832,Kanban,PT,00005,ReachabilityDeadlock,00,FALSE,3,NONE,INV
833,Kanban,PT,00010,ReachabilityDeadlock,00,FALSE,3,NONE,INV
834,Kanban,PT,00020,ReachabilityDeadlock,00,FALSE,3,NONE,INV
835,Kanban,PT,00050,ReachabilityDeadlock,00,FALSE,3,NONE,INV
836,Kanban,PT,00100,ReachabilityDeadlock,00,FALSE,3,NONE,INV
837,Kanban,PT,00200,ReachabilityDeadlock,00,FALSE,3,NONE,INV
838,Kanban,PT,00500,ReachabilityDeadlock,00,FALSE,3,NONE,INV
839,Kanban,PT,01000,ReachabilityDeadlock,00,FALSE,3,NONE,INV
840,Kanban,PT,02000,ReachabilityDeadlock,00,FALSE,3,NONE,INV
841,Kanban,PT,05000,ReachabilityDeadlock,00,FALSE,3,NONE,INV
842,Kanban,PT,10000,ReachabilityDeadlock,00,FALSE,3,NONE,INV
843,Kanban,PT,20000,ReachabilityDeadlock,00,FALSE,3,NONE,INV
844,Kanban,PT,50000,ReachabilityDeadlock,00,FALSE,3,NONE,INV
845,LamportFastMutEx,COL,2,ReachabilityDeadlock,00,FALSE,3,NONE,INV
846,LamportFastMutEx,COL,3,ReachabilityDeadlock,00,FALSE,3,NONE,INV
847,LamportFastMutEx,COL,4,ReachabilityDeadlock,00,FALSE,3,NONE,INV
848,LamportFastMutEx,COL,5,ReachabilityDeadlock,00,FALSE,2,NONE,INV
849,LamportFastMutEx,COL,6,ReachabilityDeadlock,00,FALSE,2,NONE,INV
850,LamportFastMutEx,COL,7,ReachabilityDeadlock,00,FALSE,2,NONE,INV
851,LamportFastMutEx,COL,8,ReachabilityDeadlock,00,FALSE,2,NONE,INV
852,LamportFastMutEx,PT,2,ReachabilityDeadlock,00,FALSE,3,GEN,INV
853,LamportFastMutEx,PT,3,ReachabilityDeadlock,00,FALSE,3,GEN,INV
854,LamportFastMutEx,PT,4,ReachabilityDeadlock,00,FALSE,3,GEN,INV
855,LamportFastMutEx,PT,5,ReachabilityDeadlock,00,FALSE,2,GEN,INV
856,LamportFastMutEx,PT,6,ReachabilityDeadlock,00,FALSE,2,GEN,INV
857,LamportFastMutEx,PT,7,ReachabilityDeadlock,00,FALSE,2,GEN,INV
858,LamportFastMutEx,PT,8,ReachabilityDeadlock,00,FALSE,2,GEN,INV
859,LeafsetExtension,PT,S08C2,ReachabilityDeadlock,00,TRUE,3,NONE,CEX
860,LeafsetExtension,PT,S08C3,ReachabilityDeadlock,00,TRUE,3,NONE,CEX
861,LeafsetExtension,PT,S08C4,ReachabilityDeadlock,00,TRUE,3,NONE,CEX
862,LeafsetExtension,PT,S16C2,ReachabilityDeadlock,00,TRUE,3,NONE,CEX
863,LeafsetExtension,PT,S16C3,ReachabilityDeadlock,00,TRUE,3,NONE,CEX
864,LeafsetExtension,PT,S16C4,ReachabilityDeadlock,00,TRUE,3,NONE,CEX
865,LeafsetExtension,PT,S32C2,ReachabilityDeadlock,00,TRUE,3,NONE,CEX
866,LeafsetExtension,PT,S32C3,ReachabilityDeadlock,00,TRUE,3,NONE,CEX
867,LeafsetExtension,PT,S32C4,ReachabilityDeadlock,00,TRUE,3,NONE,CEX
868,LeafsetExtension,PT,S64C2,ReachabilityDeadlock,00,TRUE,3,NONE,CEX
869,LeafsetExtension,PT,S64C3,ReachabilityDeadlock,00,TRUE,3,NONE,CEX
870,LeafsetExtension,PT,S64C4,ReachabilityDeadlock,00,TRUE,3,NONE,CEX
871,MAPK,PT,00008,ReachabilityDeadlock,00,FALSE,3,NONE,INV
872,MAPK,PT,00020,ReachabilityDeadlock,00,FALSE,3,NONE,INV
873,MAPK,PT,00040,ReachabilityDeadlock,00,FALSE,3,NONE,INV
874,MAPK,PT,00080,ReachabilityDeadlock,00,FALSE,3,NONE,INV
875,MAPK,PT,00160,ReachabilityDeadlock,00,FALSE,3,NONE,INV
876,MAPK,PT,00320,ReachabilityDeadlock,00,FALSE,3,NONE,INV
877,MAPK,PT,00640,ReachabilityDeadlock,00,FALSE,3,NONE,INV
878,MAPK,PT,01280,ReachabilityDeadlock,00,FALSE,3,NONE,INV
879,MAPK,PT,02560,ReachabilityDeadlock,00,FALSE,3,NONE,INV
880,MAPK,PT,05120,ReachabilityDeadlock,00,FALSE,3,NONE,INV
881,MAPK,PT,10240,ReachabilityDeadlock,00,FALSE,3,NONE,INV
882,MAPKbis,PT,5310,ReachabilityDeadlock,00,FALSE,2,GEN,INV
883,MAPKbis,PT,5320,ReachabilityDeadlock,00,TRUE,3,GEN,CEX
884,Medical,PT,02,ReachabilityDeadlock,00,TRUE,3,NONE,CEX
885,Medical,PT,04,ReachabilityDeadlock,00,TRUE,3,NONE,CEX
886,Medical,PT,06,ReachabilityDeadlock,00,TRUE,3,NONE,CEX
887,Medical,PT,08,ReachabilityDeadlock,00,TRUE,3,NONE,CEX
888,Medical,PT,10,ReachabilityDeadlock,00,TRUE,3,NONE,CEX
889,Medical,PT,12,ReachabilityDeadlock,00,TRUE,3,NONE,CEX
890,Medical,PT,14,ReachabilityDeadlock,00,TRUE,3,NONE,CEX
891,Medical,PT,16,ReachabilityDeadlock,00,TRUE,3,NONE,CEX
892,Medical,PT,18,ReachabilityDeadlock,00,TRUE,3,NONE,CEX
893,Medical,PT,20,ReachabilityDeadlock,00,TRUE,3,NONE,CEX
894,Medical,PT,22,ReachabilityDeadlock,00,TRUE,3,NONE,CEX
895,Medical,PT,24,ReachabilityDeadlock,00,TRUE,3,NONE,CEX
896,MedleyA,PT,01,ReachabilityDeadlock,00,FALSE,3,NONE,INV
897,MedleyA,PT,02,ReachabilityDeadlock,00,TRUE,3,NONE,CEX
898,MedleyA,PT,03,ReachabilityDeadlock,00,TRUE,3,NONE,CEX
899,MedleyA,PT,04,ReachabilityDeadlock,00,TRUE,3,NONE,CEX
900,MedleyA,PT,05,ReachabilityDeadlock,00,TRUE,3,NONE,CEX
901,MedleyA,PT,06,ReachabilityDeadlock,00,TRUE,3,NONE,CEX
902,MedleyA,PT,07,ReachabilityDeadlock,00,TRUE,3,NONE,CEX
903,MedleyA,PT,08,ReachabilityDeadlock,00,TRUE,3,NONE,CEX
904,MedleyA,PT,09,ReachabilityDeadlock,00,TRUE,3,NONE,CEX
905,MedleyA,PT,10,ReachabilityDeadlock,00,TRUE,3,NONE,CEX
906,MedleyA,PT,11,ReachabilityDeadlock,00,TRUE,3,NONE,CEX
907,MedleyA,PT,12,ReachabilityDeadlock,00,TRUE,3,NONE,CEX
908,MedleyA,PT,13,ReachabilityDeadlock,00,TRUE,3,NONE,CEX
909,MedleyA,PT,14,ReachabilityDeadlock,00,FALSE,3,NONE,INV
910,MedleyA,PT,15,ReachabilityDeadlock,00,FALSE,3,NONE,INV
911,MedleyA,PT,16,ReachabilityDeadlock,00,FALSE,3,NONE,INV
912,MedleyA,PT,17,ReachabilityDeadlock,00,TRUE,3,NONE,CEX
913,MedleyA,PT,18,ReachabilityDeadlock,00,TRUE,3,NONE,CEX
914,MedleyA,PT,19,ReachabilityDeadlock,00,TRUE,3,NONE,CEX
915,MedleyA,PT,20,ReachabilityDeadlock,00,TRUE,3,NONE,CEX
916,MedleyA,PT,21,ReachabilityDeadlock,00,FALSE,3,NONE,INV
917,MedleyA,PT,22,ReachabilityDeadlock,00,TRUE,3,NONE,CEX
918,MedleyA,PT,23,ReachabilityDeadlock,00,TRUE,3,NONE,CEX
919,MedleyB,PT,B01,ReachabilityDeadlock,00,TRUE,3,NONE,CEX
920,MedleyB,PT,B02,ReachabilityDeadlock,00,TRUE,3,NONE,CEX
921,MedleyB,PT,B03,ReachabilityDeadlock,00,TRUE,3,NONE,CEX
922,MedleyB,PT,B04,ReachabilityDeadlock,00,TRUE,3,NONE,CEX
923,MedleyB,PT,B05,ReachabilityDeadlock,00,TRUE,3,NONE,CEX
924,MedleyB,PT,B06,ReachabilityDeadlock,00,TRUE,3,NONE,CEX
925,MedleyB,PT,B07,ReachabilityDeadlock,00,TRUE,3,NONE,CEX
926,MedleyB,PT,B08,ReachabilityDeadlock,00,TRUE,3,NONE,CEX
927,MedleyB,PT,B09,ReachabilityDeadlock,00,TRUE,3,NONE,CEX
928,MedleyB,PT,B10,ReachabilityDeadlock,00,TRUE,3,NONE,CEX
929,MedleyB,PT,B11,ReachabilityDeadlock,00,TRUE,3,NONE,CEX
930,MedleyB,PT,B12,ReachabilityDeadlock,00,TRUE,3,NONE,CEX
931,MedleyB,PT,B13,ReachabilityDeadlock,00,TRUE,3,NONE,CEX
932,MultiCrashLeafsetExtension,PT,S16C02,ReachabilityDeadlock,00,TRUE,3,NONE,CEX
933,MultiCrashLeafsetExtension,PT,S16C03,ReachabilityDeadlock,00,TRUE,3,NONE,CEX
934,MultiCrashLeafsetExtension,PT,S16C04,ReachabilityDeadlock,00,TRUE,3,NONE,CEX
935,MultiCrashLeafsetExtension,PT,S16C05,ReachabilityDeadlock,00,TRUE,3,NONE,CEX
936,MultiCrashLeafsetExtension,PT,S16C06,ReachabilityDeadlock,00,TRUE,3,NONE,CEX
937,MultiCrashLeafsetExtension,PT,S16C07,ReachabilityDeadlock,00,TRUE,3,NONE,CEX
938,MultiCrashLeafsetExtension,PT,S16C08,ReachabilityDeadlock,00,TRUE,3,NONE,CEX
939,MultiCrashLeafsetExtension,PT,S24C02,ReachabilityDeadlock,00,TRUE,3,NONE,CEX
940,MultiCrashLeafsetExtension,PT,S24C03,ReachabilityDeadlock,00,TRUE,3,NONE,CEX
941,MultiCrashLeafsetExtension,PT,S24C04,ReachabilityDeadlock,00,TRUE,3,NONE,CEX
942,MultiCrashLeafsetExtension,PT,S24C05,ReachabilityDeadlock,00,TRUE,3,NONE,CEX
943,MultiCrashLeafsetExtension,PT,S24C06,ReachabilityDeadlock,00,TRUE,3,NONE,CEX
944,MultiCrashLeafsetExtension,PT,S24C07,ReachabilityDeadlock,00,TRUE,3,NONE,CEX
945,MultiCrashLeafsetExtension,PT,S24C08,ReachabilityDeadlock,00,TRUE,3,NONE,CEX
946,MultiCrashLeafsetExtension,PT,S24C09,ReachabilityDeadlock,00,TRUE,3,NONE,CEX
947,MultiCrashLeafsetExtension,PT,S24C10,ReachabilityDeadlock,00,TRUE,3,NONE,CEX
948,MultiCrashLeafsetExtension,PT,S24C11,ReachabilityDeadlock,00,TRUE,3,NONE,CEX
949,MultiCrashLeafsetExtension,PT,S24C12,ReachabilityDeadlock,00,TRUE,3,NONE,CEX
950,MultiCrashLeafsetExtension,PT,S32C02,ReachabilityDeadlock,00,TRUE,3,NONE,CEX
951,MultiCrashLeafsetExtension,PT,S32C03,ReachabilityDeadlock,00,TRUE,3,NONE,CEX
952,MultiCrashLeafsetExtension,PT,S32C04,ReachabilityDeadlock,00,TRUE,3,NONE,CEX
953,MultiCrashLeafsetExtension,PT,S32C05,ReachabilityDeadlock,00,TRUE,3,NONE,CEX
954,MultiCrashLeafsetExtension,PT,S32C06,ReachabilityDeadlock,00,TRUE,3,NONE,CEX
955,MultiCrashLeafsetExtension,PT,S32C07,ReachabilityDeadlock,00,TRUE,3,NONE,CEX
956,MultiCrashLeafsetExtension,PT,S32C08,ReachabilityDeadlock,00,TRUE,3,NONE,CEX
957,MultiCrashLeafsetExtension,PT,S32C09,ReachabilityDeadlock,00,TRUE,3,NONE,CEX
958,MultiCrashLeafsetExtension,PT,S32C10,ReachabilityDeadlock,00,TRUE,3,NONE,CEX
959,MultiCrashLeafsetExtension,PT,S32C11,ReachabilityDeadlock,00,TRUE,3,NONE,CEX
960,MultiCrashLeafsetExtension,PT,S32C12,ReachabilityDeadlock,00,TRUE,3,NONE,CEX
961,MultiwaySync,PT,none,ReachabilityDeadlock,00,FALSE,3,NUPN,INV
962,Murphy,COL,D1N010,ReachabilityDeadlock,00,FALSE,3,NONE,INV
963,Murphy,COL,D2N050,ReachabilityDeadlock,00,FALSE,3,NONE,INV
964,Murphy,COL,D2N100,ReachabilityDeadlock,00,FALSE,3,NONE,INV
965,Murphy,COL,D3N050,ReachabilityDeadlock,00,FALSE,3,NONE,INV
966,Murphy,COL,D4N025,ReachabilityDeadlock,00,FALSE,3,NONE,INV
967,Murphy,COL,D4N050,ReachabilityDeadlock,00,FALSE,3,NONE,INV
968,Murphy,PT,D1N010,ReachabilityDeadlock,00,FALSE,3,NONE,INV
969,Murphy,PT,D2N050,ReachabilityDeadlock,00,FALSE,3,NONE,INV
970,Murphy,PT,D2N100,ReachabilityDeadlock,00,FALSE,3,NONE,INV
971,Murphy,PT,D3N050,ReachabilityDeadlock,00,FALSE,3,NONE,INV
972,Murphy,PT,D4N025,ReachabilityDeadlock,00,FALSE,3,NONE,INV
973,Murphy,PT,D4N050,ReachabilityDeadlock,00,FALSE,3,NONE,INV
974,NeighborGrid,PT,d2n3m1c12,ReachabilityDeadlock,00,FALSE,3,NONE,INV
975,NeighborGrid,PT,d2n3m1t12,ReachabilityDeadlock,00,FALSE,3,NONE,INV
976,NeighborGrid,PT,d3n3m1t11,ReachabilityDeadlock,00,FALSE,3,NONE,INV
977,NeighborGrid,PT,d4n3m2c23,ReachabilityDeadlock,00,FALSE,3,NONE,INV
978,NeighborGrid,PT,d5n4m1t35,ReachabilityDeadlock,00,FALSE,3,NONE,INV
979,NeoElection,COL,2,ReachabilityDeadlock,00,TRUE,3,NONE,CEX
980,NeoElection,COL,3,ReachabilityDeadlock,00,TRUE,3,NONE,CEX
981,NeoElection,COL,4,ReachabilityDeadlock,00,TRUE,3,NONE,CEX
982,NeoElection,COL,5,ReachabilityDeadlock,00,TRUE,3,NONE,CEX
983,NeoElection,COL,6,ReachabilityDeadlock,00,TRUE,3,NONE,CEX
984,NeoElection,COL,7,ReachabilityDeadlock,00,TRUE,3,NONE,CEX
985,NeoElection,COL,8,ReachabilityDeadlock,00,TRUE,3,NONE,CEX
986,NeoElection,PT,2,ReachabilityDeadlock,00,TRUE,3,GEN,CEX
987,NeoElection,PT,3,ReachabilityDeadlock,00,TRUE,3,GEN,CEX
988,NeoElection,PT,4,ReachabilityDeadlock,00,TRUE,3,GEN,CEX
989,NeoElection,PT,5,ReachabilityDeadlock,00,TRUE,3,GEN,CEX
990,NeoElection,PT,6,ReachabilityDeadlock,00,TRUE,3,GEN,CEX
991,NeoElection,PT,7,ReachabilityDeadlock,00,TRUE,3,GEN,CEX
992,NeoElection,PT,8,ReachabilityDeadlock,00,TRUE,3,GEN,CEX
993,NoC3x3,PT,1A,ReachabilityDeadlock,00,FALSE,3,NUPN,INV
994,NoC3x3,PT,1B,ReachabilityDeadlock,00,TRUE,3,NUPN,CEX
995,NoC3x3,PT,2A,ReachabilityDeadlock,00,FALSE,3,NUPN,INV
996,NoC3x3,PT,2B,ReachabilityDeadlock,00,TRUE,3,NUPN,CEX
997,NoC3x3,PT,3A,ReachabilityDeadlock,00,FALSE,3,NUPN,INV
998,NoC3x3,PT,3B,ReachabilityDeadlock,00,TRUE,3,NUPN,CEX
999,NoC3x3,PT,4A,ReachabilityDeadlock,00,FALSE,3,NUPN,INV
1000,NoC3x3,PT,4B,ReachabilityDeadlock,00,TRUE,3,NUPN,CEX
1001,NoC3x3,PT,5A,ReachabilityDeadlock,00,TRUE,3,NUPN,CEX
1002,NoC3x3,PT,5B,ReachabilityDeadlock,00,TRUE,3,NUPN,CEX
1003,NoC3x3,PT,6A,ReachabilityDeadlock,00,TRUE,3,NUPN,CEX
1004,NoC3x3,PT,6B,ReachabilityDeadlock,00,TRUE,3,NUPN,CEX
1005,NoC3x3,PT,7A,ReachabilityDeadlock,00,FALSE,2,NUPN,INV
1006,NoC3x3,PT,7B,ReachabilityDeadlock,00,TRUE,3,NUPN,CEX
1007,NoC3x3,PT,8A,ReachabilityDeadlock,00,FALSE,3,NUPN,INV
1008,NoC3x3,PT,8B,ReachabilityDeadlock,00,TRUE,3,NUPN,CEX
1009,NQueens,PT,05,ReachabilityDeadlock,00,TRUE,3,GEN,CEX
1010,NQueens,PT,08,ReachabilityDeadlock,00,TRUE,3,GEN,CEX
1011,NQueens,PT,10,ReachabilityDeadlock,00,TRUE,3,GEN,CEX
1012,NQueens,PT,12,ReachabilityDeadlock,00,TRUE,3,GEN,CEX
1013,NQueens,PT,15,ReachabilityDeadlock,00,TRUE,3,GEN,CEX
1014,NQueens,PT,20,ReachabilityDeadlock,00,TRUE,3,GEN,CEX
1015,NQueens,PT,25,ReachabilityDeadlock,00,TRUE,3,GEN,CEX
1016,NQueens,PT,30,ReachabilityDeadlock,00,TRUE,3,GEN,CEX
1017,PaceMaker,PT,none,ReachabilityDeadlock,00,FALSE,3,NONE,INV
1018,ParamProductionCell,PT,0,ReachabilityDeadlock,00,FALSE,3,GEN,INV
1019,ParamProductionCell,PT,1,ReachabilityDeadlock,00,FALSE,3,GEN,INV
1020,ParamProductionCell,PT,2,ReachabilityDeadlock,00,FALSE,3,GEN,INV
1021,ParamProductionCell,PT,3,ReachabilityDeadlock,00,FALSE,3,GEN,INV
1022,ParamProductionCell,PT,4,ReachabilityDeadlock,00,FALSE,3,GEN,INV
1023,ParamProductionCell,PT,5,ReachabilityDeadlock,00,FALSE,3,GEN,INV
1024,Parking,PT,104,ReachabilityDeadlock,00,TRUE,3,NUPN,CEX
1025,Parking,PT,208,ReachabilityDeadlock,00,TRUE,3,NUPN,CEX
1026,Parking,PT,416,ReachabilityDeadlock,00,TRUE,3,NUPN,CEX
1027,Parking,PT,432,ReachabilityDeadlock,00,TRUE,3,NUPN,CEX
1028,Parking,PT,832,ReachabilityDeadlock,00,TRUE,3,NUPN,CEX
1029,Parking,PT,864,ReachabilityDeadlock,00,TRUE,3,NUPN,CEX
1030,PermAdmissibility,COL,01,ReachabilityDeadlock,00,TRUE,3,NONE,CEX
1031,PermAdmissibility,COL,02,ReachabilityDeadlock,00,TRUE,3,NONE,CEX
1032,PermAdmissibility,COL,05,ReachabilityDeadlock,00,TRUE,3,NONE,CEX
1033,PermAdmissibility,COL,10,ReachabilityDeadlock,00,TRUE,3,NONE,CEX
1034,PermAdmissibility,COL,20,ReachabilityDeadlock,00,TRUE,3,NONE,CEX
1035,PermAdmissibility,COL,50,ReachabilityDeadlock,00,TRUE,3,NONE,CEX
1036,PermAdmissibility,PT,01,ReachabilityDeadlock,00,TRUE,3,NONE,CEX
1037,PermAdmissibility,PT,02,ReachabilityDeadlock,00,TRUE,3,NONE,CEX
1038,PermAdmissibility,PT,05,ReachabilityDeadlock,00,TRUE,3,NONE,CEX
1039,PermAdmissibility,PT,10,ReachabilityDeadlock,00,TRUE,3,NONE,CEX
1040,PermAdmissibility,PT,20,ReachabilityDeadlock,00,TRUE,3,NONE,CEX
1041,PermAdmissibility,PT,50,ReachabilityDeadlock,00,TRUE,3,NONE,CEX
1042,Peterson,COL,2,ReachabilityDeadlock,00,FALSE,3,NONE,INV
1043,Peterson,COL,3,ReachabilityDeadlock,00,FALSE,3,NONE,INV
1044,Peterson,COL,4,ReachabilityDeadlock,00,FALSE,3,NONE,INV
1045,Peterson,COL,5,ReachabilityDeadlock,00,FALSE,2,NONE,INV
1046,Peterson,COL,6,ReachabilityDeadlock,00,FALSE,2,NONE,INV
1047,Peterson,COL,7,ReachabilityDeadlock,00,FALSE,2,NONE,INV
1048,Peterson,PT,2,ReachabilityDeadlock,00,FALSE,3,GEN,INV
1049,Peterson,PT,3,ReachabilityDeadlock,00,FALSE,3,GEN,INV
1050,Peterson,PT,4,ReachabilityDeadlock,00,FALSE,3,GEN,INV
1051,Peterson,PT,5,ReachabilityDeadlock,00,FALSE,2,GEN,INV
1052,Peterson,PT,6,ReachabilityDeadlock,00,FALSE,2,GEN,INV
1053,Peterson,PT,7,ReachabilityDeadlock,00,FALSE,2,GEN,INV
1054,PGCD,COL,D02N005,ReachabilityDeadlock,00,TRUE,3,NONE,CEX
1055,PGCD,COL,D02N006,ReachabilityDeadlock,00,FALSE,3,NONE,INV
1056,PGCD,COL,D03N050,ReachabilityDeadlock,00,FALSE,2,NONE,INV
1057,PGCD,COL,D04N025,ReachabilityDeadlock,00,TRUE,3,NONE,CEX
1058,PGCD,COL,D05N025,ReachabilityDeadlock,00,TRUE,3,NONE,CEX
1059,PGCD,PT,D02N005,ReachabilityDeadlock,00,TRUE,3,NONE,CEX
1060,PGCD,PT,D02N006,ReachabilityDeadlock,00,FALSE,3,NONE,INV
1061,PGCD,PT,D02N100,ReachabilityDeadlock,00,FALSE,3,NONE,INV
1062,PGCD,PT,D03N050,ReachabilityDeadlock,00,FALSE,2,NONE,INV
1063,PGCD,PT,D04N025,ReachabilityDeadlock,00,TRUE,3,NONE,CEX
1064,PGCD,PT,D05N025,ReachabilityDeadlock,00,TRUE,3,NONE,CEX
1065,PhaseVariation,PT,D02CS010,ReachabilityDeadlock,00,TRUE,3,NONE,CEX
1066,PhaseVariation,PT,D02CS100,ReachabilityDeadlock,00,TRUE,3,NONE,CEX
1067,PhaseVariation,PT,D05CS010,ReachabilityDeadlock,00,TRUE,3,NONE,CEX
1068,PhaseVariation,PT,D05CS100,ReachabilityDeadlock,00,TRUE,3,NONE,CEX
1069,PhaseVariation,PT,D10CS010,ReachabilityDeadlock,00,TRUE,3,NONE,CEX
1070,PhaseVariation,PT,D10CS100,ReachabilityDeadlock,00,TRUE,3,NONE,CEX
1071,PhaseVariation,PT,D20CS010,ReachabilityDeadlock,00,TRUE,3,NONE,CEX
1072,PhaseVariation,PT,D20CS100,ReachabilityDeadlock,00,TRUE,3,NONE,CEX
1073,PhaseVariation,PT,D30CS010,ReachabilityDeadlock,00,TRUE,3,NONE,CEX
1074,PhaseVariation,PT,D30CS100,ReachabilityDeadlock,00,TRUE,3,NONE,CEX
1075,Philosophers,COL,000005,ReachabilityDeadlock,00,TRUE,3,NONE,CEX
1076,Philosophers,COL,000010,ReachabilityDeadlock,00,TRUE,3,NONE,CEX
1077,Philosophers,COL,000020,ReachabilityDeadlock,00,TRUE,3,NONE,CEX
1078,Philosophers,COL,000050,ReachabilityDeadlock,00,TRUE,3,NONE,CEX
1079,Philosophers,COL,000100,ReachabilityDeadlock,00,TRUE,3,NONE,CEX
1080,Philosophers,COL,000200,ReachabilityDeadlock,00,TRUE,3,NONE,CEX
1081,Philosophers,COL,000500,ReachabilityDeadlock,00,TRUE,3,NONE,CEX
1082,Philosophers,COL,001000,ReachabilityDeadlock,00,TRUE,3,NONE,CEX
1083,Philosophers,COL,002000,ReachabilityDeadlock,00,TRUE,2,NONE,CEX
1084,Philosophers,COL,005000,ReachabilityDeadlock,00,TRUE,2,NONE,CEX
1085,Philosophers,PT,000005,ReachabilityDeadlock,00,TRUE,3,GEN,CEX
1086,Philosophers,PT,000010,ReachabilityDeadlock,00,TRUE,3,GEN,CEX
1087,Philosophers,PT,000020,ReachabilityDeadlock,00,TRUE,3,GEN,CEX
1088,Philosophers,PT,000050,ReachabilityDeadlock,00,TRUE,3,GEN,CEX
1089,Philosophers,PT,000100,ReachabilityDeadlock,00,TRUE,3,GEN,CEX
1090,Philosophers,PT,000200,ReachabilityDeadlock,00,TRUE,3,GEN,CEX
1091,Philosophers,PT,000500,ReachabilityDeadlock,00,TRUE,2,GEN,CEX
1092,Philosophers,PT,001000,ReachabilityDeadlock,00,TRUE,2,GEN,CEX
1093,Philosophers,PT,002000,ReachabilityDeadlock,00,TRUE,2,GEN,CEX
1094,Philosophers,PT,005000,ReachabilityDeadlock,00,TRUE,2,NONE,CEX
1095,PhilosophersDyn,COL,03,ReachabilityDeadlock,00,TRUE,3,NONE,CEX
1096,PhilosophersDyn,COL,10,ReachabilityDeadlock,00,TRUE,3,NONE,CEX
1097,PhilosophersDyn,COL,20,ReachabilityDeadlock,00,TRUE,2,NONE,CEX
1098,PhilosophersDyn,PT,03,ReachabilityDeadlock,00,TRUE,3,NONE,CEX
1099,PhilosophersDyn,PT,10,ReachabilityDeadlock,00,TRUE,3,NONE,CEX
1100,PhilosophersDyn,PT,20,ReachabilityDeadlock,00,TRUE,3,NONE,CEX
1101,Planning,PT,none,ReachabilityDeadlock,00,FALSE,3,NONE,INV
1102,PolyORBLF,COL,S02J04T06,ReachabilityDeadlock,00,TRUE,3,NONE,CEX
1103,PolyORBLF,COL,S02J04T08,ReachabilityDeadlock,00,TRUE,3,NONE,CEX
1104,PolyORBLF,COL,S02J04T10,ReachabilityDeadlock,00,TRUE,3,NONE,CEX
1105,PolyORBLF,COL,S02J06T06,ReachabilityDeadlock,00,TRUE,3,NONE,CEX
1106,PolyORBLF,COL,S02J06T08,ReachabilityDeadlock,00,TRUE,3,NONE,CEX
1107,PolyORBLF,COL,S02J06T10,ReachabilityDeadlock,00,TRUE,3,NONE,CEX
1108,PolyORBLF,COL,S04J04T06,ReachabilityDeadlock,00,TRUE,3,NONE,CEX
1109,PolyORBLF,COL,S04J04T08,ReachabilityDeadlock,00,TRUE,3,NONE,CEX
1110,PolyORBLF,COL,S04J04T10,ReachabilityDeadlock,00,TRUE,3,NONE,CEX
1111,PolyORBLF,COL,S04J06T06,ReachabilityDeadlock,00,TRUE,3,NONE,CEX
1112,PolyORBLF,COL,S04J06T08,ReachabilityDeadlock,00,TRUE,3,NONE,CEX
1113,PolyORBLF,COL,S04J06T10,ReachabilityDeadlock,00,TRUE,3,NONE,CEX
1114,PolyORBLF,COL,S06J04T04,ReachabilityDeadlock,00,TRUE,3,NONE,CEX
1115,PolyORBLF,COL,S06J04T06,ReachabilityDeadlock,00,TRUE,3,NONE,CEX
1116,PolyORBLF,COL,S06J04T08,ReachabilityDeadlock,00,TRUE,3,NONE,CEX
1117,PolyORBLF,COL,S06J06T04,ReachabilityDeadlock,00,TRUE,3,NONE,CEX
1118,PolyORBLF,COL,S06J06T06,ReachabilityDeadlock,00,TRUE,3,NONE,CEX
1119,PolyORBLF,COL,S06J06T08,ReachabilityDeadlock,00,TRUE,3,NONE,CEX
1120,PolyORBLF,PT,S02J04T06,ReachabilityDeadlock,00,TRUE,3,NONE,CEX
1121,PolyORBLF,PT,S02J04T08,ReachabilityDeadlock,00,TRUE,3,NONE,CEX
1122,PolyORBLF,PT,S02J04T10,ReachabilityDeadlock,00,TRUE,3,NONE,CEX
1123,PolyORBLF,PT,S02J06T06,ReachabilityDeadlock,00,TRUE,3,NONE,CEX
1124,PolyORBLF,PT,S02J06T08,ReachabilityDeadlock,00,TRUE,3,NONE,CEX
1125,PolyORBLF,PT,S02J06T10,ReachabilityDeadlock,00,TRUE,3,NONE,CEX
1126,PolyORBLF,PT,S04J04T06,ReachabilityDeadlock,00,TRUE,3,NONE,CEX
1127,PolyORBLF,PT,S04J04T08,ReachabilityDeadlock,00,TRUE,3,NONE,CEX
1128,PolyORBLF,PT,S04J04T10,ReachabilityDeadlock,00,TRUE,3,NONE,CEX
1129,PolyORBLF,PT,S04J06T06,ReachabilityDeadlock,00,TRUE,3,NONE,CEX
1130,PolyORBLF,PT,S04J06T08,ReachabilityDeadlock,00,TRUE,3,NONE,CEX
1131,PolyORBLF,PT,S04J06T10,ReachabilityDeadlock,00,TRUE,3,NONE,CEX
1132,PolyORBLF,PT,S06J04T04,ReachabilityDeadlock,00,TRUE,3,NONE,CEX
1133,PolyORBLF,PT,S06J04T06,ReachabilityDeadlock,00,TRUE,3,NONE,CEX
1134,PolyORBLF,PT,S06J04T08,ReachabilityDeadlock,00,TRUE,3,NONE,CEX
1135,PolyORBLF,PT,S06J06T04,ReachabilityDeadlock,00,TRUE,3,NONE,CEX
1136,PolyORBLF,PT,S06J06T06,ReachabilityDeadlock,00,TRUE,3,NONE,CEX
1137,PolyORBLF,PT,S06J06T08,ReachabilityDeadlock,00,TRUE,3,NONE,CEX
1138,PolyORBNT,COL,S05J20,ReachabilityDeadlock,00,TRUE,3,NONE,CEX
1139,PolyORBNT,COL,S05J30,ReachabilityDeadlock,00,TRUE,3,NONE,CEX
1140,PolyORBNT,COL,S05J40,ReachabilityDeadlock,00,TRUE,3,NONE,CEX
1141,PolyORBNT,COL,S05J60,ReachabilityDeadlock,00,TRUE,3,NONE,CEX
1142,PolyORBNT,COL,S05J80,ReachabilityDeadlock,00,TRUE,3,NONE,CEX
1143,PolyORBNT,COL,S10J20,ReachabilityDeadlock,00,TRUE,3,NONE,CEX
1144,PolyORBNT,COL,S10J30,ReachabilityDeadlock,00,TRUE,3,NONE,CEX
1145,PolyORBNT,COL,S10J40,ReachabilityDeadlock,00,TRUE,3,NONE,CEX
1146,PolyORBNT,COL,S10J60,ReachabilityDeadlock,00,TRUE,3,NONE,CEX
1147,PolyORBNT,COL,S10J80,ReachabilityDeadlock,00,TRUE,3,NONE,CEX
1148,PolyORBNT,PT,S05J20,ReachabilityDeadlock,00,TRUE,3,NONE,CEX
1149,PolyORBNT,PT,S05J30,ReachabilityDeadlock,00,TRUE,3,NONE,CEX
1150,PolyORBNT,PT,S05J40,ReachabilityDeadlock,00,TRUE,3,NONE,CEX
1151,PolyORBNT,PT,S05J60,ReachabilityDeadlock,00,TRUE,3,NONE,CEX
1152,PolyORBNT,PT,S05J80,ReachabilityDeadlock,00,TRUE,3,NONE,CEX
1153,PolyORBNT,PT,S10J20,ReachabilityDeadlock,00,TRUE,3,NONE,CEX
1154,PolyORBNT,PT,S10J30,ReachabilityDeadlock,00,TRUE,3,NONE,CEX
1155,PolyORBNT,PT,S10J40,ReachabilityDeadlock,00,TRUE,3,NONE,CEX
1156,PolyORBNT,PT,S10J60,ReachabilityDeadlock,00,TRUE,3,NONE,CEX
1157,PolyORBNT,PT,S10J80,ReachabilityDeadlock,00,TRUE,3,NONE,CEX
1158,ProductionCell,PT,none,ReachabilityDeadlock,00,FALSE,2,NUPN,INV
1159,QuasiCertifProtocol,COL,02,ReachabilityDeadlock,00,TRUE,3,NONE,CEX
1160,QuasiCertifProtocol,COL,06,ReachabilityDeadlock,00,TRUE,3,NONE,CEX
1161,QuasiCertifProtocol,COL,10,ReachabilityDeadlock,00,TRUE,3,NONE,CEX
1162,QuasiCertifProtocol,COL,18,ReachabilityDeadlock,00,TRUE,3,NONE,CEX
1163,QuasiCertifProtocol,COL,22,ReachabilityDeadlock,00,TRUE,3,NONE,CEX
1164,QuasiCertifProtocol,COL,28,ReachabilityDeadlock,00,TRUE,3,NONE,CEX
1165,QuasiCertifProtocol,COL,32,ReachabilityDeadlock,00,TRUE,3,NONE,CEX
1166,QuasiCertifProtocol,PT,02,ReachabilityDeadlock,00,TRUE,3,NONE,CEX
1167,QuasiCertifProtocol,PT,06,ReachabilityDeadlock,00,TRUE,3,NONE,CEX
1168,QuasiCertifProtocol,PT,10,ReachabilityDeadlock,00,TRUE,3,NONE,CEX
1169,QuasiCertifProtocol,PT,18,ReachabilityDeadlock,00,TRUE,3,NONE,CEX
1170,QuasiCertifProtocol,PT,22,ReachabilityDeadlock,00,TRUE,3,NONE,CEX
1171,QuasiCertifProtocol,PT,28,ReachabilityDeadlock,00,TRUE,3,NONE,CEX
1172,QuasiCertifProtocol,PT,32,ReachabilityDeadlock,00,TRUE,3,NONE,CEX
1173,Raft,PT,02,ReachabilityDeadlock,00,FALSE,3,NUPN,INV
1174,Raft,PT,03,ReachabilityDeadlock,00,FALSE,3,NUPN,INV
1175,Raft,PT,04,ReachabilityDeadlock,00,FALSE,2,NUPN,INV
1176,Raft,PT,05,ReachabilityDeadlock,00,FALSE,2,NUPN,INV
1177,Raft,PT,06,ReachabilityDeadlock,00,FALSE,2,NUPN,INV
1178,Raft,PT,07,ReachabilityDeadlock,00,FALSE,2,NUPN,INV
1179,Raft,PT,08,ReachabilityDeadlock,00,FALSE,2,NUPN,INV
1180,Raft,PT,09,ReachabilityDeadlock,00,FALSE,2,NUPN,INV
1181,Raft,PT,10,ReachabilityDeadlock,00,FALSE,2,NUPN,INV
1182,Railroad,PT,005,ReachabilityDeadlock,00,FALSE,3,GEN,INV
1183,Railroad,PT,010,ReachabilityDeadlock,00,FALSE,3,GEN,INV
1184,Railroad,PT,020,ReachabilityDeadlock,00,FALSE,2,GEN,INV
1185,Railroad,PT,050,ReachabilityDeadlock,00,FALSE,2,GEN,INV
1186,Railroad,PT,100,ReachabilityDeadlock,00,FALSE,2,GEN,INV
1187,Referendum,COL,0010,ReachabilityDeadlock,00,TRUE,3,NONE,CEX
1188,Referendum,COL,0015,ReachabilityDeadlock,00,TRUE,3,NONE,CEX
1189,Referendum,COL,0020,ReachabilityDeadlock,00,TRUE,3,NONE,CEX
1190,Referendum,COL,0050,ReachabilityDeadlock,00,TRUE,3,NONE,CEX
1191,Referendum,COL,0100,ReachabilityDeadlock,00,TRUE,3,NONE,CEX
1192,Referendum,COL,0200,ReachabilityDeadlock,00,TRUE,3,NONE,CEX
1193,Referendum,COL,0500,ReachabilityDeadlock,00,TRUE,3,NONE,CEX
1194,Referendum,COL,1000,ReachabilityDeadlock,00,TRUE,3,NONE,CEX
1195,Referendum,PT,0010,ReachabilityDeadlock,00,TRUE,3,GEN,CEX
1196,Referendum,PT,0015,ReachabilityDeadlock,00,TRUE,3,GEN,CEX
1197,Referendum,PT,0020,ReachabilityDeadlock,00,TRUE,3,GEN,CEX
1198,Referendum,PT,0050,ReachabilityDeadlock,00,TRUE,3,GEN,CEX
1199,Referendum,PT,0100,ReachabilityDeadlock,00,TRUE,3,GEN,CEX
1200,Referendum,PT,0200,ReachabilityDeadlock,00,TRUE,3,GEN,CEX
1201,Referendum,PT,0500,ReachabilityDeadlock,00,TRUE,3,GEN,CEX
1202,Referendum,PT,1000,ReachabilityDeadlock,00,TRUE,3,GEN,CEX
1203,RefineWMG,PT,002002,ReachabilityDeadlock,00,FALSE,3,NONE,INV
1204,RefineWMG,PT,002003,ReachabilityDeadlock,00,FALSE,3,NONE,INV
1205,RefineWMG,PT,005005,ReachabilityDeadlock,00,FALSE,3,NONE,INV
1206,RefineWMG,PT,005006,ReachabilityDeadlock,00,FALSE,3,NONE,INV
1207,RefineWMG,PT,007007,ReachabilityDeadlock,00,FALSE,3,NONE,INV
1208,RefineWMG,PT,007008,ReachabilityDeadlock,00,FALSE,3,NONE,INV
1209,RefineWMG,PT,010010,ReachabilityDeadlock,00,FALSE,3,NONE,INV
1210,RefineWMG,PT,010011,ReachabilityDeadlock,00,FALSE,3,NONE,INV
1211,RefineWMG,PT,015015,ReachabilityDeadlock,00,FALSE,3,NONE,INV
1212,RefineWMG,PT,015016,ReachabilityDeadlock,00,FALSE,3,NONE,INV
1213,RefineWMG,PT,025025,ReachabilityDeadlock,00,FALSE,3,NONE,INV
1214,RefineWMG,PT,025026,ReachabilityDeadlock,00,FALSE,3,NONE,INV
1215,RefineWMG,PT,050050,ReachabilityDeadlock,00,FALSE,3,NONE,INV
1216,RefineWMG,PT,050051,ReachabilityDeadlock,00,FALSE,3,NONE,INV
1217,RefineWMG,PT,100100,ReachabilityDeadlock,00,FALSE,3,NONE,INV
1218,RefineWMG,PT,100101,ReachabilityDeadlock,00,FALSE,3,NONE,INV
1219,RERS17pb113,PT,1,ReachabilityDeadlock,00,TRUE,3,NUPN,CEX
1220,RERS17pb114,PT,1,ReachabilityDeadlock,00,FALSE,2,NUPN,INV
1221,RERS17pb114,PT,2,ReachabilityDeadlock,00,FALSE,2,NONE,INV
1222,RERS17pb114,PT,3,ReachabilityDeadlock,00,FALSE,2,NONE,INV
1223,RERS17pb114,PT,4,ReachabilityDeadlock,00,FALSE,2,NONE,INV
1224,RERS17pb114,PT,5,ReachabilityDeadlock,00,FALSE,2,NONE,INV
1225,RERS17pb114,PT,6,ReachabilityDeadlock,00,FALSE,2,NONE,INV
1226,RERS17pb114,PT,7,ReachabilityDeadlock,00,FALSE,2,NONE,INV
1227,RERS17pb114,PT,8,ReachabilityDeadlock,00,FALSE,2,NONE,INV
1228,RERS17pb114,PT,9,ReachabilityDeadlock,00,FALSE,2,NONE,INV
1229,RERS2020,PT,pb102,ReachabilityDeadlock,00,TRUE,2,NUPN,CEX
1230,RERS2020,PT,pb103,ReachabilityDeadlock,00,TRUE,3,NUPN,CEX
1231,RERS2020,PT,pb104,ReachabilityDeadlock,00,TRUE,2,NUPN,CEX
1232,RERS2020,PT,pb105,ReachabilityDeadlock,00,TRUE,3,NUPN,CEX
1233,RERS2020,PT,pb106,ReachabilityDeadlock,00,TRUE,3,NUPN,CEX
1234,RERS2020,PT,pb107,ReachabilityDeadlock,00,TRUE,2,NUPN,CEX
1235,RERS2020,PT,pb108,ReachabilityDeadlock,00,TRUE,3,NUPN,CEX
1236,RERS2020,PT,pb109,ReachabilityDeadlock,00,TRUE,3,NUPN,CEX
1237,ResAllocation,PT,R002C002,ReachabilityDeadlock,00,TRUE,3,GEN,CEX
1238,ResAllocation,PT,R003C002,ReachabilityDeadlock,00,TRUE,3,GEN,CEX
1239,ResAllocation,PT,R003C003,ReachabilityDeadlock,00,TRUE,3,GEN,CEX
1240,ResAllocation,PT,R003C005,ReachabilityDeadlock,00,TRUE,3,GEN,CEX
1241,ResAllocation,PT,R003C010,ReachabilityDeadlock,00,TRUE,3,GEN,CEX
1242,ResAllocation,PT,R003C015,ReachabilityDeadlock,00,TRUE,3,GEN,CEX
1243,ResAllocation,PT,R003C020,ReachabilityDeadlock,00,TRUE,3,GEN,CEX
1244,ResAllocation,PT,R003C050,ReachabilityDeadlock,00,TRUE,3,GEN,CEX
1245,ResAllocation,PT,R003C100,ReachabilityDeadlock,00,TRUE,3,GEN,CEX
1246,ResAllocation,PT,R005C002,ReachabilityDeadlock,00,TRUE,3,GEN,CEX
1247,ResAllocation,PT,R010C002,ReachabilityDeadlock,00,TRUE,3,GEN,CEX
1248,ResAllocation,PT,R015C002,ReachabilityDeadlock,00,TRUE,3,GEN,CEX
1249,ResAllocation,PT,R020C002,ReachabilityDeadlock,00,TRUE,3,GEN,CEX
1250,ResAllocation,PT,R050C002,ReachabilityDeadlock,00,TRUE,3,GEN,CEX
1251,ResAllocation,PT,R100C002,ReachabilityDeadlock,00,TRUE,3,GEN,CEX
1252,ResIsolation,PT,N08P1,ReachabilityDeadlock,00,TRUE,3,NONE,CEX
1253,ResIsolation,PT,N08P2,ReachabilityDeadlock,00,TRUE,3,NONE,CEX
1254,ResIsolation,PT,N08P3,ReachabilityDeadlock,00,TRUE,3,NONE,CEX
1255,ResIsolation,PT,N08P4,ReachabilityDeadlock,00,TRUE,3,NONE,CEX
1256,ResIsolation,PT,N08P5,ReachabilityDeadlock,00,TRUE,3,NONE,CEX
1257,ResIsolation,PT,N09P1,ReachabilityDeadlock,00,TRUE,3,NONE,CEX
1258,ResIsolation,PT,N09P2,ReachabilityDeadlock,00,TRUE,3,NONE,CEX
1259,ResIsolation,PT,N09P3,ReachabilityDeadlock,00,TRUE,3,NONE,CEX
1260,ResIsolation,PT,N09P4,ReachabilityDeadlock,00,TRUE,3,NONE,CEX
1261,ResIsolation,PT,N09P5,ReachabilityDeadlock,00,TRUE,3,NONE,CEX
1262,ResIsolation,PT,N10P1,ReachabilityDeadlock,00,TRUE,3,NONE,CEX
1263,ResIsolation,PT,N10P2,ReachabilityDeadlock,00,TRUE,3,NONE,CEX
1264,ResIsolation,PT,N10P3,ReachabilityDeadlock,00,TRUE,3,NONE,CEX
1265,ResIsolation,PT,N11P1,ReachabilityDeadlock,00,TRUE,2,NONE,CEX
1266,ResIsolation,PT,N11P2,ReachabilityDeadlock,00,TRUE,2,NONE,CEX
1267,ResIsolation,PT,N12P1,ReachabilityDeadlock,00,TRUE,3,NONE,CEX
1268,Ring,PT,none,ReachabilityDeadlock,00,FALSE,2,GEN,INV
1269,RingSingleMessageInMbox,PT,d0m005,ReachabilityDeadlock,00,TRUE,3,NONE,CEX
1270,RingSingleMessageInMbox,PT,d0m010,ReachabilityDeadlock,00,TRUE,3,NONE,CEX
1271,RingSingleMessageInMbox,PT,d0m020,ReachabilityDeadlock,00,TRUE,3,NONE,CEX
1272,RingSingleMessageInMbox,PT,d0m040,ReachabilityDeadlock,00,TRUE,3,NONE,CEX
1273,RingSingleMessageInMbox,PT,d0m080,ReachabilityDeadlock,00,TRUE,3,NONE,CEX
1274,RingSingleMessageInMbox,PT,d0m160,ReachabilityDeadlock,00,TRUE,3,NONE,CEX
1275,RingSingleMessageInMbox,PT,d1m005,ReachabilityDeadlock,00,TRUE,3,NONE,CEX
1276,RingSingleMessageInMbox,PT,d1m010,ReachabilityDeadlock,00,TRUE,3,NONE,CEX
1277,RingSingleMessageInMbox,PT,d1m020,ReachabilityDeadlock,00,TRUE,3,NONE,CEX
1278,RingSingleMessageInMbox,PT,d1m040,ReachabilityDeadlock,00,TRUE,3,NONE,CEX
1279,RingSingleMessageInMbox,PT,d1m080,ReachabilityDeadlock,00,TRUE,3,NONE,CEX
1280,RingSingleMessageInMbox,PT,d1m160,ReachabilityDeadlock,00,TRUE,3,NONE,CEX
1281,RingSingleMessageInMbox,PT,d2m005,ReachabilityDeadlock,00,TRUE,3,NONE,CEX
1282,RingSingleMessageInMbox,PT,d2m010,ReachabilityDeadlock,00,TRUE,3,NONE,CEX
1283,RingSingleMessageInMbox,PT,d2m020,ReachabilityDeadlock,00,TRUE,3,NONE,CEX
1284,RingSingleMessageInMbox,PT,d2m040,ReachabilityDeadlock,00,TRUE,3,NONE,CEX
1285,RingSingleMessageInMbox,PT,d2m080,ReachabilityDeadlock,00,TRUE,3,NONE,CEX
1286,RingSingleMessageInMbox,PT,d2m160,ReachabilityDeadlock,00,TRUE,3,NONE,CEX
1287,RobotManipulation,PT,00001,ReachabilityDeadlock,00,FALSE,3,NONE,INV
1288,RobotManipulation,PT,00002,ReachabilityDeadlock,00,FALSE,3,NONE,INV
1289,RobotManipulation,PT,00005,ReachabilityDeadlock,00,FALSE,3,NONE,INV
1290,RobotManipulation,PT,00010,ReachabilityDeadlock,00,FALSE,3,NONE,INV
1291,RobotManipulation,PT,00020,ReachabilityDeadlock,00,FALSE,3,NONE,INV
1292,RobotManipulation,PT,00050,ReachabilityDeadlock,00,FALSE,3,NONE,INV
1293,RobotManipulation,PT,00100,ReachabilityDeadlock,00,FALSE,3,NONE,INV
1294,RobotManipulation,PT,00200,ReachabilityDeadlock,00,FALSE,3,NONE,INV
1295,RobotManipulation,PT,00500,ReachabilityDeadlock,00,FALSE,3,NONE,INV
1296,RobotManipulation,PT,01000,ReachabilityDeadlock,00,FALSE,3,NONE,INV
1297,RobotManipulation,PT,02000,ReachabilityDeadlock,00,FALSE,3,NONE,INV
1298,RobotManipulation,PT,05000,ReachabilityDeadlock,00,FALSE,3,NONE,INV
1299,RobotManipulation,PT,10000,ReachabilityDeadlock,00,FALSE,3,NONE,INV
1300,RwMutex,PT,r0010w0010,ReachabilityDeadlock,00,FALSE,3,GEN,INV
1301,RwMutex,PT,r0010w0020,ReachabilityDeadlock,00,FALSE,3,GEN,INV
1302,RwMutex,PT,r0010w0050,ReachabilityDeadlock,00,FALSE,3,GEN,INV
1303,RwMutex,PT,r0010w0100,ReachabilityDeadlock,00,FALSE,3,GEN,INV
1304,RwMutex,PT,r0010w0500,ReachabilityDeadlock,00,FALSE,3,GEN,INV
1305,RwMutex,PT,r0010w1000,ReachabilityDeadlock,00,FALSE,3,GEN,INV
1306,RwMutex,PT,r0010w2000,ReachabilityDeadlock,00,FALSE,3,GEN,INV
1307,RwMutex,PT,r0020w0010,ReachabilityDeadlock,00,FALSE,3,GEN,INV
1308,RwMutex,PT,r0100w0010,ReachabilityDeadlock,00,FALSE,3,GEN,INV
1309,RwMutex,PT,r0500w0010,ReachabilityDeadlock,00,FALSE,3,GEN,INV
1310,RwMutex,PT,r1000w0010,ReachabilityDeadlock,00,FALSE,3,GEN,INV
1311,RwMutex,PT,r2000w0010,ReachabilityDeadlock,00,FALSE,3,GEN,INV
1312,SafeBus,COL,03,ReachabilityDeadlock,00,FALSE,3,NONE,INV
1313,SafeBus,COL,06,ReachabilityDeadlock,00,FALSE,3,NONE,INV
1314,SafeBus,PT,03,ReachabilityDeadlock,00,FALSE,3,GEN,INV
1315,SafeBus,PT,06,ReachabilityDeadlock,00,FALSE,3,GEN,INV
1316,SatelliteMemory,PT,X00100Y0003,ReachabilityDeadlock,00,FALSE,3,NONE,INV
1317,SatelliteMemory,PT,X01000Y0032,ReachabilityDeadlock,00,FALSE,3,NONE,INV
1318,SatelliteMemory,PT,X01500Y0046,ReachabilityDeadlock,00,FALSE,3,NONE,INV
1319,SatelliteMemory,PT,X03000Y0094,ReachabilityDeadlock,00,FALSE,3,NONE,INV
1320,SatelliteMemory,PT,X65535Y2048,ReachabilityDeadlock,00,FALSE,3,NONE,INV
1321,SemanticWebServices,PT,S064P06,ReachabilityDeadlock,00,FALSE,3,NONE,INV
1322,SemanticWebServices,PT,S064P09,ReachabilityDeadlock,00,FALSE,3,NONE,INV
1323,SemanticWebServices,PT,S064P12,ReachabilityDeadlock,00,TRUE,3,NONE,CEX
1324,SemanticWebServices,PT,S064P15,ReachabilityDeadlock,00,TRUE,3,NONE,CEX
1325,SemanticWebServices,PT,S064P18,ReachabilityDeadlock,00,TRUE,3,NONE,CEX
1326,SemanticWebServices,PT,S128P06,ReachabilityDeadlock,00,FALSE,3,NONE,INV
1327,SemanticWebServices,PT,S128P09,ReachabilityDeadlock,00,FALSE,3,NONE,INV
1328,SemanticWebServices,PT,S128P12,ReachabilityDeadlock,00,FALSE,3,NONE,INV
1329,SemanticWebServices,PT,S128P15,ReachabilityDeadlock,00,FALSE,3,NONE,INV
1330,SemanticWebServices,PT,S128P18,ReachabilityDeadlock,00,FALSE,3,NONE,INV
1331,SemanticWebServices,PT,S256P06,ReachabilityDeadlock,00,FALSE,3,NONE,INV
1332,SemanticWebServices,PT,S256P09,ReachabilityDeadlock,00,FALSE,3,NONE,INV
1333,SemanticWebServices,PT,S256P12,ReachabilityDeadlock,00,FALSE,3,NONE,INV
1334,SemanticWebServices,PT,S256P15,ReachabilityDeadlock,00,FALSE,3,NONE,INV
1335,SemanticWebServices,PT,S256P18,ReachabilityDeadlock,00,FALSE,3,NONE,INV
1336,ServersAndClients,PT,100020,ReachabilityDeadlock,00,FALSE,3,GEN,INV
1337,ServersAndClients,PT,100040,ReachabilityDeadlock,00,FALSE,3,GEN,INV
1338,ServersAndClients,PT,100080,ReachabilityDeadlock,00,FALSE,3,GEN,INV
1339,ServersAndClients,PT,100160,ReachabilityDeadlock,00,FALSE,3,GEN,INV
1340,ServersAndClients,PT,100320,ReachabilityDeadlock,00,FALSE,3,GEN,INV
1341,ServersAndClients,PT,200040,ReachabilityDeadlock,00,FALSE,3,GEN,INV
1342,ServersAndClients,PT,200080,ReachabilityDeadlock,00,FALSE,3,GEN,INV
1343,ServersAndClients,PT,200160,ReachabilityDeadlock,00,FALSE,3,GEN,INV
1344,ServersAndClients,PT,200320,ReachabilityDeadlock,00,FALSE,3,GEN,INV
1345,ServersAndClients,PT,400080,ReachabilityDeadlock,00,FALSE,3,GEN,INV
1346,ServersAndClients,PT,400160,ReachabilityDeadlock,00,FALSE,3,GEN,INV
1347,SharedMemory,COL,000005,ReachabilityDeadlock,00,FALSE,3,NONE,INV
1348,SharedMemory,COL,000010,ReachabilityDeadlock,00,FALSE,3,NONE,INV
1349,SharedMemory,COL,000020,ReachabilityDeadlock,00,FALSE,3,NONE,INV
1350,SharedMemory,COL,000050,ReachabilityDeadlock,00,FALSE,3,NONE,INV
1351,SharedMemory,COL,000100,ReachabilityDeadlock,00,FALSE,3,NONE,INV
1352,SharedMemory,COL,000200,ReachabilityDeadlock,00,FALSE,3,NONE,INV
1353,SharedMemory,COL,000500,ReachabilityDeadlock,00,FALSE,2,NONE,INV
1354,SharedMemory,COL,001000,ReachabilityDeadlock,00,FALSE,1,NONE,INV
1355,SharedMemory,PT,000005,ReachabilityDeadlock,00,FALSE,3,GEN,INV
1356,SharedMemory,PT,000010,ReachabilityDeadlock,00,FALSE,3,GEN,INV
1357,SharedMemory,PT,000020,ReachabilityDeadlock,00,FALSE,3,GEN,INV
1358,SharedMemory,PT,000050,ReachabilityDeadlock,00,FALSE,3,GEN,INV
1359,SharedMemory,PT,000100,ReachabilityDeadlock,00,FALSE,3,GEN,INV
1360,SharedMemory,PT,000200,ReachabilityDeadlock,00,FALSE,3,GEN,INV
1361,ShieldIIPs,PT,001A,ReachabilityDeadlock,00,TRUE,3,NUPN,CEX
1362,ShieldIIPs,PT,001B,ReachabilityDeadlock,00,TRUE,3,NUPN,CEX
1363,ShieldIIPs,PT,002A,ReachabilityDeadlock,00,TRUE,3,NUPN,CEX
1364,ShieldIIPs,PT,002B,ReachabilityDeadlock,00,TRUE,3,NUPN,CEX
1365,ShieldIIPs,PT,003A,ReachabilityDeadlock,00,TRUE,3,NUPN,CEX
1366,ShieldIIPs,PT,003B,ReachabilityDeadlock,00,TRUE,3,NUPN,CEX
1367,ShieldIIPs,PT,004A,ReachabilityDeadlock,00,TRUE,3,NUPN,CEX
1368,ShieldIIPs,PT,004B,ReachabilityDeadlock,00,TRUE,3,NUPN,CEX
1369,ShieldIIPs,PT,005A,ReachabilityDeadlock,00,TRUE,3,NUPN,CEX
1370,ShieldIIPs,PT,005B,ReachabilityDeadlock,00,TRUE,3,NUPN,CEX
1371,ShieldIIPs,PT,010A,ReachabilityDeadlock,00,TRUE,3,NUPN,CEX
1372,ShieldIIPs,PT,010B,ReachabilityDeadlock,00,TRUE,3,NUPN,CEX
1373,ShieldIIPs,PT,020A,ReachabilityDeadlock,00,TRUE,3,NUPN,CEX
1374,ShieldIIPs,PT,020B,ReachabilityDeadlock,00,TRUE,3,NUPN,CEX
1375,ShieldIIPs,PT,030A,ReachabilityDeadlock,00,TRUE,3,NUPN,CEX
1376,ShieldIIPs,PT,030B,ReachabilityDeadlock,00,TRUE,3,NUPN,CEX
1377,ShieldIIPs,PT,040A,ReachabilityDeadlock,00,TRUE,3,NUPN,CEX
1378,ShieldIIPs,PT,040B,ReachabilityDeadlock,00,TRUE,3,NUPN,CEX
1379,ShieldIIPs,PT,050A,ReachabilityDeadlock,00,TRUE,3,NUPN,CEX
1380,ShieldIIPs,PT,050B,ReachabilityDeadlock,00,TRUE,3,NUPN,CEX
1381,ShieldIIPs,PT,100A,ReachabilityDeadlock,00,TRUE,3,NUPN,CEX
1382,ShieldIIPs,PT,100B,ReachabilityDeadlock,00,TRUE,3,NUPN,CEX
1383,ShieldIIPt,PT,001A,ReachabilityDeadlock,00,FALSE,3,NUPN,INV
1384,ShieldIIPt,PT,001B,ReachabilityDeadlock,00,TRUE,3,NUPN,CEX
1385,ShieldIIPt,PT,002A,ReachabilityDeadlock,00,FALSE,3,NUPN,INV
1386,ShieldIIPt,PT,002B,ReachabilityDeadlock,00,TRUE,3,NUPN,CEX
1387,ShieldIIPt,PT,003A,ReachabilityDeadlock,00,FALSE,3,NUPN,INV
1388,ShieldIIPt,PT,003B,ReachabilityDeadlock,00,TRUE,3,NUPN,CEX
1389,ShieldIIPt,PT,004A,ReachabilityDeadlock,00,FALSE,2,NUPN,INV
1390,ShieldIIPt,PT,004B,ReachabilityDeadlock,00,TRUE,3,NUPN,CEX
1391,ShieldIIPt,PT,005A,ReachabilityDeadlock,00,FALSE,2,NUPN,INV
1392,ShieldIIPt,PT,005B,ReachabilityDeadlock,00,TRUE,3,NUPN,CEX
1393,ShieldIIPt,PT,010A,ReachabilityDeadlock,00,FALSE,2,NUPN,INV
1394,ShieldIIPt,PT,020A,ReachabilityDeadlock,00,FALSE,2,NUPN,INV
1395,ShieldIIPt,PT,020B,ReachabilityDeadlock,00,TRUE,3,NUPN,CEX
1396,ShieldIIPt,PT,030A,ReachabilityDeadlock,00,FALSE,2,NUPN,INV
1397,ShieldIIPt,PT,040A,ReachabilityDeadlock,00,FALSE,2,NUPN,INV
1398,ShieldIIPt,PT,050A,ReachabilityDeadlock,00,FALSE,2,NUPN,INV
1399,ShieldIIPt,PT,100A,ReachabilityDeadlock,00,FALSE,2,NUPN,INV
1400,ShieldPPPs,PT,001A,ReachabilityDeadlock,00,TRUE,3,NUPN,CEX
1401,ShieldPPPs,PT,001B,ReachabilityDeadlock,00,TRUE,3,NUPN,CEX
1402,ShieldPPPs,PT,002A,ReachabilityDeadlock,00,TRUE,3,NUPN,CEX
1403,ShieldPPPs,PT,002B,ReachabilityDeadlock,00,TRUE,3,NUPN,CEX
1404,ShieldPPPs,PT,003A,ReachabilityDeadlock,00,TRUE,3,NUPN,CEX
1405,ShieldPPPs,PT,003B,ReachabilityDeadlock,00,TRUE,3,NUPN,CEX
1406,ShieldPPPs,PT,004A,ReachabilityDeadlock,00,TRUE,3,NUPN,CEX
1407,ShieldPPPs,PT,004B,ReachabilityDeadlock,00,TRUE,3,NUPN,CEX
1408,ShieldPPPs,PT,005A,ReachabilityDeadlock,00,TRUE,3,NUPN,CEX
1409,ShieldPPPs,PT,005B,ReachabilityDeadlock,00,TRUE,3,NUPN,CEX
1410,ShieldPPPs,PT,010A,ReachabilityDeadlock,00,TRUE,3,NUPN,CEX
1411,ShieldPPPs,PT,010B,ReachabilityDeadlock,00,TRUE,3,NUPN,CEX
1412,ShieldPPPs,PT,020A,ReachabilityDeadlock,00,TRUE,3,NUPN,CEX
1413,ShieldPPPs,PT,020B,ReachabilityDeadlock,00,TRUE,3,NUPN,CEX
1414,ShieldPPPs,PT,030A,ReachabilityDeadlock,00,TRUE,3,NUPN,CEX
1415,ShieldPPPs,PT,030B,ReachabilityDeadlock,00,TRUE,3,NUPN,CEX
1416,ShieldPPPs,PT,040A,ReachabilityDeadlock,00,TRUE,3,NUPN,CEX
1417,ShieldPPPs,PT,040B,ReachabilityDeadlock,00,TRUE,3,NUPN,CEX
1418,ShieldPPPs,PT,050A,ReachabilityDeadlock,00,TRUE,3,NUPN,CEX
1419,ShieldPPPs,PT,050B,ReachabilityDeadlock,00,TRUE,3,NUPN,CEX
1420,ShieldPPPs,PT,100A,ReachabilityDeadlock,00,TRUE,3,NUPN,CEX
1421,ShieldPPPs,PT,100B,ReachabilityDeadlock,00,TRUE,3,NUPN,CEX
1422,ShieldPPPt,PT,001A,ReachabilityDeadlock,00,FALSE,3,NUPN,INV
1423,ShieldPPPt,PT,001B,ReachabilityDeadlock,00,TRUE,3,NUPN,CEX
1424,ShieldPPPt,PT,002A,ReachabilityDeadlock,00,FALSE,3,NUPN,INV
1425,ShieldPPPt,PT,002B,ReachabilityDeadlock,00,TRUE,3,NUPN,CEX
1426,ShieldPPPt,PT,003A,ReachabilityDeadlock,00,FALSE,2,NUPN,INV
1427,ShieldPPPt,PT,003B,ReachabilityDeadlock,00,TRUE,3,NUPN,CEX
1428,ShieldPPPt,PT,004A,ReachabilityDeadlock,00,FALSE,2,NUPN,INV
1429,ShieldPPPt,PT,004B,ReachabilityDeadlock,00,TRUE,3,NUPN,CEX
1430,ShieldPPPt,PT,005A,ReachabilityDeadlock,00,FALSE,2,NUPN,INV
1431,ShieldPPPt,PT,005B,ReachabilityDeadlock,00,TRUE,3,NUPN,CEX
1432,ShieldPPPt,PT,010A,ReachabilityDeadlock,00,FALSE,2,NUPN,INV
1433,ShieldPPPt,PT,010B,ReachabilityDeadlock,00,TRUE,2,NUPN,CEX
1434,ShieldPPPt,PT,020A,ReachabilityDeadlock,00,FALSE,2,NUPN,INV
1435,ShieldPPPt,PT,020B,ReachabilityDeadlock,00,TRUE,3,NUPN,CEX
1436,ShieldPPPt,PT,030A,ReachabilityDeadlock,00,FALSE,2,NUPN,INV
1437,ShieldPPPt,PT,040A,ReachabilityDeadlock,00,FALSE,2,NUPN,INV
1438,ShieldPPPt,PT,040B,ReachabilityDeadlock,00,TRUE,3,NUPN,CEX
1439,ShieldPPPt,PT,050A,ReachabilityDeadlock,00,FALSE,2,NUPN,INV
1440,ShieldPPPt,PT,100A,ReachabilityDeadlock,00,FALSE,2,NUPN,INV
1441,ShieldRVs,PT,001A,ReachabilityDeadlock,00,TRUE,3,NUPN,CEX
1442,ShieldRVs,PT,001B,ReachabilityDeadlock,00,TRUE,3,NUPN,CEX
1443,ShieldRVs,PT,002A,ReachabilityDeadlock,00,TRUE,3,NUPN,CEX
1444,ShieldRVs,PT,002B,ReachabilityDeadlock,00,TRUE,3,NUPN,CEX
1445,ShieldRVs,PT,003A,ReachabilityDeadlock,00,TRUE,3,NUPN,CEX
1446,ShieldRVs,PT,003B,ReachabilityDeadlock,00,TRUE,3,NUPN,CEX
1447,ShieldRVs,PT,004A,ReachabilityDeadlock,00,TRUE,3,NUPN,CEX
1448,ShieldRVs,PT,004B,ReachabilityDeadlock,00,TRUE,3,NUPN,CEX
1449,ShieldRVs,PT,005A,ReachabilityDeadlock,00,TRUE,3,NUPN,CEX
1450,ShieldRVs,PT,005B,ReachabilityDeadlock,00,TRUE,3,NUPN,CEX
1451,ShieldRVs,PT,010A,ReachabilityDeadlock,00,TRUE,3,NUPN,CEX
1452,ShieldRVs,PT,010B,ReachabilityDeadlock,00,TRUE,3,NUPN,CEX
1453,ShieldRVs,PT,020A,ReachabilityDeadlock,00,TRUE,3,NUPN,CEX
1454,ShieldRVs,PT,020B,ReachabilityDeadlock,00,TRUE,3,NUPN,CEX
1455,ShieldRVs,PT,030A,ReachabilityDeadlock,00,TRUE,3,NUPN,CEX
1456,ShieldRVs,PT,030B,ReachabilityDeadlock,00,TRUE,3,NUPN,CEX
1457,ShieldRVs,PT,040A,ReachabilityDeadlock,00,TRUE,3,NUPN,CEX
1458,ShieldRVs,PT,040B,ReachabilityDeadlock,00,TRUE,3,NUPN,CEX
1459,ShieldRVs,PT,050A,ReachabilityDeadlock,00,TRUE,3,NUPN,CEX
1460,ShieldRVs,PT,050B,ReachabilityDeadlock,00,TRUE,3,NUPN,CEX
1461,ShieldRVs,PT,100A,ReachabilityDeadlock,00,TRUE,3,NUPN,CEX
1462,ShieldRVs,PT,100B,ReachabilityDeadlock,00,TRUE,3,NUPN,CEX
1463,ShieldRVt,PT,001A,ReachabilityDeadlock,00,FALSE,3,NUPN,INV
1464,ShieldRVt,PT,001B,ReachabilityDeadlock,00,TRUE,3,NUPN,CEX
1465,ShieldRVt,PT,002A,ReachabilityDeadlock,00,FALSE,3,NUPN,INV
1466,ShieldRVt,PT,002B,ReachabilityDeadlock,00,TRUE,3,NUPN,CEX
1467,ShieldRVt,PT,003A,ReachabilityDeadlock,00,FALSE,3,NUPN,INV
1468,ShieldRVt,PT,003B,ReachabilityDeadlock,00,TRUE,3,NUPN,CEX
1469,ShieldRVt,PT,004A,ReachabilityDeadlock,00,FALSE,3,NUPN,INV
1470,ShieldRVt,PT,004B,ReachabilityDeadlock,00,TRUE,3,NUPN,CEX
1471,ShieldRVt,PT,005A,ReachabilityDeadlock,00,FALSE,3,NUPN,INV
1472,ShieldRVt,PT,005B,ReachabilityDeadlock,00,TRUE,3,NUPN,CEX
1473,ShieldRVt,PT,010A,ReachabilityDeadlock,00,FALSE,2,NUPN,INV
1474,ShieldRVt,PT,010B,ReachabilityDeadlock,00,TRUE,3,NUPN,CEX
1475,ShieldRVt,PT,020A,ReachabilityDeadlock,00,FALSE,2,NUPN,INV
1476,ShieldRVt,PT,020B,ReachabilityDeadlock,00,TRUE,3,NUPN,CEX
1477,ShieldRVt,PT,030A,ReachabilityDeadlock,00,FALSE,2,NUPN,INV
1478,ShieldRVt,PT,030B,ReachabilityDeadlock,00,TRUE,3,NUPN,CEX
1479,ShieldRVt,PT,040A,ReachabilityDeadlock,00,FALSE,2,NUPN,INV
1480,ShieldRVt,PT,040B,ReachabilityDeadlock,00,TRUE,3,NUPN,CEX
1481,ShieldRVt,PT,050A,ReachabilityDeadlock,00,FALSE,2,NUPN,INV
1482,ShieldRVt,PT,050B,ReachabilityDeadlock,00,TRUE,3,NUPN,CEX
1483,ShieldRVt,PT,100A,ReachabilityDeadlock,00,FALSE,2,NUPN,INV
1484,ShieldRVt,PT,100B,ReachabilityDeadlock,00,TRUE,3,NUPN,CEX
1485,SieveSingleMsgMbox,PT,d0m04,ReachabilityDeadlock,00,TRUE,3,NONE,CEX
1486,SieveSingleMsgMbox,PT,d0m06,ReachabilityDeadlock,00,TRUE,3,NONE,CEX
1487,SieveSingleMsgMbox,PT,d0m18,ReachabilityDeadlock,00,TRUE,3,NONE,CEX
1488,SieveSingleMsgMbox,PT,d0m36,ReachabilityDeadlock,00,TRUE,3,NONE,CEX
1489,SieveSingleMsgMbox,PT,d0m64,ReachabilityDeadlock,00,TRUE,3,NONE,CEX
1490,SieveSingleMsgMbox,PT,d0m96,ReachabilityDeadlock,00,TRUE,3,NONE,CEX
1491,SieveSingleMsgMbox,PT,d1m04,ReachabilityDeadlock,00,TRUE,3,NONE,CEX
1492,SieveSingleMsgMbox,PT,d1m06,ReachabilityDeadlock,00,TRUE,3,NONE,CEX
1493,SieveSingleMsgMbox,PT,d1m18,ReachabilityDeadlock,00,TRUE,3,NONE,CEX
1494,SieveSingleMsgMbox,PT,d1m36,ReachabilityDeadlock,00,TRUE,3,NONE,CEX
1495,SieveSingleMsgMbox,PT,d1m64,ReachabilityDeadlock,00,TRUE,3,NONE,CEX
1496,SieveSingleMsgMbox,PT,d1m96,ReachabilityDeadlock,00,TRUE,3,NONE,CEX
1497,SieveSingleMsgMbox,PT,d2m04,ReachabilityDeadlock,00,TRUE,3,NONE,CEX
1498,SieveSingleMsgMbox,PT,d2m06,ReachabilityDeadlock,00,TRUE,3,NONE,CEX
1499,SieveSingleMsgMbox,PT,d2m18,ReachabilityDeadlock,00,TRUE,3,NONE,CEX
1500,SieveSingleMsgMbox,PT,d2m36,ReachabilityDeadlock,00,TRUE,3,NONE,CEX
1501,SieveSingleMsgMbox,PT,d2m64,ReachabilityDeadlock,00,TRUE,3,NONE,CEX
1502,SieveSingleMsgMbox,PT,d2m96,ReachabilityDeadlock,00,TRUE,3,NONE,CEX
1503,SimpleLoadBal,PT,02,ReachabilityDeadlock,00,FALSE,3,GEN,INV
1504,SimpleLoadBal,PT,05,ReachabilityDeadlock,00,FALSE,3,GEN,INV
1505,SimpleLoadBal,PT,10,ReachabilityDeadlock,00,FALSE,3,GEN,INV
1506,SimpleLoadBal,PT,15,ReachabilityDeadlock,00,FALSE,2,GEN,INV
1507,SimpleLoadBal,PT,20,ReachabilityDeadlock,00,FALSE,2,GEN,INV
1508,SmallOperatingSystem,PT,MT0016DC0008,ReachabilityDeadlock,00,FALSE,3,NONE,INV
1509,SmallOperatingSystem,PT,MT0032DC0008,ReachabilityDeadlock,00,FALSE,3,NONE,INV
1510,SmallOperatingSystem,PT,MT0032DC0016,ReachabilityDeadlock,00,FALSE,3,NONE,INV
1511,SmallOperatingSystem,PT,MT0064DC0016,ReachabilityDeadlock,00,FALSE,3,NONE,INV
1512,SmallOperatingSystem,PT,MT0064DC0032,ReachabilityDeadlock,00,FALSE,3,NONE,INV
1513,SmallOperatingSystem,PT,MT0128DC0032,ReachabilityDeadlock,00,FALSE,3,NONE,INV
1514,SmallOperatingSystem,PT,MT0128DC0064,ReachabilityDeadlock,00,FALSE,3,NONE,INV
1515,SmallOperatingSystem,PT,MT0256DC0064,ReachabilityDeadlock,00,FALSE,3,NONE,INV
1516,SmallOperatingSystem,PT,MT0256DC0128,ReachabilityDeadlock,00,FALSE,3,NONE,INV
1517,SmallOperatingSystem,PT,MT0512DC0128,ReachabilityDeadlock,00,FALSE,3,NONE,INV
1518,SmallOperatingSystem,PT,MT0512DC0256,ReachabilityDeadlock,00,FALSE,3,NONE,INV
1519,SmallOperatingSystem,PT,MT1024DC0256,ReachabilityDeadlock,00,FALSE,3,NONE,INV
1520,SmallOperatingSystem,PT,MT1024DC0512,ReachabilityDeadlock,00,FALSE,3,NONE,INV
1521,SmallOperatingSystem,PT,MT2048DC0512,ReachabilityDeadlock,00,FALSE,3,NONE,INV
1522,SmallOperatingSystem,PT,MT2048DC1024,ReachabilityDeadlock,00,FALSE,3,NONE,INV
1523,SmallOperatingSystem,PT,MT4096DC1024,ReachabilityDeadlock,00,FALSE,3,NONE,INV
1524,SmallOperatingSystem,PT,MT4096DC2048,ReachabilityDeadlock,00,FALSE,3,NONE,INV
1525,SmallOperatingSystem,PT,MT8192DC2048,ReachabilityDeadlock,00,FALSE,3,NONE,INV
1526,SmallOperatingSystem,PT,MT8192DC4096,ReachabilityDeadlock,00,FALSE,3,NONE,INV
1527,SmartHome,PT,01,ReachabilityDeadlock,00,FALSE,3,NUPN,INV
1528,SmartHome,PT,02,ReachabilityDeadlock,00,FALSE,3,NUPN,INV
1529,SmartHome,PT,03,ReachabilityDeadlock,00,FALSE,3,NUPN,INV
1530,SmartHome,PT,04,ReachabilityDeadlock,00,TRUE,3,NUPN,CEX
1531,SmartHome,PT,05,ReachabilityDeadlock,00,TRUE,3,NUPN,CEX
1532,SmartHome,PT,06,ReachabilityDeadlock,00,TRUE,3,NUPN,CEX
1533,SmartHome,PT,07,ReachabilityDeadlock,00,TRUE,3,NUPN,CEX
1534,SmartHome,PT,08,ReachabilityDeadlock,00,TRUE,3,NUPN,CEX
1535,SmartHome,PT,09,ReachabilityDeadlock,00,TRUE,3,NUPN,CEX
1536,SmartHome,PT,10,ReachabilityDeadlock,00,TRUE,3,NUPN,CEX
1537,SmartHome,PT,11,ReachabilityDeadlock,00,TRUE,3,NUPN,CEX
1538,SmartHome,PT,12,ReachabilityDeadlock,00,TRUE,3,NUPN,CEX
1539,SmartHome,PT,13,ReachabilityDeadlock,00,TRUE,3,NUPN,CEX
1540,SmartHome,PT,14,ReachabilityDeadlock,00,TRUE,3,NUPN,CEX
1541,SmartHome,PT,15,ReachabilityDeadlock,00,TRUE,3,NUPN,CEX
1542,SmartHome,PT,16,ReachabilityDeadlock,00,TRUE,3,NUPN,CEX
1543,SmartHome,PT,17,ReachabilityDeadlock,00,TRUE,3,NUPN,CEX
1544,SmartHome,PT,18,ReachabilityDeadlock,00,TRUE,3,NUPN,CEX
1545,SmartHome,PT,19,ReachabilityDeadlock,00,TRUE,3,NUPN,CEX
1546,Solitaire,PT,EngCT7x7,ReachabilityDeadlock,00,TRUE,3,NONE,CEX
1547,Solitaire,PT,EngNC7x7,ReachabilityDeadlock,00,TRUE,3,GEN,CEX
1548,Solitaire,PT,FrnCT7x7,ReachabilityDeadlock,00,TRUE,3,NONE,CEX
1549,Solitaire,PT,FrnNC7x7,ReachabilityDeadlock,00,TRUE,3,GEN,CEX
1550,Solitaire,PT,SqrCT5x5,ReachabilityDeadlock,00,TRUE,3,NONE,CEX
1551,Solitaire,PT,SqrNC5x5,ReachabilityDeadlock,00,TRUE,3,GEN,CEX
1552,SquareGrid,PT,020102,ReachabilityDeadlock,00,TRUE,3,NONE,CEX
1553,SquareGrid,PT,040204,ReachabilityDeadlock,00,TRUE,3,NONE,CEX
1554,SquareGrid,PT,080408,ReachabilityDeadlock,00,TRUE,3,NONE,CEX
1555,SquareGrid,PT,100510,ReachabilityDeadlock,00,TRUE,3,NONE,CEX
1556,SquareGrid,PT,130613,ReachabilityDeadlock,00,TRUE,2,NONE,CEX
1557,StigmergyCommit,PT,02a,ReachabilityDeadlock,00,FALSE,3,NUPN,INV
1558,StigmergyCommit,PT,02b,ReachabilityDeadlock,00,TRUE,3,NUPN,CEX
1559,StigmergyCommit,PT,03a,ReachabilityDeadlock,00,FALSE,3,NUPN,INV
1560,StigmergyCommit,PT,03b,ReachabilityDeadlock,00,TRUE,3,NUPN,CEX
1561,StigmergyCommit,PT,04a,ReachabilityDeadlock,00,FALSE,3,NUPN,INV
1562,StigmergyCommit,PT,04b,ReachabilityDeadlock,00,TRUE,3,NUPN,CEX
1563,StigmergyCommit,PT,05a,ReachabilityDeadlock,00,FALSE,3,NUPN,INV
1564,StigmergyCommit,PT,05b,ReachabilityDeadlock,00,TRUE,3,NUPN,CEX
1565,StigmergyCommit,PT,06a,ReachabilityDeadlock,00,FALSE,3,NUPN,INV
1566,StigmergyCommit,PT,06b,ReachabilityDeadlock,00,TRUE,3,NUPN,CEX
1567,StigmergyCommit,PT,07a,ReachabilityDeadlock,00,FALSE,3,NUPN,INV
1568,StigmergyCommit,PT,07b,ReachabilityDeadlock,00,TRUE,3,NUPN,CEX
1569,StigmergyCommit,PT,08a,ReachabilityDeadlock,00,FALSE,3,NUPN,INV
1570,StigmergyCommit,PT,08b,ReachabilityDeadlock,00,TRUE,3,NUPN,CEX
1571,StigmergyCommit,PT,09a,ReachabilityDeadlock,00,FALSE,3,NUPN,INV
1572,StigmergyCommit,PT,09b,ReachabilityDeadlock,00,TRUE,3,NUPN,CEX
1573,StigmergyCommit,PT,10a,ReachabilityDeadlock,00,FALSE,3,NUPN,INV
1574,StigmergyCommit,PT,10b,ReachabilityDeadlock,00,TRUE,3,NUPN,CEX
1575,StigmergyCommit,PT,11a,ReachabilityDeadlock,00,FALSE,2,NUPN,INV
1576,StigmergyCommit,PT,11b,ReachabilityDeadlock,00,TRUE,3,NUPN,CEX
1577,StigmergyElection,PT,02a,ReachabilityDeadlock,00,FALSE,3,NUPN,INV
1578,StigmergyElection,PT,02b,ReachabilityDeadlock,00,TRUE,3,NUPN,CEX
1579,StigmergyElection,PT,03a,ReachabilityDeadlock,00,FALSE,3,NUPN,INV
1580,StigmergyElection,PT,03b,ReachabilityDeadlock,00,TRUE,3,NUPN,CEX
1581,StigmergyElection,PT,04a,ReachabilityDeadlock,00,FALSE,3,NUPN,INV
1582,StigmergyElection,PT,04b,ReachabilityDeadlock,00,TRUE,3,NUPN,CEX
1583,StigmergyElection,PT,05a,ReachabilityDeadlock,00,FALSE,3,NUPN,INV
1584,StigmergyElection,PT,05b,ReachabilityDeadlock,00,TRUE,3,NUPN,CEX
1585,StigmergyElection,PT,06a,ReachabilityDeadlock,00,FALSE,3,NUPN,INV
1586,StigmergyElection,PT,06b,ReachabilityDeadlock,00,TRUE,3,NUPN,CEX
1587,StigmergyElection,PT,07a,ReachabilityDeadlock,00,FALSE,3,NUPN,INV
1588,StigmergyElection,PT,07b,ReachabilityDeadlock,00,TRUE,3,NUPN,CEX
1589,StigmergyElection,PT,08a,ReachabilityDeadlock,00,FALSE,3,NUPN,INV
1590,StigmergyElection,PT,08b,ReachabilityDeadlock,00,TRUE,3,NUPN,CEX
1591,StigmergyElection,PT,09a,ReachabilityDeadlock,00,FALSE,3,NUPN,INV
1592,StigmergyElection,PT,09b,ReachabilityDeadlock,00,TRUE,3,NUPN,CEX
1593,StigmergyElection,PT,10a,ReachabilityDeadlock,00,FALSE,3,NUPN,INV
1594,StigmergyElection,PT,10b,ReachabilityDeadlock,00,TRUE,3,NUPN,CEX
1595,StigmergyElection,PT,11a,ReachabilityDeadlock,00,FALSE,3,NUPN,INV
1596,StigmergyElection,PT,11b,ReachabilityDeadlock,00,TRUE,3,NUPN,CEX
1597,Sudoku,COL,AN01,ReachabilityDeadlock,00,TRUE,3,NONE,CEX
1598,Sudoku,COL,AN02,ReachabilityDeadlock,00,TRUE,3,NONE,CEX
1599,Sudoku,COL,AN03,ReachabilityDeadlock,00,TRUE,3,NONE,CEX
1600,Sudoku,COL,AN04,ReachabilityDeadlock,00,TRUE,3,NONE,CEX
1601,Sudoku,COL,AN05,ReachabilityDeadlock,00,TRUE,3,NONE,CEX
1602,Sudoku,COL,AN06,ReachabilityDeadlock,00,TRUE,3,NONE,CEX
1603,Sudoku,COL,AN07,ReachabilityDeadlock,00,TRUE,3,NONE,CEX
1604,Sudoku,COL,AN08,ReachabilityDeadlock,00,TRUE,3,NONE,CEX
1605,Sudoku,COL,AN09,ReachabilityDeadlock,00,TRUE,3,NONE,CEX
1606,Sudoku,COL,AN10,ReachabilityDeadlock,00,TRUE,3,NONE,CEX
1607,Sudoku,COL,AN11,ReachabilityDeadlock,00,TRUE,3,NONE,CEX
1608,Sudoku,COL,AN12,ReachabilityDeadlock,00,TRUE,3,NONE,CEX
1609,Sudoku,COL,AN13,ReachabilityDeadlock,00,TRUE,3,NONE,CEX
1610,Sudoku,COL,AN14,ReachabilityDeadlock,00,TRUE,3,NONE,CEX
1611,Sudoku,COL,AN15,ReachabilityDeadlock,00,TRUE,3,NONE,CEX
1612,Sudoku,COL,AN16,ReachabilityDeadlock,00,TRUE,3,NONE,CEX
1613,Sudoku,COL,BN01,ReachabilityDeadlock,00,TRUE,3,NONE,CEX
1614,Sudoku,COL,BN04,ReachabilityDeadlock,00,TRUE,3,NONE,CEX
1615,Sudoku,COL,BN09,ReachabilityDeadlock,00,TRUE,3,NONE,CEX
1616,Sudoku,COL,BN16,ReachabilityDeadlock,00,TRUE,3,NONE,CEX
1617,Sudoku,PT,AN01,ReachabilityDeadlock,00,TRUE,3,GEN,CEX
1618,Sudoku,PT,AN02,ReachabilityDeadlock,00,TRUE,3,GEN,CEX
1619,Sudoku,PT,AN03,ReachabilityDeadlock,00,TRUE,3,GEN,CEX
1620,Sudoku,PT,AN04,ReachabilityDeadlock,00,TRUE,3,GEN,CEX
1621,Sudoku,PT,AN05,ReachabilityDeadlock,00,TRUE,3,GEN,CEX
1622,Sudoku,PT,AN06,ReachabilityDeadlock,00,TRUE,3,GEN,CEX
1623,Sudoku,PT,AN07,ReachabilityDeadlock,00,TRUE,3,GEN,CEX
1624,Sudoku,PT,AN08,ReachabilityDeadlock,00,TRUE,3,GEN,CEX
1625,Sudoku,PT,AN09,ReachabilityDeadlock,00,TRUE,3,GEN,CEX
1626,Sudoku,PT,AN10,ReachabilityDeadlock,00,TRUE,3,GEN,CEX
1627,Sudoku,PT,AN11,ReachabilityDeadlock,00,TRUE,3,GEN,CEX
1628,Sudoku,PT,AN12,ReachabilityDeadlock,00,TRUE,3,GEN,CEX
1629,Sudoku,PT,AN13,ReachabilityDeadlock,00,TRUE,3,GEN,CEX
1630,Sudoku,PT,AN14,ReachabilityDeadlock,00,TRUE,3,GEN,CEX
1631,Sudoku,PT,AN15,ReachabilityDeadlock,00,TRUE,3,GEN,CEX
1632,Sudoku,PT,AN16,ReachabilityDeadlock,00,TRUE,3,GEN,CEX
1633,Sudoku,PT,BN01,ReachabilityDeadlock,00,TRUE,3,GEN,CEX
1634,Sudoku,PT,BN04,ReachabilityDeadlock,00,TRUE,3,GEN,CEX
1635,Sudoku,PT,BN09,ReachabilityDeadlock,00,TRUE,3,GEN,CEX
1636,Sudoku,PT,BN16,ReachabilityDeadlock,00,TRUE,3,GEN,CEX
1637,SwimmingPool,PT,01,ReachabilityDeadlock,00,FALSE,3,NONE,INV
1638,SwimmingPool,PT,02,ReachabilityDeadlock,00,FALSE,3,NONE,INV
1639,SwimmingPool,PT,03,ReachabilityDeadlock,00,FALSE,3,NONE,INV
1640,SwimmingPool,PT,04,ReachabilityDeadlock,00,FALSE,3,NONE,INV
1641,SwimmingPool,PT,05,ReachabilityDeadlock,00,FALSE,3,NONE,INV
1642,SwimmingPool,PT,06,ReachabilityDeadlock,00,FALSE,3,NONE,INV
1643,SwimmingPool,PT,07,ReachabilityDeadlock,00,FALSE,3,NONE,INV
1644,SwimmingPool,PT,08,ReachabilityDeadlock,00,FALSE,3,NONE,INV
1645,SwimmingPool,PT,09,ReachabilityDeadlock,00,FALSE,3,NONE,INV
1646,SwimmingPool,PT,10,ReachabilityDeadlock,00,FALSE,3,NONE,INV
1647,Szymanski,PT,a02,ReachabilityDeadlock,00,TRUE,3,NONE,CEX
1648,Szymanski,PT,a04,ReachabilityDeadlock,00,TRUE,3,NONE,CEX
1649,Szymanski,PT,a06,ReachabilityDeadlock,00,TRUE,3,NONE,CEX
1650,Szymanski,PT,a08,ReachabilityDeadlock,00,TRUE,3,NONE,CEX
1651,Szymanski,PT,a10,ReachabilityDeadlock,00,TRUE,3,NONE,CEX
1652,Szymanski,PT,a12,ReachabilityDeadlock,00,TRUE,3,NONE,CEX
1653,Szymanski,PT,b02,ReachabilityDeadlock,00,TRUE,3,NONE,CEX
1654,Szymanski,PT,b04,ReachabilityDeadlock,00,TRUE,2,NONE,CEX
1655,Szymanski,PT,b06,ReachabilityDeadlock,00,TRUE,3,NONE,CEX
1656,Szymanski,PT,b08,ReachabilityDeadlock,00,TRUE,3,NONE,CEX
1657,Szymanski,PT,b10,ReachabilityDeadlock,00,TRUE,3,NONE,CEX
1658,Szymanski,PT,b12,ReachabilityDeadlock,00,TRUE,3,NONE,CEX
1659,TCPcondis,PT,05,ReachabilityDeadlock,00,FALSE,3,NONE,INV
1660,TCPcondis,PT,10,ReachabilityDeadlock,00,FALSE,2,NONE,INV
1661,TCPcondis,PT,15,ReachabilityDeadlock,00,FALSE,2,NONE,INV
1662,TCPcondis,PT,20,ReachabilityDeadlock,00,FALSE,2,NONE,INV
1663,TCPcondis,PT,25,ReachabilityDeadlock,00,FALSE,2,NONE,INV
1664,TCPcondis,PT,30,ReachabilityDeadlock,00,FALSE,2,NONE,INV
1665,TCPcondis,PT,35,ReachabilityDeadlock,00,FALSE,2,NONE,INV
1666,TCPcondis,PT,40,ReachabilityDeadlock,00,FALSE,2,NONE,INV
1667,TCPcondis,PT,50,ReachabilityDeadlock,00,FALSE,2,NONE,INV
1668,TokenRing,COL,005,ReachabilityDeadlock,00,FALSE,3,NONE,INV
1669,TokenRing,COL,010,ReachabilityDeadlock,00,FALSE,3,NONE,INV
1670,TokenRing,COL,015,ReachabilityDeadlock,00,FALSE,2,NONE,INV
1671,TokenRing,COL,020,ReachabilityDeadlock,00,FALSE,2,NONE,INV
1672,TokenRing,COL,030,ReachabilityDeadlock,00,FALSE,2,NONE,INV
1673,TokenRing,COL,040,ReachabilityDeadlock,00,FALSE,2,NONE,INV
1674,TokenRing,PT,005,ReachabilityDeadlock,00,FALSE,3,GEN,INV
1675,TokenRing,PT,010,ReachabilityDeadlock,00,FALSE,3,GEN,INV
1676,TokenRing,PT,015,ReachabilityDeadlock,00,FALSE,2,GEN,INV
1677,TokenRing,PT,020,ReachabilityDeadlock,00,FALSE,2,GEN,INV
1678,TokenRing,PT,030,ReachabilityDeadlock,00,FALSE,2,GEN,INV
1679,TokenRing,PT,040,ReachabilityDeadlock,00,FALSE,2,GEN,INV
1680,TriangularGrid,PT,1200,ReachabilityDeadlock,00,FALSE,3,NONE,INV
1681,TriangularGrid,PT,1500,ReachabilityDeadlock,00,FALSE,3,NONE,INV
1682,TriangularGrid,PT,2011,ReachabilityDeadlock,00,TRUE,3,NONE,CEX
1683,TriangularGrid,PT,3011,ReachabilityDeadlock,00,TRUE,3,NONE,CEX
1684,TriangularGrid,PT,3026,ReachabilityDeadlock,00,TRUE,3,NONE,CEX
1685,TriangularGrid,PT,4022,ReachabilityDeadlock,00,TRUE,3,NONE,CEX
1686,TriangularGrid,PT,5020,ReachabilityDeadlock,00,TRUE,3,NONE,CEX
1687,TriangularGrid,PT,5046,ReachabilityDeadlock,00,TRUE,3,NONE,CEX
1688,TwoPhaseLocking,PT,nC00004vD,ReachabilityDeadlock,00,TRUE,3,NONE,CEX
1689,TwoPhaseLocking,PT,nC00004vN,ReachabilityDeadlock,00,FALSE,3,NONE,INV
1690,TwoPhaseLocking,PT,nC00010vD,ReachabilityDeadlock,00,TRUE,3,NONE,CEX
1691,TwoPhaseLocking,PT,nC00010vN,ReachabilityDeadlock,00,FALSE,3,NONE,INV
1692,TwoPhaseLocking,PT,nC00020vD,ReachabilityDeadlock,00,TRUE,3,NONE,CEX
1693,TwoPhaseLocking,PT,nC00020vN,ReachabilityDeadlock,00,FALSE,3,NONE,INV
1694,TwoPhaseLocking,PT,nC00050vD,ReachabilityDeadlock,00,TRUE,3,NONE,CEX
1695,TwoPhaseLocking,PT,nC00050vN,ReachabilityDeadlock,00,FALSE,3,NONE,INV
1696,TwoPhaseLocking,PT,nC00100vD,ReachabilityDeadlock,00,TRUE,3,NONE,CEX
1697,TwoPhaseLocking,PT,nC00100vN,ReachabilityDeadlock,00,FALSE,3,NONE,INV
1698,TwoPhaseLocking,PT,nC00200vD,ReachabilityDeadlock,00,TRUE,3,NONE,CEX
1699,TwoPhaseLocking,PT,nC00200vN,ReachabilityDeadlock,00,FALSE,3,NONE,INV
1700,TwoPhaseLocking,PT,nC00500vD,ReachabilityDeadlock,00,TRUE,3,NONE,CEX
1701,TwoPhaseLocking,PT,nC00500vN,ReachabilityDeadlock,00,FALSE,3,NONE,INV
1702,TwoPhaseLocking,PT,nC01000vD,ReachabilityDeadlock,00,TRUE,3,NONE,CEX
1703,TwoPhaseLocking,PT,nC01000vN,ReachabilityDeadlock,00,FALSE,3,NONE,INV
1704,TwoPhaseLocking,PT,nC02000vD,ReachabilityDeadlock,00,TRUE,3,NONE,CEX
1705,TwoPhaseLocking,PT,nC02000vN,ReachabilityDeadlock,00,FALSE,3,NONE,INV
1706,TwoPhaseLocking,PT,nC05000vD,ReachabilityDeadlock,00,TRUE,3,NONE,CEX
1707,TwoPhaseLocking,PT,nC05000vN,ReachabilityDeadlock,00,FALSE,3,NONE,INV
1708,TwoPhaseLocking,PT,nC10000vD,ReachabilityDeadlock,00,TRUE,3,NONE,CEX
1709,TwoPhaseLocking,PT,nC10000vN,ReachabilityDeadlock,00,FALSE,3,NONE,INV
1710,UtahNoC,PT,none,ReachabilityDeadlock,00,FALSE,3,NUPN,INV
1711,UtilityControlRoom,COL,Z2T3N04,ReachabilityDeadlock,00,FALSE,3,NONE,INV
1712,UtilityControlRoom,COL,Z2T3N06,ReachabilityDeadlock,00,FALSE,3,NONE,INV
1713,UtilityControlRoom,COL,Z2T3N08,ReachabilityDeadlock,00,FALSE,3,NONE,INV
1714,UtilityControlRoom,COL,Z2T3N10,ReachabilityDeadlock,00,FALSE,3,NONE,INV
1715,UtilityControlRoom,COL,Z2T4N02,ReachabilityDeadlock,00,FALSE,3,NONE,INV
1716,UtilityControlRoom,COL,Z2T4N04,ReachabilityDeadlock,00,FALSE,3,NONE,INV
1717,UtilityControlRoom,COL,Z2T4N06,ReachabilityDeadlock,00,FALSE,3,NONE,INV
1718,UtilityControlRoom,COL,Z2T4N08,ReachabilityDeadlock,00,FALSE,3,NONE,INV
1719,UtilityControlRoom,COL,Z2T4N10,ReachabilityDeadlock,00,FALSE,3,NONE,INV
1720,UtilityControlRoom,COL,Z4T3N06,ReachabilityDeadlock,00,FALSE,3,NONE,INV
1721,UtilityControlRoom,COL,Z4T3N08,ReachabilityDeadlock,00,FALSE,3,NONE,INV
1722,UtilityControlRoom,COL,Z4T3N10,ReachabilityDeadlock,00,FALSE,3,NONE,INV
1723,UtilityControlRoom,COL,Z4T4N02,ReachabilityDeadlock,00,FALSE,3,NONE,INV
1724,UtilityControlRoom,COL,Z4T4N04,ReachabilityDeadlock,00,FALSE,3,NONE,INV
1725,UtilityControlRoom,COL,Z4T4N06,ReachabilityDeadlock,00,FALSE,3,NONE,INV
1726,UtilityControlRoom,COL,Z4T4N08,ReachabilityDeadlock,00,FALSE,3,NONE,INV
1727,UtilityControlRoom,COL,Z4T4N10,ReachabilityDeadlock,00,FALSE,2,NONE,INV
1728,UtilityControlRoom,PT,Z2T3N04,ReachabilityDeadlock,00,FALSE,3,NONE,INV
1729,UtilityControlRoom,PT,Z2T3N06,ReachabilityDeadlock,00,FALSE,3,NONE,INV
1730,UtilityControlRoom,PT,Z2T3N08,ReachabilityDeadlock,00,FALSE,3,NONE,INV
1731,UtilityControlRoom,PT,Z2T3N10,ReachabilityDeadlock,00,FALSE,3,NONE,INV
1732,UtilityControlRoom,PT,Z2T4N02,ReachabilityDeadlock,00,FALSE,3,NONE,INV
1733,UtilityControlRoom,PT,Z2T4N04,ReachabilityDeadlock,00,FALSE,3,NONE,INV
1734,UtilityControlRoom,PT,Z2T4N06,ReachabilityDeadlock,00,FALSE,3,NONE,INV
1735,UtilityControlRoom,PT,Z2T4N08,ReachabilityDeadlock,00,FALSE,3,NONE,INV
1736,UtilityControlRoom,PT,Z2T4N10,ReachabilityDeadlock,00,FALSE,2,NONE,INV
1737,UtilityControlRoom,PT,Z4T3N06,ReachabilityDeadlock,00,FALSE,2,NONE,INV
1738,UtilityControlRoom,PT,Z4T3N08,ReachabilityDeadlock,00,FALSE,2,NONE,INV
1739,UtilityControlRoom,PT,Z4T3N10,ReachabilityDeadlock,00,FALSE,2,NONE,INV
1740,UtilityControlRoom,PT,Z4T4N02,ReachabilityDeadlock,00,FALSE,3,NONE,INV
1741,UtilityControlRoom,PT,Z4T4N04,ReachabilityDeadlock,00,FALSE,3,NONE,INV
1742,UtilityControlRoom,PT,Z4T4N06,ReachabilityDeadlock,00,FALSE,2,NONE,INV
1743,UtilityControlRoom,PT,Z4T4N08,ReachabilityDeadlock,00,FALSE,2,NONE,INV
1744,UtilityControlRoom,PT,Z4T4N10,ReachabilityDeadlock,00,FALSE,2,NONE,INV
1745,Vasy2003,PT,none,ReachabilityDeadlock,00,FALSE,3,NUPN,INV
1746,VehicularWifi,COL,none,ReachabilityDeadlock,00,FALSE,2,NONE,INV
1747,ViralEpidemic,PT,S02D1C1A10,ReachabilityDeadlock,00,TRUE,3,GEN,CEX
1748,ViralEpidemic,PT,S02D1C1A12,ReachabilityDeadlock,00,TRUE,3,GEN,CEX
1749,ViralEpidemic,PT,S03D1C1A02,ReachabilityDeadlock,00,TRUE,3,GEN,CEX
1750,ViralEpidemic,PT,S03D1C1A04,ReachabilityDeadlock,00,TRUE,3,GEN,CEX
1751,ViralEpidemic,PT,S03D1C1A06,ReachabilityDeadlock,00,TRUE,3,GEN,CEX
1752,ViralEpidemic,PT,S03D1C1A08,ReachabilityDeadlock,00,TRUE,3,GEN,CEX
1753,ViralEpidemic,PT,S04D1C1A02,ReachabilityDeadlock,00,TRUE,3,GEN,CEX
1754,ViralEpidemic,PT,S04D1C1A03,ReachabilityDeadlock,00,TRUE,3,GEN,CEX
1755,ViralEpidemic,PT,S04D1C1A04,ReachabilityDeadlock,00,TRUE,3,GEN,CEX
1756,ViralEpidemic,PT,S04D1C1A06,ReachabilityDeadlock,00,TRUE,3,GEN,CEX
1757,ViralEpidemic,PT,S08D1C2A02,ReachabilityDeadlock,00,TRUE,3,NONE,CEX
1758,ViralEpidemic,PT,S08D1C2A04,ReachabilityDeadlock,00,TRUE,3,NONE,CEX
1759,ViralEpidemic,PT,S16D2C4A01,ReachabilityDeadlock,00,TRUE,3,NONE,CEX
1760,ViralEpidemic,PT,S16D2C4A02,ReachabilityDeadlock,00,TRUE,3,NONE,CEX
1761,ViralEpidemic,PT,S16D2C4A03,ReachabilityDeadlock,00,TRUE,3,NONE,CEX
1762,ZombiesAndSurvivors,PT,Circular04005005,ReachabilityDeadlock,00,FALSE,3,NONE,INV
1763,ZombiesAndSurvivors,PT,Circular04100100,ReachabilityDeadlock,00,FALSE,3,NONE,INV
1764,ZombiesAndSurvivors,PT,Circular32050050,ReachabilityDeadlock,00,FALSE,3,NONE,INV
1765,ZombiesAndSurvivors,PT,Circular64010010,ReachabilityDeadlock,00,FALSE,3,NONE,INV
1766,ZombiesAndSurvivors,PT,Circular8100100,ReachabilityDeadlock,00,FALSE,3,NONE,INV
1767,ZombiesAndSurvivors,PT,Heawood140505,ReachabilityDeadlock,00,FALSE,3,NONE,INV
1768,ZombiesAndSurvivors,PT,Heawood146060,ReachabilityDeadlock,00,FALSE,3,NONE,INV
1769,ZombiesAndSurvivors,PT,Heawood172525,ReachabilityDeadlock,00,FALSE,3,NONE,INV
1770,ZombiesAndSurvivors,PT,Heawood175050,ReachabilityDeadlock,00,FALSE,3,NONE,INV
1771,ZombiesAndSurvivors,PT,Heawood381515,ReachabilityDeadlock,00,FALSE,3,NONE,INV
1772,ZombiesAndSurvivors,PT,Kneser210702005005,ReachabilityDeadlock,00,FALSE,3,NONE,INV
1773,ZombiesAndSurvivors,PT,Kneser210702060060,ReachabilityDeadlock,00,FALSE,3,NONE,INV
1774,ZombiesAndSurvivors,PT,Kneser210702080080,ReachabilityDeadlock,00,FALSE,3,NONE,INV
1775,ZombiesAndSurvivors,PT,Kneser350703060060,ReachabilityDeadlock,00,FALSE,3,NONE,INV
1776,ZombiesAndSurvivors,PT,Kneser350703100100,ReachabilityDeadlock,00,FALSE,3,NONE,INV
1777,ErlangenMainframeV1,PT,aP09C09,ReachabilityDeadlock,00,FALSE,3,NONE,INV
1778,ErlangenMainframeV1,PT,aP10C08,ReachabilityDeadlock,00,FALSE,3,NONE,INV
1779,ErlangenMainframeV1,PT,aP11C06,ReachabilityDeadlock,00,FALSE,3,NONE,INV
1780,ErlangenMainframeV1,PT,aP12C04,ReachabilityDeadlock,00,FALSE,3,NONE,INV
1781,ErlangenMainframeV1,PT,aP13C02,ReachabilityDeadlock,00,FALSE,3,NONE,INV
1782,ErlangenMainframeV1,PT,aP14C01,ReachabilityDeadlock,00,FALSE,3,NONE,INV
1783,ErlangenMainframeV1,PT,bP01C01,ReachabilityDeadlock,00,FALSE,3,NONE,INV
1784,ErlangenMainframeV1,PT,bP02C02,ReachabilityDeadlock,00,FALSE,3,NONE,INV
1785,ErlangenMainframeV1,PT,bP03C03,ReachabilityDeadlock,00,FALSE,3,NONE,INV
1786,ErlangenMainframeV1,PT,bP04C04,ReachabilityDeadlock,00,FALSE,3,NONE,INV
1787,ErlangenMainframeV1,PT,bP05C05,ReachabilityDeadlock,00,FALSE,3,NONE,INV
1788,ErlangenMainframeV1,PT,bP06C06,ReachabilityDeadlock,00,FALSE,3,NONE,INV
1789,ErlangenMainframeV1,PT,bP07C07,ReachabilityDeadlock,00,FALSE,2,NONE,INV
1790,ErlangenMainframeV1,PT,bP08C08,ReachabilityDeadlock,00,FALSE,2,NONE,INV
1791,ErlangenMainframeV1,PT,bP09C09,ReachabilityDeadlock,00,FALSE,2,NONE,INV
1792,ErlangenMainframeV1,PT,bP10C08,ReachabilityDeadlock,00,FALSE,2,NONE,INV
1793,ErlangenMainframeV1,PT,bP11C06,ReachabilityDeadlock,00,FALSE,2,NONE,INV
1794,ErlangenMainframeV1,PT,bP12C04,ReachabilityDeadlock,00,FALSE,2,NONE,INV
1795,ErlangenMainframeV1,PT,bP13C02,ReachabilityDeadlock,00,FALSE,2,NONE,INV
1796,ErlangenMainframeV1,PT,bP14C01,ReachabilityDeadlock,00,FALSE,2,NONE,INV
1797,ErlangenMainframeV2,PT,aP09C09,ReachabilityDeadlock,00,FALSE,3,NONE,INV
1798,ErlangenMainframeV2,PT,aP10C08,ReachabilityDeadlock,00,FALSE,3,NONE,INV
1799,ErlangenMainframeV2,PT,aP11C06,ReachabilityDeadlock,00,FALSE,3,NONE,INV
1800,ErlangenMainframeV2,PT,aP12C04,ReachabilityDeadlock,00,FALSE,3,NONE,INV
1801,ErlangenMainframeV2,PT,aP13C02,ReachabilityDeadlock,00,FALSE,3,NONE,INV
1802,ErlangenMainframeV2,PT,aP14C01,ReachabilityDeadlock,00,FALSE,3,NONE,INV
1803,ErlangenMainframeV2,PT,bP01C01,ReachabilityDeadlock,00,FALSE,3,NONE,INV
1804,ErlangenMainframeV2,PT,bP02C02,ReachabilityDeadlock,00,FALSE,3,NONE,INV
1805,ErlangenMainframeV2,PT,bP03C03,ReachabilityDeadlock,00,FALSE,3,NONE,INV
1806,ErlangenMainframeV2,PT,bP04C04,ReachabilityDeadlock,00,FALSE,3,NONE,INV
1807,ErlangenMainframeV2,PT,bP05C05,ReachabilityDeadlock,00,FALSE,3,NONE,INV
1808,ErlangenMainframeV2,PT,bP06C06,ReachabilityDeadlock,00,FALSE,3,NONE,INV
1809,ErlangenMainframeV2,PT,bP07C07,ReachabilityDeadlock,00,FALSE,2,NONE,INV
1810,ErlangenMainframeV2,PT,bP08C08,ReachabilityDeadlock,00,FALSE,2,NONE,INV
1811,ErlangenMainframeV2,PT,bP09C09,ReachabilityDeadlock,00,FALSE,2,NONE,INV
1812,ErlangenMainframeV2,PT,bP10C08,ReachabilityDeadlock,00,FALSE,2,NONE,INV
1813,ErlangenMainframeV2,PT,bP11C06,ReachabilityDeadlock,00,FALSE,2,NONE,INV
1814,ErlangenMainframeV2,PT,bP12C04,ReachabilityDeadlock,00,FALSE,2,NONE,INV
1815,ErlangenMainframeV2,PT,bP13C02,ReachabilityDeadlock,00,FALSE,2,NONE,INV
1816,ErlangenMainframeV2,PT,bP14C01,ReachabilityDeadlock,00,FALSE,2,NONE,INV
1817,FileSystem,PT,N02I05B05,ReachabilityDeadlock,00,TRUE,3,NONE,CEX
1818,FileSystem,PT,N02I10B08,ReachabilityDeadlock,00,FALSE,3,NONE,INV
1819,FileSystem,PT,N02I10B10,ReachabilityDeadlock,00,TRUE,3,NONE,CEX
1820,FileSystem,PT,N02I15B15,ReachabilityDeadlock,00,TRUE,3,NONE,CEX
1821,FileSystem,PT,N03I10B08,ReachabilityDeadlock,00,FALSE,3,NONE,INV
1822,FileSystem,PT,N03I10B10,ReachabilityDeadlock,00,TRUE,3,NONE,CEX
1823,FileSystem,PT,N03I10B15,ReachabilityDeadlock,00,TRUE,3,NONE,CEX
1824,FileSystem,PT,N05I10B10,ReachabilityDeadlock,00,TRUE,3,NONE,CEX
1825,FileSystem,PT,N05I10B15,ReachabilityDeadlock,00,TRUE,3,NONE,CEX
1826,FileSystem,PT,N08I32B26,ReachabilityDeadlock,00,FALSE,2,NONE,INV
1827,LastZero,COL,N08,ReachabilityDeadlock,00,TRUE,3,NONE,CEX
1828,LastZero,COL,N10,ReachabilityDeadlock,00,TRUE,3,NONE,CEX
1829,LastZero,COL,N12,ReachabilityDeadlock,00,TRUE,3,NONE,CEX
1830,LastZero,COL,N14,ReachabilityDeadlock,00,TRUE,3,NONE,CEX
1831,LastZero,COL,N16,ReachabilityDeadlock,00,TRUE,3,NONE,CEX
1832,LastZero,COL,N18,ReachabilityDeadlock,00,TRUE,3,NONE,CEX
1833,LastZero,COL,N20,ReachabilityDeadlock,00,TRUE,3,NONE,CEX
1834,LastZero,COL,N22,ReachabilityDeadlock,00,TRUE,3,NONE,CEX
1835,LastZero,COL,N24,ReachabilityDeadlock,00,TRUE,3,NONE,CEX
1836,LastZero,COL,N26,ReachabilityDeadlock,00,TRUE,3,NONE,CEX
1837,LastZero,PT,N08,ReachabilityDeadlock,00,TRUE,3,NONE,CEX
1838,LastZero,PT,N10,ReachabilityDeadlock,00,TRUE,3,NONE,CEX
1839,LastZero,PT,N12,ReachabilityDeadlock,00,TRUE,3,NONE,CEX
1840,LastZero,PT,N14,ReachabilityDeadlock,00,TRUE,3,NONE,CEX
1841,LastZero,PT,N16,ReachabilityDeadlock,00,TRUE,3,NONE,CEX
1842,LastZero,PT,N18,ReachabilityDeadlock,00,TRUE,3,NONE,CEX
1843,LastZero,PT,N20,ReachabilityDeadlock,00,TRUE,3,NONE,CEX
1844,LastZero,PT,N22,ReachabilityDeadlock,00,TRUE,3,NONE,CEX
1845,LastZero,PT,N24,ReachabilityDeadlock,00,TRUE,3,NONE,CEX
1846,LastZero,PT,N26,ReachabilityDeadlock,00,TRUE,3,NONE,CEX
1847,SupplyChain,PT,00002,ReachabilityDeadlock,00,FALSE,3,NONE,INV
1848,SupplyChain,PT,00005,ReachabilityDeadlock,00,FALSE,3,NONE,INV
1849,SupplyChain,PT,00010,ReachabilityDeadlock,00,FALSE,3,NONE,INV
1850,SupplyChain,PT,00020,ReachabilityDeadlock,00,FALSE,3,NONE,INV
1851,SupplyChain,PT,00050,ReachabilityDeadlock,00,FALSE,2,NONE,INV
1852,SupplyChain,PT,00100,ReachabilityDeadlock,00,TRUE,3,NONE,CEX
1853,SupplyChain,PT,00200,ReachabilityDeadlock,00,TRUE,3,NONE,CEX
1854,SupplyChain,PT,00500,ReachabilityDeadlock,00,TRUE,3,NONE,CEX
1855,SupplyChain,PT,01000,ReachabilityDeadlock,00,TRUE,3,NONE,CEX
1856,SupplyChain,PT,02000,ReachabilityDeadlock,00,TRUE,3,NONE,CEX
1857,SupplyChain,PT,03000,ReachabilityDeadlock,00,TRUE,3,NONE,CEX
1858,SupplyChain,PT,04000,ReachabilityDeadlock,00,TRUE,3,NONE,CEX
1859,SupplyChain,PT,05000,ReachabilityDeadlock,00,TRUE,3,NONE,CEX
1860,SupplyChain,PT,06000,ReachabilityDeadlock,00,TRUE,3,NONE,CEX
1861,SupplyChain,PT,07000,ReachabilityDeadlock,00,TRUE,3,NONE,CEX
1862,SupplyChain,PT,08000,ReachabilityDeadlock,00,TRUE,3,NONE,CEX
1863,DLCflexbar,PT,8b,ReachabilityDeadlock,00,TRUE,1,NUPN,CEX
1864,FunctionPointer,PT,c004,ReachabilityDeadlock,00,TRUE,1,NONE,CEX
1865,FunctionPointer,PT,c008,ReachabilityDeadlock,00,TRUE,1,NONE,CEX
1866,GPPP,PT,C0010N1000000000,ReachabilityDeadlock,00,TRUE,1,NONE,CEX
1867,PhilosophersDyn,COL,50,ReachabilityDeadlock,00,TRUE,1,NONE,CEX
1868,RERS2020,PT,pb101,ReachabilityDeadlock,00,FALSE,2,NUPN,INV
1869,ResIsolation,PT,N10P4,ReachabilityDeadlock,00,TRUE,2,NONE,CEX
1870,ResIsolation,PT,N11P3,ReachabilityDeadlock,00,TRUE,2,NONE,CEX
1871,ResIsolation,PT,N12P2,ReachabilityDeadlock,00,TRUE,2,NONE,CEX
1872,ResIsolation,PT,N13P1,ReachabilityDeadlock,00,TRUE,2,NONE,CEX
1873,ShieldIIPt,PT,010B,ReachabilityDeadlock,00,TRUE,1,NUPN,CEX
1874,ShieldIIPt,PT,030B,ReachabilityDeadlock,00,TRUE,1,NUPN,CEX
1875,ShieldIIPt,PT,040B,ReachabilityDeadlock,00,TRUE,1,NUPN,CEX
1876,ShieldIIPt,PT,050B,ReachabilityDeadlock,00,TRUE,1,NUPN,CEX
1877,ShieldIIPt,PT,100B,ReachabilityDeadlock,00,TRUE,2,NUPN,CEX
1878,ShieldPPPt,PT,030B,ReachabilityDeadlock,00,TRUE,1,NUPN,CEX
1879,ShieldPPPt,PT,050B,ReachabilityDeadlock,00,TRUE,1,NUPN,CEX
1880,ShieldPPPt,PT,100B,ReachabilityDeadlock,00,TRUE,2,NUPN,CEX
1881,FileSystem,COL,N02I05B05,ReachabilityDeadlock,00,TRUE,1,NONE,CEX
1882,FileSystem,COL,N02I10B08,ReachabilityDeadlock,00,FALSE,1,NONE,INV
1883,FileSystem,COL,N02I10B10,ReachabilityDeadlock,00,TRUE,1,NONE,CEX
1884,FileSystem,COL,N02I15B15,ReachabilityDeadlock,00,TRUE,1,NONE,CEX
1885,FileSystem,COL,N03I10B08,ReachabilityDeadlock,00,FALSE,1,NONE,INV
1886,FileSystem,COL,N03I10B10,ReachabilityDeadlock,00,TRUE,1,NONE,CEX
1887,FileSystem,COL,N03I10B15,ReachabilityDeadlock,00,TRUE,1,NONE,CEX
1888,FileSystem,COL,N05I10B10,ReachabilityDeadlock,00,TRUE,1,NONE,CEX
1889,FileSystem,COL,N05I10B15,ReachabilityDeadlock,00,TRUE,1,NONE,CEX
1890,SupplyChain,PT,09000,ReachabilityDeadlock,00,TRUE,1,NONE,CEX
1891,SupplyChain,PT,10000,ReachabilityDeadlock,00,TRUE,1,NONE,CEX
1892,DatabaseWithMutex,PT,20,ReachabilityDeadlock,00,FALSE,1,GEN,INV
1893,PGCD,COL,D02N100,ReachabilityDeadlock,00,FALSE,1,NONE,INV
1894,AirplaneLD,COL,0010,QuasiLiveness,00,TRUE,3,NONE,INV
1895,AirplaneLD,COL,0020,QuasiLiveness,00,TRUE,3,NONE,INV
1896,AirplaneLD,COL,0050,QuasiLiveness,00,TRUE,3,NONE,INV
1897,AirplaneLD,COL,0100,QuasiLiveness,00,TRUE,3,NONE,INV
1898,AirplaneLD,COL,0200,QuasiLiveness,00,TRUE,3,NONE,INV
1899,AirplaneLD,COL,0500,QuasiLiveness,00,TRUE,3,NONE,INV
1900,AirplaneLD,COL,1000,QuasiLiveness,00,TRUE,3,NONE,INV
1901,AirplaneLD,COL,2000,QuasiLiveness,00,TRUE,3,NONE,INV
1902,AirplaneLD,COL,4000,QuasiLiveness,00,TRUE,3,NONE,INV
1903,AirplaneLD,PT,0010,QuasiLiveness,00,TRUE,3,GEN,INV
1904,AirplaneLD,PT,0020,QuasiLiveness,00,TRUE,3,GEN,INV
1905,AirplaneLD,PT,0050,QuasiLiveness,00,TRUE,3,GEN,INV
1906,AirplaneLD,PT,0100,QuasiLiveness,00,TRUE,3,GEN,INV
1907,AirplaneLD,PT,0200,QuasiLiveness,00,TRUE,3,GEN,INV
1908,AirplaneLD,PT,0500,QuasiLiveness,00,TRUE,3,GEN,INV
1909,AirplaneLD,PT,1000,QuasiLiveness,00,TRUE,3,GEN,INV
1910,AirplaneLD,PT,2000,QuasiLiveness,00,TRUE,2,GEN,INV
1911,AirplaneLD,PT,4000,QuasiLiveness,00,TRUE,3,GEN,INV
1912,Anderson,PT,04,QuasiLiveness,00,TRUE,3,NUPN,INV
1913,Anderson,PT,05,QuasiLiveness,00,TRUE,3,NUPN,INV
1914,Anderson,PT,06,QuasiLiveness,00,TRUE,3,NUPN,INV
1915,Anderson,PT,07,QuasiLiveness,00,TRUE,2,NUPN,INV
1916,Anderson,PT,08,QuasiLiveness,00,TRUE,2,NUPN,INV
1917,Anderson,PT,09,QuasiLiveness,00,TRUE,2,NUPN,INV
1918,Anderson,PT,10,QuasiLiveness,00,TRUE,2,NUPN,INV
1919,Angiogenesis,PT,01,QuasiLiveness,00,FALSE,3,GEN,CEX
1920,Angiogenesis,PT,05,QuasiLiveness,00,TRUE,3,NONE,INV
1921,Angiogenesis,PT,10,QuasiLiveness,00,TRUE,3,NONE,INV
1922,Angiogenesis,PT,15,QuasiLiveness,00,TRUE,3,NONE,INV
1923,Angiogenesis,PT,20,QuasiLiveness,00,TRUE,3,NONE,INV
1924,Angiogenesis,PT,25,QuasiLiveness,00,TRUE,3,NONE,INV
1925,Angiogenesis,PT,50,QuasiLiveness,00,TRUE,3,NONE,INV
1926,ARMCacheCoherence,PT,none,QuasiLiveness,00,TRUE,3,NUPN,INV
1927,ASLink,PT,01a,QuasiLiveness,00,FALSE,3,NUPN,CEX
1928,ASLink,PT,01b,QuasiLiveness,00,FALSE,2,NUPN,CEX
1929,ASLink,PT,02a,QuasiLiveness,00,FALSE,2,NUPN,CEX
1930,ASLink,PT,02b,QuasiLiveness,00,FALSE,2,NUPN,CEX
1931,ASLink,PT,03a,QuasiLiveness,00,FALSE,2,NUPN,CEX
1932,ASLink,PT,03b,QuasiLiveness,00,FALSE,2,NUPN,CEX
1933,ASLink,PT,04a,QuasiLiveness,00,FALSE,2,NUPN,CEX
1934,ASLink,PT,04b,QuasiLiveness,00,FALSE,2,NUPN,CEX
1935,ASLink,PT,05a,QuasiLiveness,00,FALSE,2,NUPN,CEX
1936,ASLink,PT,05b,QuasiLiveness,00,FALSE,2,NUPN,CEX
1937,ASLink,PT,06a,QuasiLiveness,00,FALSE,2,NUPN,CEX
1938,ASLink,PT,06b,QuasiLiveness,00,FALSE,2,NUPN,CEX
1939,ASLink,PT,07a,QuasiLiveness,00,FALSE,2,NUPN,CEX
1940,ASLink,PT,07b,QuasiLiveness,00,FALSE,2,NUPN,CEX
1941,ASLink,PT,08a,QuasiLiveness,00,FALSE,2,NUPN,CEX
1942,ASLink,PT,08b,QuasiLiveness,00,FALSE,2,NUPN,CEX
1943,ASLink,PT,09a,QuasiLiveness,00,FALSE,2,NUPN,CEX
1944,ASLink,PT,09b,QuasiLiveness,00,FALSE,2,NUPN,CEX
1945,ASLink,PT,10a,QuasiLiveness,00,FALSE,2,NUPN,CEX
1946,ASLink,PT,10b,QuasiLiveness,00,FALSE,2,NUPN,CEX
1947,AutoFlight,PT,01a,QuasiLiveness,00,TRUE,3,NUPN,INV
1948,AutoFlight,PT,01b,QuasiLiveness,00,TRUE,3,NUPN,INV
1949,AutoFlight,PT,02a,QuasiLiveness,00,TRUE,3,NUPN,INV
1950,AutoFlight,PT,02b,QuasiLiveness,00,TRUE,3,NUPN,INV
1951,AutoFlight,PT,03a,QuasiLiveness,00,TRUE,3,NUPN,INV
1952,AutoFlight,PT,03b,QuasiLiveness,00,TRUE,3,NUPN,INV
1953,AutoFlight,PT,04a,QuasiLiveness,00,TRUE,3,NUPN,INV
1954,AutoFlight,PT,04b,QuasiLiveness,00,TRUE,3,NUPN,INV
1955,AutoFlight,PT,05a,QuasiLiveness,00,TRUE,3,NUPN,INV
1956,AutoFlight,PT,05b,QuasiLiveness,00,TRUE,3,NUPN,INV
1957,AutoFlight,PT,06a,QuasiLiveness,00,TRUE,3,NUPN,INV
1958,AutoFlight,PT,06b,QuasiLiveness,00,TRUE,3,NUPN,INV
1959,AutoFlight,PT,12a,QuasiLiveness,00,TRUE,3,NUPN,INV
1960,AutoFlight,PT,12b,QuasiLiveness,00,TRUE,3,NUPN,INV
1961,AutoFlight,PT,24a,QuasiLiveness,00,TRUE,3,NUPN,INV
1962,AutoFlight,PT,24b,QuasiLiveness,00,TRUE,2,NUPN,INV
1963,AutoFlight,PT,48a,QuasiLiveness,00,TRUE,3,NUPN,INV
1964,AutoFlight,PT,48b,QuasiLiveness,00,TRUE,2,NUPN,INV
1965,AutoFlight,PT,96a,QuasiLiveness,00,TRUE,3,NUPN,INV
1966,AutonomousCar,PT,01a,QuasiLiveness,00,TRUE,3,NUPN,INV
1967,AutonomousCar,PT,01b,QuasiLiveness,00,FALSE,3,NUPN,CEX
1968,AutonomousCar,PT,02a,QuasiLiveness,00,TRUE,3,NUPN,INV
1969,AutonomousCar,PT,02b,QuasiLiveness,00,FALSE,3,NUPN,CEX
1970,AutonomousCar,PT,03a,QuasiLiveness,00,TRUE,3,NUPN,INV
1971,AutonomousCar,PT,03b,QuasiLiveness,00,FALSE,3,NUPN,CEX
1972,AutonomousCar,PT,04a,QuasiLiveness,00,TRUE,3,NUPN,INV
1973,AutonomousCar,PT,04b,QuasiLiveness,00,FALSE,3,NUPN,CEX
1974,AutonomousCar,PT,05a,QuasiLiveness,00,TRUE,3,NUPN,INV
1975,AutonomousCar,PT,05b,QuasiLiveness,00,FALSE,3,NUPN,CEX
1976,AutonomousCar,PT,06a,QuasiLiveness,00,TRUE,3,NUPN,INV
1977,AutonomousCar,PT,06b,QuasiLiveness,00,FALSE,3,NUPN,CEX
1978,AutonomousCar,PT,07a,QuasiLiveness,00,TRUE,3,NUPN,INV
1979,AutonomousCar,PT,07b,QuasiLiveness,00,FALSE,3,NUPN,CEX
1980,AutonomousCar,PT,08a,QuasiLiveness,00,TRUE,2,NUPN,INV
1981,AutonomousCar,PT,08b,QuasiLiveness,00,FALSE,3,NUPN,CEX
1982,AutonomousCar,PT,09a,QuasiLiveness,00,TRUE,2,NUPN,INV
1983,AutonomousCar,PT,09b,QuasiLiveness,00,FALSE,3,NUPN,CEX
1984,AutonomousCar,PT,10a,QuasiLiveness,00,TRUE,2,NUPN,INV
1985,AutonomousCar,PT,10b,QuasiLiveness,00,FALSE,2,NUPN,CEX
1986,BART,COL,002,QuasiLiveness,00,FALSE,3,NONE,CEX
1987,BART,COL,005,QuasiLiveness,00,FALSE,3,NONE,CEX
1988,BART,COL,010,QuasiLiveness,00,FALSE,3,NONE,CEX
1989,BART,COL,020,QuasiLiveness,00,FALSE,3,NONE,CEX
1990,BART,COL,030,QuasiLiveness,00,FALSE,3,NONE,CEX
1991,BART,COL,040,QuasiLiveness,00,FALSE,3,NONE,CEX
1992,BART,COL,050,QuasiLiveness,00,FALSE,3,NONE,CEX
1993,BART,COL,060,QuasiLiveness,00,FALSE,2,NONE,CEX
1994,BART,PT,002,QuasiLiveness,00,TRUE,3,GEN,INV
1995,BART,PT,005,QuasiLiveness,00,TRUE,3,GEN,INV
1996,BART,PT,010,QuasiLiveness,00,TRUE,3,GEN,INV
1997,BART,PT,020,QuasiLiveness,00,TRUE,3,GEN,INV
1998,BART,PT,030,QuasiLiveness,00,TRUE,3,GEN,INV
1999,BART,PT,040,QuasiLiveness,00,TRUE,3,GEN,INV
2000,BART,PT,050,QuasiLiveness,00,TRUE,3,GEN,INV
2001,BART,PT,060,QuasiLiveness,00,TRUE,3,GEN,INV
2002,BlocksWorld,PT,01,QuasiLiveness,00,FALSE,3,NONE,CEX
2003,BlocksWorld,PT,02,QuasiLiveness,00,FALSE,3,NONE,CEX
2004,BlocksWorld,PT,03,QuasiLiveness,00,FALSE,3,NONE,CEX
2005,BlocksWorld,PT,04,QuasiLiveness,00,FALSE,3,NONE,CEX
2006,BlocksWorld,PT,05,QuasiLiveness,00,FALSE,3,NONE,CEX
2007,BlocksWorld,PT,06,QuasiLiveness,00,FALSE,3,NONE,CEX
2008,BlocksWorld,PT,07,QuasiLiveness,00,FALSE,3,NONE,CEX
2009,BlocksWorld,PT,08,QuasiLiveness,00,FALSE,3,NONE,CEX
2010,BlocksWorld,PT,09,QuasiLiveness,00,FALSE,3,NONE,CEX
2011,BlocksWorld,PT,10,QuasiLiveness,00,FALSE,3,NONE,CEX
2012,BlocksWorld,PT,11,QuasiLiveness,00,FALSE,3,NONE,CEX
2013,BlocksWorld,PT,12,QuasiLiveness,00,FALSE,3,NONE,CEX
2014,BlocksWorld,PT,13,QuasiLiveness,00,FALSE,3,NONE,CEX
2015,BlocksWorld,PT,14,QuasiLiveness,00,FALSE,3,NONE,CEX
2016,BlocksWorld,PT,15,QuasiLiveness,00,FALSE,3,NONE,CEX
2017,BlocksWorld,PT,16,QuasiLiveness,00,FALSE,3,NONE,CEX
2018,BlocksWorld,PT,17,QuasiLiveness,00,FALSE,3,NONE,CEX
2019,BlocksWorld,PT,18,QuasiLiveness,00,FALSE,3,NONE,CEX
2020,BlocksWorld,PT,19,QuasiLiveness,00,FALSE,3,NONE,CEX
2021,BlocksWorld,PT,20,QuasiLiveness,00,FALSE,3,NONE,CEX
2022,BridgeAndVehicles,COL,V04P05N02,QuasiLiveness,00,TRUE,3,NONE,INV
2023,BridgeAndVehicles,COL,V10P10N10,QuasiLiveness,00,TRUE,3,NONE,INV
2024,BridgeAndVehicles,COL,V20P10N10,QuasiLiveness,00,TRUE,3,NONE,INV
2025,BridgeAndVehicles,COL,V20P10N20,QuasiLiveness,00,TRUE,3,NONE,INV
2026,BridgeAndVehicles,COL,V20P10N50,QuasiLiveness,00,FALSE,3,NONE,CEX
2027,BridgeAndVehicles,COL,V20P20N10,QuasiLiveness,00,TRUE,3,NONE,INV
2028,BridgeAndVehicles,COL,V20P20N20,QuasiLiveness,00,TRUE,3,NONE,INV
2029,BridgeAndVehicles,COL,V20P20N50,QuasiLiveness,00,FALSE,3,NONE,CEX
2030,BridgeAndVehicles,COL,V50P20N10,QuasiLiveness,00,TRUE,3,NONE,INV
2031,BridgeAndVehicles,COL,V50P20N20,QuasiLiveness,00,TRUE,3,NONE,INV
2032,BridgeAndVehicles,COL,V50P20N50,QuasiLiveness,00,TRUE,3,NONE,INV
2033,BridgeAndVehicles,COL,V50P50N10,QuasiLiveness,00,TRUE,3,NONE,INV
2034,BridgeAndVehicles,COL,V50P50N20,QuasiLiveness,00,TRUE,3,NONE,INV
2035,BridgeAndVehicles,COL,V50P50N50,QuasiLiveness,00,TRUE,3,NONE,INV
2036,BridgeAndVehicles,COL,V80P20N10,QuasiLiveness,00,TRUE,3,NONE,INV
2037,BridgeAndVehicles,COL,V80P20N20,QuasiLiveness,00,TRUE,3,NONE,INV
2038,BridgeAndVehicles,COL,V80P20N50,QuasiLiveness,00,TRUE,3,NONE,INV
2039,BridgeAndVehicles,COL,V80P50N10,QuasiLiveness,00,TRUE,3,NONE,INV
2040,BridgeAndVehicles,COL,V80P50N20,QuasiLiveness,00,TRUE,3,NONE,INV
2041,BridgeAndVehicles,COL,V80P50N50,QuasiLiveness,00,TRUE,3,NONE,INV
2042,BridgeAndVehicles,PT,V04P05N02,QuasiLiveness,00,FALSE,3,NONE,CEX
2043,BridgeAndVehicles,PT,V10P10N10,QuasiLiveness,00,FALSE,3,NONE,CEX
2044,BridgeAndVehicles,PT,V20P10N10,QuasiLiveness,00,FALSE,3,NONE,CEX
2045,BridgeAndVehicles,PT,V20P10N20,QuasiLiveness,00,FALSE,3,NONE,CEX
2046,BridgeAndVehicles,PT,V20P10N50,QuasiLiveness,00,FALSE,3,NONE,CEX
2047,BridgeAndVehicles,PT,V20P20N10,QuasiLiveness,00,FALSE,3,NONE,CEX
2048,BridgeAndVehicles,PT,V20P20N20,QuasiLiveness,00,FALSE,3,NONE,CEX
2049,BridgeAndVehicles,PT,V20P20N50,QuasiLiveness,00,FALSE,3,NONE,CEX
2050,BridgeAndVehicles,PT,V50P20N10,QuasiLiveness,00,FALSE,3,NONE,CEX
2051,BridgeAndVehicles,PT,V50P20N20,QuasiLiveness,00,FALSE,3,NONE,CEX
2052,BridgeAndVehicles,PT,V50P20N50,QuasiLiveness,00,FALSE,3,NONE,CEX
2053,BridgeAndVehicles,PT,V50P50N10,QuasiLiveness,00,FALSE,3,NONE,CEX
2054,BridgeAndVehicles,PT,V50P50N20,QuasiLiveness,00,FALSE,3,NONE,CEX
2055,BridgeAndVehicles,PT,V50P50N50,QuasiLiveness,00,FALSE,3,NONE,CEX
2056,BridgeAndVehicles,PT,V80P20N10,QuasiLiveness,00,FALSE,3,NONE,CEX
2057,BridgeAndVehicles,PT,V80P20N20,QuasiLiveness,00,FALSE,3,NONE,CEX
2058,BridgeAndVehicles,PT,V80P50N10,QuasiLiveness,00,FALSE,3,NONE,CEX
2059,BridgeAndVehicles,PT,V80P50N20,QuasiLiveness,00,FALSE,3,NONE,CEX
2060,BugTracking,PT,q3m002,QuasiLiveness,00,FALSE,3,NONE,CEX
2061,BugTracking,PT,q3m004,QuasiLiveness,00,FALSE,3,NONE,CEX
2062,BugTracking,PT,q3m008,QuasiLiveness,00,FALSE,3,NONE,CEX
2063,BugTracking,PT,q3m016,QuasiLiveness,00,FALSE,3,NONE,CEX
2064,BugTracking,PT,q3m032,QuasiLiveness,00,FALSE,3,NONE,CEX
2065,BugTracking,PT,q3m064,QuasiLiveness,00,FALSE,3,NONE,CEX
2066,BugTracking,PT,q3m128,QuasiLiveness,00,FALSE,3,NONE,CEX
2067,BugTracking,PT,q3m256,QuasiLiveness,00,FALSE,3,NONE,CEX
2068,BugTracking,PT,q8m002,QuasiLiveness,00,FALSE,3,NONE,CEX
2069,BugTracking,PT,q8m004,QuasiLiveness,00,FALSE,3,NONE,CEX
2070,BugTracking,PT,q8m008,QuasiLiveness,00,FALSE,3,NONE,CEX
2071,BugTracking,PT,q8m016,QuasiLiveness,00,FALSE,3,NONE,CEX
2072,BugTracking,PT,q8m032,QuasiLiveness,00,FALSE,3,NONE,CEX
2073,BugTracking,PT,q8m064,QuasiLiveness,00,FALSE,3,NONE,CEX
2074,BugTracking,PT,q8m128,QuasiLiveness,00,FALSE,3,NONE,CEX
2075,BugTracking,PT,q8m256,QuasiLiveness,00,FALSE,3,NONE,CEX
2076,BusinessProcesses,PT,01,QuasiLiveness,00,FALSE,3,NUPN,CEX
2077,BusinessProcesses,PT,02,QuasiLiveness,00,FALSE,3,NUPN,CEX
2078,BusinessProcesses,PT,03,QuasiLiveness,00,FALSE,3,NUPN,CEX
2079,BusinessProcesses,PT,04,QuasiLiveness,00,FALSE,3,NUPN,CEX
2080,BusinessProcesses,PT,05,QuasiLiveness,00,FALSE,3,NUPN,CEX
2081,BusinessProcesses,PT,06,QuasiLiveness,00,FALSE,3,NUPN,CEX
2082,BusinessProcesses,PT,07,QuasiLiveness,00,FALSE,3,NUPN,CEX
2083,BusinessProcesses,PT,08,QuasiLiveness,00,FALSE,3,NUPN,CEX
2084,BusinessProcesses,PT,09,QuasiLiveness,00,FALSE,3,NUPN,CEX
2085,BusinessProcesses,PT,10,QuasiLiveness,00,FALSE,3,NUPN,CEX
2086,BusinessProcesses,PT,11,QuasiLiveness,00,FALSE,3,NUPN,CEX
2087,BusinessProcesses,PT,12,QuasiLiveness,00,FALSE,3,NUPN,CEX
2088,BusinessProcesses,PT,13,QuasiLiveness,00,FALSE,3,NUPN,CEX
2089,BusinessProcesses,PT,14,QuasiLiveness,00,FALSE,3,NUPN,CEX
2090,BusinessProcesses,PT,15,QuasiLiveness,00,FALSE,3,NUPN,CEX
2091,BusinessProcesses,PT,16,QuasiLiveness,00,FALSE,3,NUPN,CEX
2092,BusinessProcesses,PT,17,QuasiLiveness,00,FALSE,3,NUPN,CEX
2093,BusinessProcesses,PT,18,QuasiLiveness,00,FALSE,3,NUPN,CEX
2094,BusinessProcesses,PT,19,QuasiLiveness,00,FALSE,3,NUPN,CEX
2095,BusinessProcesses,PT,20,QuasiLiveness,00,FALSE,3,NUPN,CEX
2096,CANConstruction,PT,005,QuasiLiveness,00,TRUE,3,NONE,INV
2097,CANConstruction,PT,010,QuasiLiveness,00,TRUE,3,NONE,INV
2098,CANConstruction,PT,020,QuasiLiveness,00,TRUE,2,NONE,INV
2099,CANConstruction,PT,030,QuasiLiveness,00,TRUE,2,NONE,INV
2100,CANConstruction,PT,040,QuasiLiveness,00,TRUE,2,NONE,INV
2101,CANConstruction,PT,050,QuasiLiveness,00,TRUE,2,NONE,INV
2102,CANConstruction,PT,060,QuasiLiveness,00,TRUE,2,NONE,INV
2103,CANConstruction,PT,070,QuasiLiveness,00,TRUE,2,NONE,INV
2104,CANConstruction,PT,080,QuasiLiveness,00,TRUE,2,NONE,INV
2105,CANConstruction,PT,090,QuasiLiveness,00,TRUE,2,NONE,INV
2106,CANConstruction,PT,100,QuasiLiveness,00,TRUE,2,NONE,INV
2107,CANInsertWithFailure,PT,005,QuasiLiveness,00,TRUE,3,NONE,INV
2108,CANInsertWithFailure,PT,010,QuasiLiveness,00,TRUE,3,NONE,INV
2109,CANInsertWithFailure,PT,020,QuasiLiveness,00,TRUE,2,NONE,INV
2110,CANInsertWithFailure,PT,030,QuasiLiveness,00,TRUE,2,NONE,INV
2111,CANInsertWithFailure,PT,040,QuasiLiveness,00,TRUE,2,NONE,INV
2112,CANInsertWithFailure,PT,050,QuasiLiveness,00,TRUE,2,NONE,INV
2113,CANInsertWithFailure,PT,060,QuasiLiveness,00,TRUE,2,NONE,INV
2114,CANInsertWithFailure,PT,070,QuasiLiveness,00,TRUE,2,NONE,INV
2115,CANInsertWithFailure,PT,080,QuasiLiveness,00,TRUE,2,NONE,INV
2116,CANInsertWithFailure,PT,090,QuasiLiveness,00,TRUE,2,NONE,INV
2117,CANInsertWithFailure,PT,100,QuasiLiveness,00,TRUE,2,NONE,INV
2118,Champagne,PT,H04T0R,QuasiLiveness,00,TRUE,2,NONE,INV
2119,Champagne,PT,H04T1U,QuasiLiveness,00,TRUE,2,NONE,INV
2120,Champagne,PT,H04T2O,QuasiLiveness,00,TRUE,2,NONE,INV
2121,Champagne,PT,H05T0R,QuasiLiveness,00,TRUE,2,NONE,INV
2122,Champagne,PT,H05T1U,QuasiLiveness,00,TRUE,2,NONE,INV
2123,Champagne,PT,H05T2O,QuasiLiveness,00,TRUE,2,NONE,INV
2124,Champagne,PT,H06T0R,QuasiLiveness,00,TRUE,2,NONE,INV
2125,Champagne,PT,H06T1U,QuasiLiveness,00,TRUE,2,NONE,INV
2126,Champagne,PT,H06T2O,QuasiLiveness,00,TRUE,2,NONE,INV
2127,Champagne,PT,H07T0R,QuasiLiveness,00,TRUE,2,NONE,INV
2128,Champagne,PT,H07T1U,QuasiLiveness,00,TRUE,2,NONE,INV
2129,Champagne,PT,H07T2O,QuasiLiveness,00,TRUE,2,NONE,INV
2130,Champagne,PT,H08T0R,QuasiLiveness,00,TRUE,2,NONE,INV
2131,Champagne,PT,H08T1U,QuasiLiveness,00,TRUE,2,NONE,INV
2132,Champagne,PT,H08T2O,QuasiLiveness,00,TRUE,2,NONE,INV
2133,Champagne,PT,H09T0R,QuasiLiveness,00,TRUE,2,NONE,INV
2134,Champagne,PT,H09T1U,QuasiLiveness,00,TRUE,2,NONE,INV
2135,Champagne,PT,H09T2O,QuasiLiveness,00,TRUE,2,NONE,INV
2136,Champagne,PT,H10T0R,QuasiLiveness,00,TRUE,2,NONE,INV
2137,Champagne,PT,H10T1U,QuasiLiveness,00,TRUE,2,NONE,INV
2138,Champagne,PT,H10T2O,QuasiLiveness,00,TRUE,2,NONE,INV
2139,CircadianClock,PT,000001,QuasiLiveness,00,TRUE,3,GEN,INV
2140,CircadianClock,PT,000010,QuasiLiveness,00,TRUE,3,NONE,INV
2141,CircadianClock,PT,000100,QuasiLiveness,00,TRUE,3,NONE,INV
2142,CircadianClock,PT,001000,QuasiLiveness,00,TRUE,3,NONE,INV
2143,CircadianClock,PT,010000,QuasiLiveness,00,TRUE,3,NONE,INV
2144,CircadianClock,PT,100000,QuasiLiveness,00,TRUE,3,NONE,INV
2145,CircularTrains,PT,012,QuasiLiveness,00,TRUE,3,NONE,INV
2146,CircularTrains,PT,024,QuasiLiveness,00,TRUE,3,NONE,INV
2147,CircularTrains,PT,048,QuasiLiveness,00,TRUE,3,NONE,INV
2148,CircularTrains,PT,096,QuasiLiveness,00,TRUE,3,NONE,INV
2149,CircularTrains,PT,192,QuasiLiveness,00,TRUE,3,NONE,INV
2150,CircularTrains,PT,384,QuasiLiveness,00,TRUE,3,NONE,INV
2151,CircularTrains,PT,768,QuasiLiveness,00,TRUE,3,NONE,INV
2152,ClientsAndServers,PT,N0001P0,QuasiLiveness,00,TRUE,3,NONE,INV
2153,ClientsAndServers,PT,N0002P0,QuasiLiveness,00,TRUE,3,NONE,INV
2154,ClientsAndServers,PT,N0002P1,QuasiLiveness,00,TRUE,3,NONE,INV
2155,ClientsAndServers,PT,N0005P0,QuasiLiveness,00,TRUE,3,NONE,INV
2156,ClientsAndServers,PT,N0005P1,QuasiLiveness,00,TRUE,3,NONE,INV
2157,ClientsAndServers,PT,N0010P0,QuasiLiveness,00,TRUE,3,NONE,INV
2158,ClientsAndServers,PT,N0010P1,QuasiLiveness,00,TRUE,3,NONE,INV
2159,ClientsAndServers,PT,N0010P2,QuasiLiveness,00,TRUE,3,NONE,INV
2160,ClientsAndServers,PT,N0020P0,QuasiLiveness,00,TRUE,3,NONE,INV
2161,ClientsAndServers,PT,N0020P1,QuasiLiveness,00,TRUE,3,NONE,INV
2162,ClientsAndServers,PT,N0020P2,QuasiLiveness,00,TRUE,3,NONE,INV
2163,ClientsAndServers,PT,N0020P3,QuasiLiveness,00,TRUE,3,NONE,INV
2164,ClientsAndServers,PT,N0020P4,QuasiLiveness,00,TRUE,3,NONE,INV
2165,ClientsAndServers,PT,N0050P0,QuasiLiveness,00,TRUE,3,NONE,INV
2166,ClientsAndServers,PT,N0100P0,QuasiLiveness,00,TRUE,3,NONE,INV
2167,ClientsAndServers,PT,N0200P0,QuasiLiveness,00,TRUE,3,NONE,INV
2168,ClientsAndServers,PT,N0500P0,QuasiLiveness,00,TRUE,3,NONE,INV
2169,ClientsAndServers,PT,N1000P0,QuasiLiveness,00,TRUE,3,NONE,INV
2170,ClientsAndServers,PT,N2000P0,QuasiLiveness,00,TRUE,3,NONE,INV
2171,ClientsAndServers,PT,N5000P0,QuasiLiveness,00,TRUE,3,NONE,INV
2172,CloudDeployment,PT,2a,QuasiLiveness,00,TRUE,3,NUPN,INV
2173,CloudDeployment,PT,2b,QuasiLiveness,00,FALSE,3,NUPN,CEX
2174,CloudDeployment,PT,3a,QuasiLiveness,00,TRUE,3,NUPN,INV
2175,CloudDeployment,PT,3b,QuasiLiveness,00,FALSE,3,NUPN,CEX
2176,CloudDeployment,PT,4a,QuasiLiveness,00,TRUE,3,NUPN,INV
2177,CloudDeployment,PT,4b,QuasiLiveness,00,FALSE,3,NUPN,CEX
2178,CloudDeployment,PT,5a,QuasiLiveness,00,TRUE,2,NUPN,INV
2179,CloudDeployment,PT,5b,QuasiLiveness,00,FALSE,3,NUPN,CEX
2180,CloudDeployment,PT,6a,QuasiLiveness,00,TRUE,2,NUPN,INV
2181,CloudDeployment,PT,6b,QuasiLiveness,00,FALSE,3,NUPN,CEX
2182,CloudDeployment,PT,7a,QuasiLiveness,00,TRUE,2,NUPN,INV
2183,CloudDeployment,PT,7b,QuasiLiveness,00,FALSE,2,NUPN,CEX
2184,CloudOpsManagement,PT,00002by00001,QuasiLiveness,00,TRUE,3,NONE,INV
2185,CloudOpsManagement,PT,00005by00002,QuasiLiveness,00,TRUE,3,NONE,INV
2186,CloudOpsManagement,PT,00010by00005,QuasiLiveness,00,TRUE,3,NONE,INV
2187,CloudOpsManagement,PT,00020by00010,QuasiLiveness,00,TRUE,3,NONE,INV
2188,CloudOpsManagement,PT,00040by00020,QuasiLiveness,00,TRUE,3,NONE,INV
2189,CloudOpsManagement,PT,00080by00040,QuasiLiveness,00,TRUE,3,NONE,INV
2190,CloudOpsManagement,PT,00160by00080,QuasiLiveness,00,TRUE,3,NONE,INV
2191,CloudOpsManagement,PT,00320by00160,QuasiLiveness,00,TRUE,3,NONE,INV
2192,CloudOpsManagement,PT,00640by00320,QuasiLiveness,00,TRUE,3,NONE,INV
2193,CloudOpsManagement,PT,01280by00640,QuasiLiveness,00,TRUE,3,NONE,INV
2194,CloudOpsManagement,PT,02560by01280,QuasiLiveness,00,TRUE,3,NONE,INV
2195,CloudOpsManagement,PT,05120by02560,QuasiLiveness,00,TRUE,3,NONE,INV
2196,CloudOpsManagement,PT,10240by05120,QuasiLiveness,00,TRUE,3,NONE,INV
2197,CloudOpsManagement,PT,20480by10240,QuasiLiveness,00,TRUE,3,NONE,INV
2198,CloudReconfiguration,PT,301,QuasiLiveness,00,TRUE,2,NUPN,INV
2199,CloudReconfiguration,PT,302,QuasiLiveness,00,TRUE,2,NUPN,INV
2200,CloudReconfiguration,PT,303,QuasiLiveness,00,FALSE,3,NUPN,CEX
2201,CloudReconfiguration,PT,304,QuasiLiveness,00,TRUE,2,NUPN,INV
2202,CloudReconfiguration,PT,305,QuasiLiveness,00,FALSE,3,NUPN,CEX
2203,CloudReconfiguration,PT,306,QuasiLiveness,00,FALSE,3,NUPN,CEX
2204,CloudReconfiguration,PT,307,QuasiLiveness,00,FALSE,3,NUPN,CEX
2205,CloudReconfiguration,PT,308,QuasiLiveness,00,TRUE,2,NUPN,INV
2206,CloudReconfiguration,PT,309,QuasiLiveness,00,TRUE,2,NUPN,INV
2207,CloudReconfiguration,PT,310,QuasiLiveness,00,FALSE,3,NUPN,CEX
2208,CloudReconfiguration,PT,311,QuasiLiveness,00,FALSE,3,NUPN,CEX
2209,CloudReconfiguration,PT,312,QuasiLiveness,00,TRUE,2,NUPN,INV
2210,CloudReconfiguration,PT,313,QuasiLiveness,00,TRUE,2,NUPN,INV
2211,CloudReconfiguration,PT,314,QuasiLiveness,00,FALSE,3,NUPN,CEX
2212,CloudReconfiguration,PT,316,QuasiLiveness,00,FALSE,3,NUPN,CEX
2213,CloudReconfiguration,PT,317,QuasiLiveness,00,FALSE,3,NUPN,CEX
2214,CloudReconfiguration,PT,318,QuasiLiveness,00,FALSE,3,NUPN,CEX
2215,CloudReconfiguration,PT,319,QuasiLiveness,00,FALSE,3,NUPN,CEX
2216,CloudReconfiguration,PT,320,QuasiLiveness,00,FALSE,3,NUPN,CEX
2217,CloudReconfiguration,PT,401,QuasiLiveness,00,TRUE,2,NUPN,INV
2218,CloudReconfiguration,PT,402,QuasiLiveness,00,TRUE,2,NUPN,INV
2219,CO4,PT,01,QuasiLiveness,00,TRUE,3,NONE,INV
2220,CO4,PT,02,QuasiLiveness,00,TRUE,3,NONE,INV
2221,CO4,PT,03,QuasiLiveness,00,TRUE,3,NONE,INV
2222,CO4,PT,04,QuasiLiveness,00,TRUE,3,NONE,INV
2223,CO4,PT,05,QuasiLiveness,00,TRUE,3,NONE,INV
2224,CO4,PT,06,QuasiLiveness,00,FALSE,3,NONE,CEX
2225,CO4,PT,07,QuasiLiveness,00,FALSE,3,NONE,CEX
2226,CO4,PT,08,QuasiLiveness,00,FALSE,3,NONE,CEX
2227,CO4,PT,09,QuasiLiveness,00,FALSE,3,NONE,CEX
2228,CO4,PT,10,QuasiLiveness,00,FALSE,3,NONE,CEX
2229,CO4,PT,11,QuasiLiveness,00,FALSE,3,NONE,CEX
2230,CO4,PT,12,QuasiLiveness,00,FALSE,3,NONE,CEX
2231,CO4,PT,13,QuasiLiveness,00,FALSE,3,NONE,CEX
2232,CO4,PT,14,QuasiLiveness,00,FALSE,3,NONE,CEX
2233,CO4,PT,15,QuasiLiveness,00,FALSE,3,NONE,CEX
2234,CO4,PT,16,QuasiLiveness,00,FALSE,3,NONE,CEX
2235,CO4,PT,17,QuasiLiveness,00,FALSE,3,NONE,CEX
2236,CO4,PT,18,QuasiLiveness,00,FALSE,3,NONE,CEX
2237,CO4,PT,19,QuasiLiveness,00,FALSE,3,NONE,CEX
2238,CO4,PT,20,QuasiLiveness,00,FALSE,3,NONE,CEX
2239,CO4,PT,21,QuasiLiveness,00,FALSE,3,NONE,CEX
2240,CopsAndRobbers,PT,CRL005X001,QuasiLiveness,00,TRUE,3,NONE,INV
2241,CopsAndRobbers,PT,CRL015X005,QuasiLiveness,00,TRUE,3,NONE,INV
2242,CopsAndRobbers,PT,CRL023X004,QuasiLiveness,00,TRUE,3,NONE,INV
2243,CopsAndRobbers,PT,CRL025X003,QuasiLiveness,00,TRUE,3,NONE,INV
2244,CopsAndRobbers,PT,HRL014X002,QuasiLiveness,00,FALSE,3,NONE,CEX
2245,CopsAndRobbers,PT,HRL017X005,QuasiLiveness,00,FALSE,3,NONE,CEX
2246,CopsAndRobbers,PT,HRL020X006,QuasiLiveness,00,FALSE,3,NONE,CEX
2247,CopsAndRobbers,PT,HRL023X006,QuasiLiveness,00,FALSE,3,NONE,CEX
2248,CopsAndRobbers,PT,KFL010N005K002X001,QuasiLiveness,00,TRUE,3,NONE,INV
2249,CopsAndRobbers,PT,KFL028N008K002X005,QuasiLiveness,00,TRUE,2,NONE,INV
2250,CopsAndRobbers,PT,KFL036N009K002X003,QuasiLiveness,00,TRUE,3,NONE,INV
2251,CopsAndRobbers,PT,KFL084N009K003X002,QuasiLiveness,00,TRUE,3,NONE,INV
2252,CryptoMiner,COL,D03N000,QuasiLiveness,00,TRUE,3,NONE,INV
2253,CryptoMiner,COL,D03N010,QuasiLiveness,00,TRUE,3,NONE,INV
2254,CryptoMiner,COL,D03N100,QuasiLiveness,00,TRUE,3,NONE,INV
2255,CryptoMiner,COL,D05N000,QuasiLiveness,00,TRUE,3,NONE,INV
2256,CryptoMiner,COL,D05N100,QuasiLiveness,00,TRUE,3,NONE,INV
2257,CryptoMiner,COL,D05N250,QuasiLiveness,00,TRUE,3,NONE,INV
2258,CryptoMiner,COL,D10N000,QuasiLiveness,00,TRUE,3,NONE,INV
2259,CryptoMiner,COL,D10N100,QuasiLiveness,00,TRUE,3,NONE,INV
2260,CryptoMiner,COL,D20N100,QuasiLiveness,00,TRUE,3,NONE,INV
2261,CryptoMiner,PT,D03N000,QuasiLiveness,00,TRUE,3,NONE,INV
2262,CryptoMiner,PT,D03N010,QuasiLiveness,00,TRUE,3,NONE,INV
2263,CryptoMiner,PT,D03N100,QuasiLiveness,00,TRUE,3,NONE,INV
2264,CryptoMiner,PT,D05N000,QuasiLiveness,00,TRUE,3,NONE,INV
2265,CryptoMiner,PT,D05N100,QuasiLiveness,00,TRUE,3,NONE,INV
2266,CryptoMiner,PT,D05N250,QuasiLiveness,00,TRUE,3,NONE,INV
2267,CryptoMiner,PT,D10N000,QuasiLiveness,00,TRUE,3,NONE,INV
2268,CryptoMiner,PT,D10N100,QuasiLiveness,00,TRUE,3,NONE,INV
2269,CryptoMiner,PT,D20N100,QuasiLiveness,00,TRUE,3,NONE,INV
2270,CSRepetitions,COL,02,QuasiLiveness,00,TRUE,3,NONE,INV
2271,CSRepetitions,COL,03,QuasiLiveness,00,TRUE,3,NONE,INV
2272,CSRepetitions,COL,04,QuasiLiveness,00,TRUE,3,NONE,INV
2273,CSRepetitions,COL,05,QuasiLiveness,00,TRUE,3,NONE,INV
2274,CSRepetitions,COL,07,QuasiLiveness,00,TRUE,3,NONE,INV
2275,CSRepetitions,COL,10,QuasiLiveness,00,TRUE,3,NONE,INV
2276,CSRepetitions,PT,02,QuasiLiveness,00,TRUE,3,NONE,INV
2277,CSRepetitions,PT,03,QuasiLiveness,00,TRUE,3,NONE,INV
2278,CSRepetitions,PT,04,QuasiLiveness,00,TRUE,3,NONE,INV
2279,CSRepetitions,PT,05,QuasiLiveness,00,TRUE,3,NONE,INV
2280,CSRepetitions,PT,07,QuasiLiveness,00,TRUE,3,NONE,INV
2281,CSRepetitions,PT,10,QuasiLiveness,00,TRUE,2,NONE,INV
2282,DatabaseWithMutex,COL,02,QuasiLiveness,00,TRUE,3,NONE,INV
2283,DatabaseWithMutex,COL,04,QuasiLiveness,00,TRUE,3,NONE,INV
2284,DatabaseWithMutex,COL,10,QuasiLiveness,00,TRUE,3,NONE,INV
2285,DatabaseWithMutex,COL,20,QuasiLiveness,00,TRUE,3,NONE,INV
2286,DatabaseWithMutex,COL,40,QuasiLiveness,00,TRUE,3,NONE,INV
2287,DatabaseWithMutex,PT,02,QuasiLiveness,00,TRUE,3,GEN,INV
2288,DatabaseWithMutex,PT,04,QuasiLiveness,00,TRUE,3,GEN,INV
2289,DatabaseWithMutex,PT,10,QuasiLiveness,00,TRUE,3,GEN,INV
2290,DatabaseWithMutex,PT,20,QuasiLiveness,00,TRUE,2,GEN,INV
2291,DatabaseWithMutex,PT,40,QuasiLiveness,00,TRUE,2,GEN,INV
2292,DBSingleClientW,PT,d0m04,QuasiLiveness,00,TRUE,3,NONE,INV
2293,DBSingleClientW,PT,d0m05,QuasiLiveness,00,TRUE,3,NONE,INV
2294,DBSingleClientW,PT,d0m06,QuasiLiveness,00,TRUE,3,NONE,INV
2295,DBSingleClientW,PT,d0m07,QuasiLiveness,00,TRUE,3,NONE,INV
2296,DBSingleClientW,PT,d0m08,QuasiLiveness,00,TRUE,3,NONE,INV
2297,DBSingleClientW,PT,d0m09,QuasiLiveness,00,TRUE,3,NONE,INV
2298,DBSingleClientW,PT,d0m10,QuasiLiveness,00,TRUE,3,NONE,INV
2299,DBSingleClientW,PT,d1m04,QuasiLiveness,00,TRUE,3,NONE,INV
2300,DBSingleClientW,PT,d1m05,QuasiLiveness,00,TRUE,3,NONE,INV
2301,DBSingleClientW,PT,d1m06,QuasiLiveness,00,TRUE,3,NONE,INV
2302,DBSingleClientW,PT,d1m07,QuasiLiveness,00,TRUE,3,NONE,INV
2303,DBSingleClientW,PT,d1m08,QuasiLiveness,00,TRUE,3,NONE,INV
2304,DBSingleClientW,PT,d1m09,QuasiLiveness,00,TRUE,2,NONE,INV
2305,DBSingleClientW,PT,d1m10,QuasiLiveness,00,TRUE,3,NONE,INV
2306,DBSingleClientW,PT,d2m04,QuasiLiveness,00,TRUE,3,NONE,INV
2307,DBSingleClientW,PT,d2m05,QuasiLiveness,00,TRUE,3,NONE,INV
2308,DBSingleClientW,PT,d2m06,QuasiLiveness,00,TRUE,3,NONE,INV
2309,DBSingleClientW,PT,d2m07,QuasiLiveness,00,TRUE,3,NONE,INV
2310,DBSingleClientW,PT,d2m08,QuasiLiveness,00,TRUE,3,NONE,INV
2311,DBSingleClientW,PT,d2m09,QuasiLiveness,00,TRUE,3,NONE,INV
2312,DBSingleClientW,PT,d2m10,QuasiLiveness,00,TRUE,3,NONE,INV
2313,Dekker,PT,010,QuasiLiveness,00,TRUE,3,GEN,INV
2314,Dekker,PT,015,QuasiLiveness,00,TRUE,3,GEN,INV
2315,Dekker,PT,020,QuasiLiveness,00,TRUE,3,GEN,INV
2316,Dekker,PT,050,QuasiLiveness,00,TRUE,2,GEN,INV
2317,Dekker,PT,100,QuasiLiveness,00,TRUE,2,GEN,INV
2318,Dekker,PT,200,QuasiLiveness,00,TRUE,2,GEN,INV
2319,DES,PT,00a,QuasiLiveness,00,TRUE,3,NUPN,INV
2320,DES,PT,00b,QuasiLiveness,00,TRUE,3,NUPN,INV
2321,DES,PT,01a,QuasiLiveness,00,TRUE,3,NUPN,INV
2322,DES,PT,01b,QuasiLiveness,00,TRUE,3,NUPN,INV
2323,DES,PT,02a,QuasiLiveness,00,TRUE,3,NUPN,INV
2324,DES,PT,02b,QuasiLiveness,00,TRUE,3,NUPN,INV
2325,DES,PT,05a,QuasiLiveness,00,TRUE,3,NUPN,INV
2326,DES,PT,05b,QuasiLiveness,00,TRUE,3,NUPN,INV
2327,DES,PT,10a,QuasiLiveness,00,TRUE,3,NUPN,INV
2328,DES,PT,10b,QuasiLiveness,00,TRUE,2,NUPN,INV
2329,DES,PT,20a,QuasiLiveness,00,TRUE,3,NUPN,INV
2330,DES,PT,20b,QuasiLiveness,00,TRUE,2,NUPN,INV
2331,DES,PT,30a,QuasiLiveness,00,TRUE,3,NUPN,INV
2332,DES,PT,30b,QuasiLiveness,00,TRUE,2,NUPN,INV
2333,DES,PT,40a,QuasiLiveness,00,TRUE,3,NUPN,INV
2334,DES,PT,40b,QuasiLiveness,00,TRUE,2,NUPN,INV
2335,DES,PT,50a,QuasiLiveness,00,TRUE,3,NUPN,INV
2336,DES,PT,50b,QuasiLiveness,00,TRUE,2,NUPN,INV
2337,DES,PT,60a,QuasiLiveness,00,TRUE,3,NUPN,INV
2338,DES,PT,60b,QuasiLiveness,00,TRUE,2,NUPN,INV
2339,Diffusion2D,PT,D05N010,QuasiLiveness,00,TRUE,3,NONE,INV
2340,Diffusion2D,PT,D05N050,QuasiLiveness,00,TRUE,3,NONE,INV
2341,Diffusion2D,PT,D05N100,QuasiLiveness,00,TRUE,3,NONE,INV
2342,Diffusion2D,PT,D05N150,QuasiLiveness,00,TRUE,3,NONE,INV
2343,Diffusion2D,PT,D05N200,QuasiLiveness,00,TRUE,3,NONE,INV
2344,Diffusion2D,PT,D05N250,QuasiLiveness,00,TRUE,3,NONE,INV
2345,Diffusion2D,PT,D05N300,QuasiLiveness,00,TRUE,3,NONE,INV
2346,Diffusion2D,PT,D05N350,QuasiLiveness,00,TRUE,3,NONE,INV
2347,Diffusion2D,PT,D10N010,QuasiLiveness,00,TRUE,3,NONE,INV
2348,Diffusion2D,PT,D10N050,QuasiLiveness,00,TRUE,3,NONE,INV
2349,Diffusion2D,PT,D10N100,QuasiLiveness,00,TRUE,3,NONE,INV
2350,Diffusion2D,PT,D10N150,QuasiLiveness,00,TRUE,3,NONE,INV
2351,Diffusion2D,PT,D10N200,QuasiLiveness,00,TRUE,3,NONE,INV
2352,Diffusion2D,PT,D20N010,QuasiLiveness,00,TRUE,3,NONE,INV
2353,Diffusion2D,PT,D20N050,QuasiLiveness,00,TRUE,3,NONE,INV
2354,Diffusion2D,PT,D20N100,QuasiLiveness,00,TRUE,3,NONE,INV
2355,Diffusion2D,PT,D20N150,QuasiLiveness,00,TRUE,3,NONE,INV
2356,Diffusion2D,PT,D30N010,QuasiLiveness,00,TRUE,3,NONE,INV
2357,Diffusion2D,PT,D30N050,QuasiLiveness,00,TRUE,3,NONE,INV
2358,Diffusion2D,PT,D30N100,QuasiLiveness,00,TRUE,3,NONE,INV
2359,Diffusion2D,PT,D30N150,QuasiLiveness,00,TRUE,3,NONE,INV
2360,Diffusion2D,PT,D40N010,QuasiLiveness,00,TRUE,3,NONE,INV
2361,Diffusion2D,PT,D40N050,QuasiLiveness,00,TRUE,3,NONE,INV
2362,Diffusion2D,PT,D40N100,QuasiLiveness,00,TRUE,3,NONE,INV
2363,Diffusion2D,PT,D40N150,QuasiLiveness,00,TRUE,3,NONE,INV
2364,Diffusion2D,PT,D50N010,QuasiLiveness,00,TRUE,2,NONE,INV
2365,Diffusion2D,PT,D50N050,QuasiLiveness,00,TRUE,3,NONE,INV
2366,Diffusion2D,PT,D50N100,QuasiLiveness,00,TRUE,2,NONE,INV
2367,Diffusion2D,PT,D50N150,QuasiLiveness,00,TRUE,2,NONE,INV
2368,DiscoveryGPU,PT,06a,QuasiLiveness,00,TRUE,3,NUPN,INV
2369,DiscoveryGPU,PT,06b,QuasiLiveness,00,TRUE,3,NUPN,INV
2370,DiscoveryGPU,PT,07a,QuasiLiveness,00,TRUE,3,NUPN,INV
2371,DiscoveryGPU,PT,07b,QuasiLiveness,00,TRUE,3,NUPN,INV
2372,DiscoveryGPU,PT,08a,QuasiLiveness,00,TRUE,3,NUPN,INV
2373,DiscoveryGPU,PT,08b,QuasiLiveness,00,TRUE,3,NUPN,INV
2374,DiscoveryGPU,PT,09a,QuasiLiveness,00,TRUE,3,NUPN,INV
2375,DiscoveryGPU,PT,09b,QuasiLiveness,00,TRUE,3,NUPN,INV
2376,DiscoveryGPU,PT,10a,QuasiLiveness,00,TRUE,3,NUPN,INV
2377,DiscoveryGPU,PT,10b,QuasiLiveness,00,TRUE,3,NUPN,INV
2378,DiscoveryGPU,PT,11a,QuasiLiveness,00,TRUE,3,NUPN,INV
2379,DiscoveryGPU,PT,11b,QuasiLiveness,00,TRUE,3,NUPN,INV
2380,DiscoveryGPU,PT,12a,QuasiLiveness,00,TRUE,3,NUPN,INV
2381,DiscoveryGPU,PT,12b,QuasiLiveness,00,TRUE,3,NUPN,INV
2382,DiscoveryGPU,PT,13a,QuasiLiveness,00,TRUE,3,NUPN,INV
2383,DiscoveryGPU,PT,13b,QuasiLiveness,00,TRUE,3,NUPN,INV
2384,DiscoveryGPU,PT,14a,QuasiLiveness,00,TRUE,3,NUPN,INV
2385,DiscoveryGPU,PT,14b,QuasiLiveness,00,TRUE,3,NUPN,INV
2386,DiscoveryGPU,PT,15a,QuasiLiveness,00,TRUE,3,NUPN,INV
2387,DiscoveryGPU,PT,15b,QuasiLiveness,00,TRUE,3,NUPN,INV
2388,DLCflexbar,PT,2a,QuasiLiveness,00,TRUE,3,NUPN,INV
2389,DLCflexbar,PT,2b,QuasiLiveness,00,TRUE,2,NUPN,INV
2390,DLCflexbar,PT,3a,QuasiLiveness,00,TRUE,3,NUPN,INV
2391,DLCflexbar,PT,3b,QuasiLiveness,00,TRUE,2,NUPN,INV
2392,DLCflexbar,PT,4a,QuasiLiveness,00,TRUE,3,NUPN,INV
2393,DLCflexbar,PT,4b,QuasiLiveness,00,TRUE,2,NUPN,INV
2394,DLCflexbar,PT,5a,QuasiLiveness,00,TRUE,3,NUPN,INV
2395,DLCflexbar,PT,5b,QuasiLiveness,00,TRUE,2,NUPN,INV
2396,DLCflexbar,PT,6a,QuasiLiveness,00,TRUE,3,NUPN,INV
2397,DLCflexbar,PT,6b,QuasiLiveness,00,TRUE,2,NUPN,INV
2398,DLCflexbar,PT,7a,QuasiLiveness,00,TRUE,3,NUPN,INV
2399,DLCflexbar,PT,7b,QuasiLiveness,00,TRUE,2,NUPN,INV
2400,DLCflexbar,PT,8a,QuasiLiveness,00,TRUE,3,NUPN,INV
2401,DLCflexbar,PT,8b,QuasiLiveness,00,TRUE,2,NUPN,INV
2402,DLCround,PT,03a,QuasiLiveness,00,TRUE,3,NUPN,INV
2403,DLCround,PT,03b,QuasiLiveness,00,TRUE,3,NUPN,INV
2404,DLCround,PT,04a,QuasiLiveness,00,TRUE,3,NUPN,INV
2405,DLCround,PT,04b,QuasiLiveness,00,TRUE,2,NUPN,INV
2406,DLCround,PT,05a,QuasiLiveness,00,TRUE,3,NUPN,INV
2407,DLCround,PT,05b,QuasiLiveness,00,TRUE,2,NUPN,INV
2408,DLCround,PT,06a,QuasiLiveness,00,TRUE,3,NUPN,INV
2409,DLCround,PT,06b,QuasiLiveness,00,TRUE,2,NUPN,INV
2410,DLCround,PT,07a,QuasiLiveness,00,TRUE,3,NUPN,INV
2411,DLCround,PT,07b,QuasiLiveness,00,TRUE,2,NUPN,INV
2412,DLCround,PT,08a,QuasiLiveness,00,TRUE,3,NUPN,INV
2413,DLCround,PT,08b,QuasiLiveness,00,TRUE,2,NUPN,INV
2414,DLCround,PT,09a,QuasiLiveness,00,TRUE,3,NUPN,INV
2415,DLCround,PT,09b,QuasiLiveness,00,TRUE,2,NUPN,INV
2416,DLCround,PT,10a,QuasiLiveness,00,TRUE,3,NUPN,INV
2417,DLCround,PT,10b,QuasiLiveness,00,TRUE,2,NUPN,INV
2418,DLCround,PT,11a,QuasiLiveness,00,TRUE,3,NUPN,INV
2419,DLCround,PT,11b,QuasiLiveness,00,TRUE,2,NUPN,INV
2420,DLCround,PT,12a,QuasiLiveness,00,TRUE,3,NUPN,INV
2421,DLCround,PT,12b,QuasiLiveness,00,TRUE,2,NUPN,INV
2422,DLCround,PT,13a,QuasiLiveness,00,TRUE,3,NUPN,INV
2423,DLCround,PT,13b,QuasiLiveness,00,TRUE,2,NUPN,INV
2424,DLCshifumi,PT,2a,QuasiLiveness,00,TRUE,3,NUPN,INV
2425,DLCshifumi,PT,2b,QuasiLiveness,00,TRUE,2,NUPN,INV
2426,DLCshifumi,PT,3a,QuasiLiveness,00,TRUE,3,NUPN,INV
2427,DLCshifumi,PT,3b,QuasiLiveness,00,TRUE,2,NUPN,INV
2428,DLCshifumi,PT,4a,QuasiLiveness,00,TRUE,3,NUPN,INV
2429,DLCshifumi,PT,4b,QuasiLiveness,00,TRUE,2,NUPN,INV
2430,DLCshifumi,PT,5a,QuasiLiveness,00,TRUE,3,NUPN,INV
2431,DLCshifumi,PT,5b,QuasiLiveness,00,TRUE,2,NUPN,INV
2432,DLCshifumi,PT,6a,QuasiLiveness,00,TRUE,3,NUPN,INV
2433,DLCshifumi,PT,6b,QuasiLiveness,00,TRUE,1,NUPN,INV
2434,DNAwalker,PT,01track12Block1,QuasiLiveness,00,FALSE,3,NONE,CEX
2435,DNAwalker,PT,02track12Block2,QuasiLiveness,00,FALSE,3,NONE,CEX
2436,DNAwalker,PT,03track12BlockBoth,QuasiLiveness,00,FALSE,3,NONE,CEX
2437,DNAwalker,PT,04track28LL,QuasiLiveness,00,FALSE,2,NONE,CEX
2438,DNAwalker,PT,05track28LR,QuasiLiveness,00,FALSE,2,NONE,CEX
2439,DNAwalker,PT,08ringLL,QuasiLiveness,00,FALSE,3,NONE,CEX
2440,DNAwalker,PT,09ringLR,QuasiLiveness,00,FALSE,3,NONE,CEX
2441,DNAwalker,PT,12ringLLLarge,QuasiLiveness,00,FALSE,3,NONE,CEX
2442,DNAwalker,PT,14ringLRLarge,QuasiLiveness,00,FALSE,3,NONE,CEX
2443,DNAwalker,PT,16redondantChoiceR,QuasiLiveness,00,FALSE,2,NONE,CEX
2444,DoubleExponent,PT,001,QuasiLiveness,00,TRUE,3,NONE,INV
2445,DoubleExponent,PT,002,QuasiLiveness,00,TRUE,3,NONE,INV
2446,DoubleExponent,PT,003,QuasiLiveness,00,TRUE,3,NONE,INV
2447,DoubleLock,PT,p1s1,QuasiLiveness,00,FALSE,3,NONE,CEX
2448,DoubleLock,PT,p1s2,QuasiLiveness,00,FALSE,3,NONE,CEX
2449,DoubleLock,PT,p1s3,QuasiLiveness,00,FALSE,3,NONE,CEX
2450,DoubleLock,PT,p2s1,QuasiLiveness,00,FALSE,3,NONE,CEX
2451,DoubleLock,PT,p2s2,QuasiLiveness,00,FALSE,3,NONE,CEX
2452,DoubleLock,PT,p3s1,QuasiLiveness,00,FALSE,3,NONE,CEX
2453,DoubleLock,PT,p3s2,QuasiLiveness,00,FALSE,3,NONE,CEX
2454,DoubleLock,PT,p3s3,QuasiLiveness,00,FALSE,3,NONE,CEX
2455,DrinkVendingMachine,COL,02,QuasiLiveness,00,FALSE,3,NONE,CEX
2456,DrinkVendingMachine,COL,10,QuasiLiveness,00,TRUE,3,NONE,INV
2457,DrinkVendingMachine,COL,16,QuasiLiveness,00,TRUE,2,NONE,INV
2458,DrinkVendingMachine,PT,02,QuasiLiveness,00,FALSE,3,NONE,CEX
2459,DrinkVendingMachine,PT,10,QuasiLiveness,00,FALSE,3,NONE,CEX
2460,Echo,PT,d02r09,QuasiLiveness,00,TRUE,2,GEN,INV
2461,Echo,PT,d02r11,QuasiLiveness,00,TRUE,2,GEN,INV
2462,Echo,PT,d02r15,QuasiLiveness,00,TRUE,2,GEN,INV
2463,Echo,PT,d02r19,QuasiLiveness,00,TRUE,2,GEN,INV
2464,Echo,PT,d03r03,QuasiLiveness,00,TRUE,2,GEN,INV
2465,Echo,PT,d03r05,QuasiLiveness,00,TRUE,2,GEN,INV
2466,Echo,PT,d03r07,QuasiLiveness,00,TRUE,2,GEN,INV
2467,Echo,PT,d04r03,QuasiLiveness,00,TRUE,2,GEN,INV
2468,Echo,PT,d05r03,QuasiLiveness,00,TRUE,2,GEN,INV
2469,EGFr,PT,02010,QuasiLiveness,00,FALSE,3,GEN,CEX
2470,EGFr,PT,10420,QuasiLiveness,00,FALSE,3,GEN,CEX
2471,EGFr,PT,10421,QuasiLiveness,00,FALSE,3,NONE,CEX
2472,EisenbergMcGuire,PT,03,QuasiLiveness,00,TRUE,3,NUPN,INV
2473,EisenbergMcGuire,PT,04,QuasiLiveness,00,TRUE,3,NUPN,INV
2474,EisenbergMcGuire,PT,05,QuasiLiveness,00,TRUE,2,NUPN,INV
2475,Election2020,PT,none,QuasiLiveness,00,TRUE,3,NONE,INV
2476,EnergyBus,PT,none,QuasiLiveness,00,FALSE,3,NUPN,CEX
2477,Eratosthenes,PT,010,QuasiLiveness,00,TRUE,3,NONE,INV
2478,Eratosthenes,PT,020,QuasiLiveness,00,TRUE,3,NONE,INV
2479,Eratosthenes,PT,050,QuasiLiveness,00,TRUE,3,NONE,INV
2480,Eratosthenes,PT,100,QuasiLiveness,00,TRUE,3,NONE,INV
2481,Eratosthenes,PT,200,QuasiLiveness,00,TRUE,3,NONE,INV
2482,Eratosthenes,PT,500,QuasiLiveness,00,TRUE,3,NONE,INV
2483,ERK,PT,000001,QuasiLiveness,00,TRUE,3,GEN,INV
2484,ERK,PT,000010,QuasiLiveness,00,TRUE,3,NONE,INV
2485,ERK,PT,000100,QuasiLiveness,00,TRUE,3,NONE,INV
2486,ERK,PT,001000,QuasiLiveness,00,TRUE,3,NONE,INV
2487,ERK,PT,010000,QuasiLiveness,00,TRUE,3,NONE,INV
2488,ERK,PT,100000,QuasiLiveness,00,TRUE,3,NONE,INV
2489,ErlangenMainframeV0,PT,0404,QuasiLiveness,00,TRUE,2,NONE,INV
2490,ErlangenMainframeV0,PT,0505,QuasiLiveness,00,TRUE,2,NONE,INV
2491,ErlangenMainframeV0,PT,0606,QuasiLiveness,00,TRUE,2,NONE,INV
2492,ErlangenMainframeV0,PT,0707,QuasiLiveness,00,TRUE,2,NONE,INV
2493,ErlangenMainframeV0,PT,0808,QuasiLiveness,00,TRUE,2,NONE,INV
2494,ErlangenMainframeV0,PT,1201,QuasiLiveness,00,TRUE,2,NONE,INV
2495,ErlangenMainframeV0,PT,1400,QuasiLiveness,00,FALSE,2,NONE,CEX
2496,FamilyReunion,COL,L00010M0001C001P001G001,QuasiLiveness,00,TRUE,3,NONE,INV
2497,FamilyReunion,COL,L00020M0002C001P001G001,QuasiLiveness,00,TRUE,3,NONE,INV
2498,FamilyReunion,COL,L00050M0005C002P002G001,QuasiLiveness,00,TRUE,3,NONE,INV
2499,FamilyReunion,COL,L00100M0010C005P005G002,QuasiLiveness,00,TRUE,2,NONE,INV
2500,FamilyReunion,COL,L00200M0020C010P010G005,QuasiLiveness,00,TRUE,2,NONE,INV
2501,FamilyReunion,PT,L00010M0001C001P001G001,QuasiLiveness,00,TRUE,3,NONE,INV
2502,FamilyReunion,PT,L00020M0002C001P001G001,QuasiLiveness,00,TRUE,3,NONE,INV
2503,FamilyReunion,PT,L00050M0005C002P002G001,QuasiLiveness,00,TRUE,2,NONE,INV
2504,FamilyReunion,PT,L00100M0010C005P005G002,QuasiLiveness,00,TRUE,2,NONE,INV
2505,FamilyReunion,PT,L00200M0020C010P010G005,QuasiLiveness,00,TRUE,2,NONE,INV
2506,FireWire,PT,01,QuasiLiveness,00,TRUE,3,NONE,INV
2507,FireWire,PT,02,QuasiLiveness,00,TRUE,3,NONE,INV
2508,FireWire,PT,03,QuasiLiveness,00,TRUE,3,NONE,INV
2509,FireWire,PT,04,QuasiLiveness,00,TRUE,3,NONE,INV
2510,FireWire,PT,05,QuasiLiveness,00,TRUE,3,NONE,INV
2511,FireWire,PT,06,QuasiLiveness,00,TRUE,3,NONE,INV
2512,FireWire,PT,07,QuasiLiveness,00,TRUE,3,NONE,INV
2513,FireWire,PT,08,QuasiLiveness,00,TRUE,3,NONE,INV
2514,FireWire,PT,09,QuasiLiveness,00,TRUE,3,NONE,INV
2515,FireWire,PT,10,QuasiLiveness,00,TRUE,3,NONE,INV
2516,FireWire,PT,11,QuasiLiveness,00,TRUE,3,NONE,INV
2517,FireWire,PT,12,QuasiLiveness,00,TRUE,3,NONE,INV
2518,FireWire,PT,13,QuasiLiveness,00,TRUE,3,NONE,INV
2519,FireWire,PT,14,QuasiLiveness,00,TRUE,3,NONE,INV
2520,FireWire,PT,15,QuasiLiveness,00,FALSE,3,NONE,CEX
2521,FireWire,PT,16,QuasiLiveness,00,FALSE,3,NONE,CEX
2522,FireWire,PT,17,QuasiLiveness,00,TRUE,2,NONE,INV
2523,FireWire,PT,18,QuasiLiveness,00,TRUE,2,NONE,INV
2524,FireWire,PT,19,QuasiLiveness,00,TRUE,2,NONE,INV
2525,FlexibleBarrier,PT,04a,QuasiLiveness,00,TRUE,3,NUPN,INV
2526,FlexibleBarrier,PT,04b,QuasiLiveness,00,TRUE,3,NUPN,INV
2527,FlexibleBarrier,PT,06a,QuasiLiveness,00,TRUE,3,NUPN,INV
2528,FlexibleBarrier,PT,06b,QuasiLiveness,00,TRUE,3,NUPN,INV
2529,FlexibleBarrier,PT,08a,QuasiLiveness,00,TRUE,3,NUPN,INV
2530,FlexibleBarrier,PT,08b,QuasiLiveness,00,TRUE,2,NUPN,INV
2531,FlexibleBarrier,PT,10a,QuasiLiveness,00,TRUE,3,NUPN,INV
2532,FlexibleBarrier,PT,10b,QuasiLiveness,00,TRUE,2,NUPN,INV
2533,FlexibleBarrier,PT,12a,QuasiLiveness,00,TRUE,3,NUPN,INV
2534,FlexibleBarrier,PT,12b,QuasiLiveness,00,TRUE,2,NUPN,INV
2535,FlexibleBarrier,PT,14a,QuasiLiveness,00,TRUE,3,NUPN,INV
2536,FlexibleBarrier,PT,14b,QuasiLiveness,00,TRUE,2,NUPN,INV
2537,FlexibleBarrier,PT,16a,QuasiLiveness,00,TRUE,3,NUPN,INV
2538,FlexibleBarrier,PT,16b,QuasiLiveness,00,TRUE,2,NUPN,INV
2539,FlexibleBarrier,PT,18a,QuasiLiveness,00,TRUE,3,NUPN,INV
2540,FlexibleBarrier,PT,18b,QuasiLiveness,00,TRUE,2,NUPN,INV
2541,FlexibleBarrier,PT,20a,QuasiLiveness,00,TRUE,3,NUPN,INV
2542,FlexibleBarrier,PT,20b,QuasiLiveness,00,TRUE,2,NUPN,INV
2543,FlexibleBarrier,PT,22a,QuasiLiveness,00,TRUE,3,NUPN,INV
2544,FlexibleBarrier,PT,22b,QuasiLiveness,00,TRUE,2,NUPN,INV
2545,FMS,PT,00002,QuasiLiveness,00,TRUE,3,NONE,INV
2546,FMS,PT,00005,QuasiLiveness,00,TRUE,3,NONE,INV
2547,FMS,PT,00010,QuasiLiveness,00,TRUE,3,NONE,INV
2548,FMS,PT,00020,QuasiLiveness,00,TRUE,3,NONE,INV
2549,FMS,PT,00050,QuasiLiveness,00,TRUE,3,NONE,INV
2550,FMS,PT,00100,QuasiLiveness,00,TRUE,3,NONE,INV
2551,FMS,PT,00200,QuasiLiveness,00,TRUE,3,NONE,INV
2552,FMS,PT,00500,QuasiLiveness,00,TRUE,3,NONE,INV
2553,FMS,PT,01000,QuasiLiveness,00,TRUE,3,NONE,INV
2554,FMS,PT,02000,QuasiLiveness,00,TRUE,3,NONE,INV
2555,FMS,PT,05000,QuasiLiveness,00,TRUE,3,NONE,INV
2556,FMS,PT,10000,QuasiLiveness,00,TRUE,3,NONE,INV
2557,FMS,PT,20000,QuasiLiveness,00,TRUE,3,NONE,INV
2558,FMS,PT,50000,QuasiLiveness,00,TRUE,3,NONE,INV
2559,FunctionPointer,PT,a002,QuasiLiveness,00,FALSE,3,NONE,CEX
2560,FunctionPointer,PT,a004,QuasiLiveness,00,FALSE,3,NONE,CEX
2561,FunctionPointer,PT,a008,QuasiLiveness,00,FALSE,3,NONE,CEX
2562,FunctionPointer,PT,a016,QuasiLiveness,00,FALSE,3,NONE,CEX
2563,FunctionPointer,PT,a032,QuasiLiveness,00,FALSE,3,NONE,CEX
2564,FunctionPointer,PT,a064,QuasiLiveness,00,FALSE,3,NONE,CEX
2565,FunctionPointer,PT,a128,QuasiLiveness,00,FALSE,3,NONE,CEX
2566,FunctionPointer,PT,b002,QuasiLiveness,00,FALSE,3,NONE,CEX
2567,FunctionPointer,PT,b004,QuasiLiveness,00,FALSE,3,NONE,CEX
2568,FunctionPointer,PT,b008,QuasiLiveness,00,FALSE,3,NONE,CEX
2569,FunctionPointer,PT,b016,QuasiLiveness,00,FALSE,3,NONE,CEX
2570,FunctionPointer,PT,b032,QuasiLiveness,00,FALSE,3,NONE,CEX
2571,FunctionPointer,PT,b064,QuasiLiveness,00,FALSE,3,NONE,CEX
2572,FunctionPointer,PT,b128,QuasiLiveness,00,FALSE,3,NONE,CEX
2573,FunctionPointer,PT,c002,QuasiLiveness,00,FALSE,3,NONE,CEX
2574,FunctionPointer,PT,c004,QuasiLiveness,00,FALSE,3,NONE,CEX
2575,FunctionPointer,PT,c008,QuasiLiveness,00,FALSE,3,NONE,CEX
2576,FunctionPointer,PT,c016,QuasiLiveness,00,FALSE,3,NONE,CEX
2577,FunctionPointer,PT,c032,QuasiLiveness,00,FALSE,3,NONE,CEX
2578,FunctionPointer,PT,c064,QuasiLiveness,00,FALSE,3,NONE,CEX
2579,FunctionPointer,PT,c128,QuasiLiveness,00,FALSE,3,NONE,CEX
2580,GlobalResAllocation,COL,03,QuasiLiveness,00,TRUE,3,NONE,INV
2581,GlobalResAllocation,COL,05,QuasiLiveness,00,TRUE,3,NONE,INV
2582,GlobalResAllocation,COL,06,QuasiLiveness,00,TRUE,3,NONE,INV
2583,GlobalResAllocation,COL,07,QuasiLiveness,00,TRUE,3,NONE,INV
2584,GlobalResAllocation,COL,09,QuasiLiveness,00,TRUE,3,NONE,INV
2585,GlobalResAllocation,COL,10,QuasiLiveness,00,TRUE,3,NONE,INV
2586,GlobalResAllocation,COL,11,QuasiLiveness,00,TRUE,3,NONE,INV
2587,GlobalResAllocation,PT,03,QuasiLiveness,00,FALSE,3,NONE,CEX
2588,GlobalResAllocation,PT,05,QuasiLiveness,00,FALSE,3,NONE,CEX
2589,GPPP,PT,C0001N0000000001,QuasiLiveness,00,TRUE,3,NONE,INV
2590,GPPP,PT,C0001N0000000010,QuasiLiveness,00,TRUE,3,NONE,INV
2591,GPPP,PT,C0001N0000000100,QuasiLiveness,00,TRUE,3,NONE,INV
2592,GPPP,PT,C0001N0000001000,QuasiLiveness,00,TRUE,3,NONE,INV
2593,GPPP,PT,C0001N0000010000,QuasiLiveness,00,TRUE,3,NONE,INV
2594,GPPP,PT,C0001N0000100000,QuasiLiveness,00,TRUE,3,NONE,INV
2595,GPPP,PT,C0010N0000000010,QuasiLiveness,00,FALSE,3,NONE,CEX
2596,GPPP,PT,C0010N0000000100,QuasiLiveness,00,FALSE,3,NONE,CEX
2597,GPPP,PT,C0100N0000000010,QuasiLiveness,00,FALSE,3,NONE,CEX
2598,GPPP,PT,C0100N0000000100,QuasiLiveness,00,FALSE,3,NONE,CEX
2599,GPPP,PT,C0100N0000001000,QuasiLiveness,00,FALSE,3,NONE,CEX
2600,GPPP,PT,C0100N0000010000,QuasiLiveness,00,FALSE,3,NONE,CEX
2601,GPPP,PT,C0100N0000100000,QuasiLiveness,00,FALSE,3,NONE,CEX
2602,GPPP,PT,C1000N0000000010,QuasiLiveness,00,FALSE,3,NONE,CEX
2603,GPPP,PT,C1000N0000000100,QuasiLiveness,00,FALSE,3,NONE,CEX
2604,GPPP,PT,C1000N0000001000,QuasiLiveness,00,FALSE,3,NONE,CEX
2605,GPUForwardProgress,PT,04a,QuasiLiveness,00,TRUE,3,NUPN,INV
2606,GPUForwardProgress,PT,04b,QuasiLiveness,00,TRUE,3,NUPN,INV
2607,GPUForwardProgress,PT,08a,QuasiLiveness,00,TRUE,3,NUPN,INV
2608,GPUForwardProgress,PT,08b,QuasiLiveness,00,TRUE,3,NUPN,INV
2609,GPUForwardProgress,PT,12a,QuasiLiveness,00,TRUE,3,NUPN,INV
2610,GPUForwardProgress,PT,12b,QuasiLiveness,00,TRUE,2,NUPN,INV
2611,GPUForwardProgress,PT,16a,QuasiLiveness,00,TRUE,3,NUPN,INV
2612,GPUForwardProgress,PT,16b,QuasiLiveness,00,TRUE,2,NUPN,INV
2613,GPUForwardProgress,PT,20a,QuasiLiveness,00,TRUE,3,NUPN,INV
2614,GPUForwardProgress,PT,20b,QuasiLiveness,00,TRUE,2,NUPN,INV
2615,GPUForwardProgress,PT,24a,QuasiLiveness,00,TRUE,3,NUPN,INV
2616,GPUForwardProgress,PT,24b,QuasiLiveness,00,TRUE,2,NUPN,INV
2617,GPUForwardProgress,PT,28a,QuasiLiveness,00,TRUE,3,NUPN,INV
2618,GPUForwardProgress,PT,28b,QuasiLiveness,00,TRUE,2,NUPN,INV
2619,GPUForwardProgress,PT,32a,QuasiLiveness,00,TRUE,3,NUPN,INV
2620,GPUForwardProgress,PT,32b,QuasiLiveness,00,TRUE,2,NUPN,INV
2621,GPUForwardProgress,PT,36a,QuasiLiveness,00,TRUE,3,NUPN,INV
2622,GPUForwardProgress,PT,36b,QuasiLiveness,00,TRUE,2,NUPN,INV
2623,GPUForwardProgress,PT,40a,QuasiLiveness,00,TRUE,3,NUPN,INV
2624,GPUForwardProgress,PT,40b,QuasiLiveness,00,TRUE,2,NUPN,INV
2625,HealthRecord,PT,01,QuasiLiveness,00,TRUE,3,NUPN,INV
2626,HealthRecord,PT,02,QuasiLiveness,00,TRUE,3,NUPN,INV
2627,HealthRecord,PT,03,QuasiLiveness,00,TRUE,3,NUPN,INV
2628,HealthRecord,PT,04,QuasiLiveness,00,TRUE,3,NUPN,INV
2629,HealthRecord,PT,05,QuasiLiveness,00,TRUE,3,NUPN,INV
2630,HealthRecord,PT,06,QuasiLiveness,00,TRUE,3,NUPN,INV
2631,HealthRecord,PT,07,QuasiLiveness,00,TRUE,3,NUPN,INV
2632,HealthRecord,PT,08,QuasiLiveness,00,TRUE,3,NUPN,INV
2633,HealthRecord,PT,09,QuasiLiveness,00,TRUE,3,NUPN,INV
2634,HealthRecord,PT,10,QuasiLiveness,00,TRUE,3,NUPN,INV
2635,HealthRecord,PT,11,QuasiLiveness,00,TRUE,3,NUPN,INV
2636,HealthRecord,PT,12,QuasiLiveness,00,TRUE,3,NUPN,INV
2637,HealthRecord,PT,13,QuasiLiveness,00,TRUE,3,NUPN,INV
2638,HealthRecord,PT,14,QuasiLiveness,00,TRUE,3,NUPN,INV
2639,HealthRecord,PT,15,QuasiLiveness,00,TRUE,3,NUPN,INV
2640,HealthRecord,PT,16,QuasiLiveness,00,TRUE,2,NUPN,INV
2641,HealthRecord,PT,17,QuasiLiveness,00,TRUE,2,NUPN,INV
2642,HexagonalGrid,PT,110,QuasiLiveness,00,TRUE,3,NONE,INV
2643,HexagonalGrid,PT,126,QuasiLiveness,00,TRUE,3,NONE,INV
2644,HexagonalGrid,PT,226,QuasiLiveness,00,TRUE,3,NONE,INV
2645,HexagonalGrid,PT,316,QuasiLiveness,00,TRUE,3,NONE,INV
2646,HexagonalGrid,PT,410,QuasiLiveness,00,TRUE,3,NONE,INV
2647,HexagonalGrid,PT,516,QuasiLiveness,00,TRUE,3,NONE,INV
2648,HexagonalGrid,PT,816,QuasiLiveness,00,TRUE,3,NONE,INV
2649,HirschbergSinclair,PT,05,QuasiLiveness,00,TRUE,3,NONE,INV
2650,HirschbergSinclair,PT,10,QuasiLiveness,00,TRUE,3,NONE,INV
2651,HirschbergSinclair,PT,15,QuasiLiveness,00,TRUE,3,NONE,INV
2652,HirschbergSinclair,PT,20,QuasiLiveness,00,TRUE,3,NONE,INV
2653,HirschbergSinclair,PT,25,QuasiLiveness,00,TRUE,3,NONE,INV
2654,HirschbergSinclair,PT,30,QuasiLiveness,00,TRUE,3,NONE,INV
2655,HirschbergSinclair,PT,35,QuasiLiveness,00,TRUE,3,NONE,INV
2656,HirschbergSinclair,PT,40,QuasiLiveness,00,TRUE,3,NONE,INV
2657,HirschbergSinclair,PT,45,QuasiLiveness,00,TRUE,3,NONE,INV
2658,HirschbergSinclair,PT,50,QuasiLiveness,00,TRUE,3,NONE,INV
2659,HospitalTriage,PT,none,QuasiLiveness,00,FALSE,3,NONE,CEX
2660,HouseConstruction,PT,00002,QuasiLiveness,00,TRUE,3,NONE,INV
2661,HouseConstruction,PT,00005,QuasiLiveness,00,TRUE,3,NONE,INV
2662,HouseConstruction,PT,00010,QuasiLiveness,00,TRUE,3,NONE,INV
2663,HouseConstruction,PT,00020,QuasiLiveness,00,TRUE,3,NONE,INV
2664,HouseConstruction,PT,00050,QuasiLiveness,00,TRUE,3,NONE,INV
2665,HouseConstruction,PT,00100,QuasiLiveness,00,TRUE,3,NONE,INV
2666,HouseConstruction,PT,00200,QuasiLiveness,00,TRUE,3,NONE,INV
2667,HouseConstruction,PT,00500,QuasiLiveness,00,TRUE,3,NONE,INV
2668,HouseConstruction,PT,01000,QuasiLiveness,00,TRUE,3,NONE,INV
2669,HouseConstruction,PT,02000,QuasiLiveness,00,TRUE,3,NONE,INV
2670,HouseConstruction,PT,04000,QuasiLiveness,00,TRUE,3,NONE,INV
2671,HouseConstruction,PT,08000,QuasiLiveness,00,TRUE,3,NONE,INV
2672,HouseConstruction,PT,16000,QuasiLiveness,00,TRUE,3,NONE,INV
2673,HouseConstruction,PT,32000,QuasiLiveness,00,TRUE,3,NONE,INV
2674,HypercubeGrid,PT,C3K4P4B12,QuasiLiveness,00,TRUE,3,NONE,INV
2675,HypercubeGrid,PT,C4K3P3B12,QuasiLiveness,00,TRUE,3,NONE,INV
2676,HypercubeGrid,PT,C5K3P3B15,QuasiLiveness,00,TRUE,3,NONE,INV
2677,HypertorusGrid,PT,d2k1p8b00,QuasiLiveness,00,TRUE,3,NONE,INV
2678,HypertorusGrid,PT,d2k2p1b00,QuasiLiveness,00,TRUE,3,NONE,INV
2679,HypertorusGrid,PT,d2k3p2b04,QuasiLiveness,00,TRUE,3,NONE,INV
2680,HypertorusGrid,PT,d3k3p2b06,QuasiLiveness,00,TRUE,3,NONE,INV
2681,HypertorusGrid,PT,d4k3p2b08,QuasiLiveness,00,TRUE,3,NONE,INV
2682,HypertorusGrid,PT,d5k3p2b10,QuasiLiveness,00,TRUE,3,NONE,INV
2683,IBM319,PT,none,QuasiLiveness,00,FALSE,3,GEN,CEX
2684,IBM5964,PT,none,QuasiLiveness,00,FALSE,3,NONE,CEX
2685,IBM703,PT,none,QuasiLiveness,00,TRUE,3,GEN,INV
2686,IBMB2S565S3960,PT,none,QuasiLiveness,00,TRUE,3,NONE,INV
2687,IOTPpurchase,PT,C01M01P01D01,QuasiLiveness,00,TRUE,3,GEN,INV
2688,IOTPpurchase,PT,C03M03P03D03,QuasiLiveness,00,TRUE,3,NONE,INV
2689,IOTPpurchase,PT,C05M04P03D02,QuasiLiveness,00,TRUE,3,NONE,INV
2690,IOTPpurchase,PT,C12M10P15D17,QuasiLiveness,00,TRUE,3,NONE,INV
2691,JoinFreeModules,PT,0003,QuasiLiveness,00,TRUE,3,NONE,INV
2692,JoinFreeModules,PT,0004,QuasiLiveness,00,TRUE,3,NONE,INV
2693,JoinFreeModules,PT,0005,QuasiLiveness,00,TRUE,3,NONE,INV
2694,JoinFreeModules,PT,0010,QuasiLiveness,00,TRUE,3,NONE,INV
2695,JoinFreeModules,PT,0020,QuasiLiveness,00,TRUE,3,NONE,INV
2696,JoinFreeModules,PT,0050,QuasiLiveness,00,TRUE,3,NONE,INV
2697,JoinFreeModules,PT,0100,QuasiLiveness,00,TRUE,3,NONE,INV
2698,JoinFreeModules,PT,0200,QuasiLiveness,00,TRUE,3,NONE,INV
2699,JoinFreeModules,PT,0500,QuasiLiveness,00,TRUE,3,NONE,INV
2700,JoinFreeModules,PT,1000,QuasiLiveness,00,TRUE,3,NONE,INV
2701,Kanban,PT,00005,QuasiLiveness,00,TRUE,3,NONE,INV
2702,Kanban,PT,00010,QuasiLiveness,00,TRUE,3,NONE,INV
2703,Kanban,PT,00020,QuasiLiveness,00,TRUE,3,NONE,INV
2704,Kanban,PT,00050,QuasiLiveness,00,TRUE,3,NONE,INV
2705,Kanban,PT,00100,QuasiLiveness,00,TRUE,3,NONE,INV
2706,Kanban,PT,00200,QuasiLiveness,00,TRUE,3,NONE,INV
2707,Kanban,PT,00500,QuasiLiveness,00,TRUE,3,NONE,INV
2708,Kanban,PT,01000,QuasiLiveness,00,TRUE,3,NONE,INV
2709,Kanban,PT,02000,QuasiLiveness,00,TRUE,3,NONE,INV
2710,Kanban,PT,05000,QuasiLiveness,00,TRUE,3,NONE,INV
2711,Kanban,PT,10000,QuasiLiveness,00,TRUE,3,NONE,INV
2712,Kanban,PT,20000,QuasiLiveness,00,TRUE,3,NONE,INV
2713,Kanban,PT,50000,QuasiLiveness,00,TRUE,3,NONE,INV
2714,LamportFastMutEx,COL,2,QuasiLiveness,00,TRUE,3,NONE,INV
2715,LamportFastMutEx,COL,3,QuasiLiveness,00,TRUE,3,NONE,INV
2716,LamportFastMutEx,COL,4,QuasiLiveness,00,TRUE,3,NONE,INV
2717,LamportFastMutEx,COL,5,QuasiLiveness,00,TRUE,3,NONE,INV
2718,LamportFastMutEx,COL,6,QuasiLiveness,00,TRUE,3,NONE,INV
2719,LamportFastMutEx,COL,7,QuasiLiveness,00,TRUE,3,NONE,INV
2720,LamportFastMutEx,COL,8,QuasiLiveness,00,TRUE,3,NONE,INV
2721,LamportFastMutEx,PT,2,QuasiLiveness,00,FALSE,3,GEN,CEX
2722,LamportFastMutEx,PT,3,QuasiLiveness,00,FALSE,3,GEN,CEX
2723,LamportFastMutEx,PT,4,QuasiLiveness,00,FALSE,3,GEN,CEX
2724,LamportFastMutEx,PT,5,QuasiLiveness,00,FALSE,3,GEN,CEX
2725,LamportFastMutEx,PT,6,QuasiLiveness,00,FALSE,3,GEN,CEX
2726,LamportFastMutEx,PT,7,QuasiLiveness,00,FALSE,3,GEN,CEX
2727,LamportFastMutEx,PT,8,QuasiLiveness,00,FALSE,3,GEN,CEX
2728,LeafsetExtension,PT,S08C2,QuasiLiveness,00,TRUE,3,NONE,INV
2729,LeafsetExtension,PT,S08C3,QuasiLiveness,00,TRUE,3,NONE,INV
2730,LeafsetExtension,PT,S08C4,QuasiLiveness,00,TRUE,3,NONE,INV
2731,LeafsetExtension,PT,S16C2,QuasiLiveness,00,TRUE,3,NONE,INV
2732,LeafsetExtension,PT,S16C3,QuasiLiveness,00,TRUE,3,NONE,INV
2733,LeafsetExtension,PT,S16C4,QuasiLiveness,00,TRUE,3,NONE,INV
2734,LeafsetExtension,PT,S32C2,QuasiLiveness,00,TRUE,3,NONE,INV
2735,LeafsetExtension,PT,S32C3,QuasiLiveness,00,TRUE,2,NONE,INV
2736,LeafsetExtension,PT,S32C4,QuasiLiveness,00,TRUE,2,NONE,INV
2737,LeafsetExtension,PT,S64C2,QuasiLiveness,00,TRUE,2,NONE,INV
2738,LeafsetExtension,PT,S64C3,QuasiLiveness,00,TRUE,2,NONE,INV
2739,LeafsetExtension,PT,S64C4,QuasiLiveness,00,TRUE,2,NONE,INV
2740,MAPK,PT,00008,QuasiLiveness,00,TRUE,3,NONE,INV
2741,MAPK,PT,00020,QuasiLiveness,00,TRUE,3,NONE,INV
2742,MAPK,PT,00040,QuasiLiveness,00,TRUE,3,NONE,INV
2743,MAPK,PT,00080,QuasiLiveness,00,TRUE,3,NONE,INV
2744,MAPK,PT,00160,QuasiLiveness,00,TRUE,3,NONE,INV
2745,MAPK,PT,00320,QuasiLiveness,00,TRUE,3,NONE,INV
2746,MAPK,PT,00640,QuasiLiveness,00,TRUE,3,NONE,INV
2747,MAPK,PT,01280,QuasiLiveness,00,TRUE,3,NONE,INV
2748,MAPK,PT,02560,QuasiLiveness,00,TRUE,3,NONE,INV
2749,MAPK,PT,05120,QuasiLiveness,00,TRUE,3,NONE,INV
2750,MAPK,PT,10240,QuasiLiveness,00,TRUE,3,NONE,INV
2751,MAPKbis,PT,5310,QuasiLiveness,00,FALSE,3,GEN,CEX
2752,MAPKbis,PT,5320,QuasiLiveness,00,FALSE,3,GEN,CEX
2753,Medical,PT,02,QuasiLiveness,00,FALSE,3,NONE,CEX
2754,Medical,PT,04,QuasiLiveness,00,FALSE,3,NONE,CEX
2755,Medical,PT,06,QuasiLiveness,00,FALSE,3,NONE,CEX
2756,Medical,PT,08,QuasiLiveness,00,FALSE,3,NONE,CEX
2757,Medical,PT,10,QuasiLiveness,00,FALSE,3,NONE,CEX
2758,Medical,PT,12,QuasiLiveness,00,FALSE,3,NONE,CEX
2759,Medical,PT,14,QuasiLiveness,00,FALSE,3,NONE,CEX
2760,Medical,PT,16,QuasiLiveness,00,FALSE,3,NONE,CEX
2761,Medical,PT,18,QuasiLiveness,00,FALSE,3,NONE,CEX
2762,Medical,PT,20,QuasiLiveness,00,FALSE,3,NONE,CEX
2763,Medical,PT,22,QuasiLiveness,00,FALSE,3,NONE,CEX
2764,Medical,PT,24,QuasiLiveness,00,FALSE,3,NONE,CEX
2765,MedleyA,PT,01,QuasiLiveness,00,TRUE,3,NONE,INV
2766,MedleyA,PT,02,QuasiLiveness,00,TRUE,3,NONE,INV
2767,MedleyA,PT,03,QuasiLiveness,00,TRUE,3,NONE,INV
2768,MedleyA,PT,04,QuasiLiveness,00,TRUE,3,NONE,INV
2769,MedleyA,PT,05,QuasiLiveness,00,TRUE,3,NONE,INV
2770,MedleyA,PT,06,QuasiLiveness,00,TRUE,3,NONE,INV
2771,MedleyA,PT,07,QuasiLiveness,00,FALSE,3,NONE,CEX
2772,MedleyA,PT,08,QuasiLiveness,00,FALSE,3,NONE,CEX
2773,MedleyA,PT,09,QuasiLiveness,00,FALSE,3,NONE,CEX
2774,MedleyA,PT,10,QuasiLiveness,00,FALSE,3,NONE,CEX
2775,MedleyA,PT,11,QuasiLiveness,00,FALSE,3,NONE,CEX
2776,MedleyA,PT,12,QuasiLiveness,00,TRUE,3,NONE,INV
2777,MedleyA,PT,13,QuasiLiveness,00,TRUE,3,NONE,INV
2778,MedleyA,PT,14,QuasiLiveness,00,FALSE,3,NONE,CEX
2779,MedleyA,PT,15,QuasiLiveness,00,TRUE,3,NONE,INV
2780,MedleyA,PT,16,QuasiLiveness,00,TRUE,3,NONE,INV
2781,MedleyA,PT,17,QuasiLiveness,00,FALSE,3,NONE,CEX
2782,MedleyA,PT,18,QuasiLiveness,00,FALSE,3,NONE,CEX
2783,MedleyA,PT,19,QuasiLiveness,00,FALSE,3,NONE,CEX
2784,MedleyA,PT,20,QuasiLiveness,00,TRUE,3,NONE,INV
2785,MedleyA,PT,21,QuasiLiveness,00,TRUE,3,NONE,INV
2786,MedleyA,PT,22,QuasiLiveness,00,FALSE,3,NONE,CEX
2787,MedleyA,PT,23,QuasiLiveness,00,TRUE,3,NONE,INV
2788,MedleyB,PT,B01,QuasiLiveness,00,TRUE,3,NONE,INV
2789,MedleyB,PT,B02,QuasiLiveness,00,TRUE,2,NONE,INV
2790,MedleyB,PT,B03,QuasiLiveness,00,TRUE,2,NONE,INV
2791,MedleyB,PT,B04,QuasiLiveness,00,TRUE,2,NONE,INV
2792,MedleyB,PT,B05,QuasiLiveness,00,TRUE,2,NONE,INV
2793,MedleyB,PT,B06,QuasiLiveness,00,TRUE,2,NONE,INV
2794,MedleyB,PT,B07,QuasiLiveness,00,TRUE,2,NONE,INV
2795,MedleyB,PT,B08,QuasiLiveness,00,TRUE,2,NONE,INV
2796,MedleyB,PT,B09,QuasiLiveness,00,TRUE,2,NONE,INV
2797,MultiCrashLeafsetExtension,PT,S16C02,QuasiLiveness,00,FALSE,3,NONE,CEX
2798,MultiCrashLeafsetExtension,PT,S16C03,QuasiLiveness,00,FALSE,3,NONE,CEX
2799,MultiCrashLeafsetExtension,PT,S24C02,QuasiLiveness,00,FALSE,3,NONE,CEX
2800,MultiwaySync,PT,none,QuasiLiveness,00,TRUE,2,NUPN,INV
2801,Murphy,COL,D1N010,QuasiLiveness,00,FALSE,3,NONE,CEX
2802,Murphy,COL,D2N050,QuasiLiveness,00,FALSE,2,NONE,CEX
2803,Murphy,COL,D2N100,QuasiLiveness,00,FALSE,2,NONE,CEX
2804,Murphy,COL,D3N050,QuasiLiveness,00,FALSE,2,NONE,CEX
2805,Murphy,COL,D4N025,QuasiLiveness,00,FALSE,2,NONE,CEX
2806,Murphy,COL,D4N050,QuasiLiveness,00,FALSE,2,NONE,CEX
2807,Murphy,PT,D1N010,QuasiLiveness,00,FALSE,3,NONE,CEX
2808,Murphy,PT,D2N050,QuasiLiveness,00,FALSE,2,NONE,CEX
2809,Murphy,PT,D2N100,QuasiLiveness,00,FALSE,2,NONE,CEX
2810,Murphy,PT,D3N050,QuasiLiveness,00,FALSE,2,NONE,CEX
2811,Murphy,PT,D4N025,QuasiLiveness,00,FALSE,2,NONE,CEX
2812,Murphy,PT,D4N050,QuasiLiveness,00,FALSE,2,NONE,CEX
2813,NeighborGrid,PT,d2n3m1c12,QuasiLiveness,00,TRUE,3,NONE,INV
2814,NeighborGrid,PT,d2n3m1t12,QuasiLiveness,00,TRUE,3,NONE,INV
2815,NeighborGrid,PT,d3n3m1t11,QuasiLiveness,00,TRUE,3,NONE,INV
2816,NeighborGrid,PT,d4n3m2c23,QuasiLiveness,00,TRUE,3,NONE,INV
2817,NeighborGrid,PT,d5n4m1t35,QuasiLiveness,00,TRUE,3,NONE,INV
2818,NeoElection,COL,2,QuasiLiveness,00,FALSE,3,NONE,CEX
2819,NeoElection,COL,3,QuasiLiveness,00,FALSE,3,NONE,CEX
2820,NeoElection,COL,4,QuasiLiveness,00,FALSE,3,NONE,CEX
2821,NeoElection,COL,5,QuasiLiveness,00,FALSE,3,NONE,CEX
2822,NeoElection,COL,6,QuasiLiveness,00,FALSE,3,NONE,CEX
2823,NeoElection,COL,7,QuasiLiveness,00,FALSE,3,NONE,CEX
2824,NeoElection,COL,8,QuasiLiveness,00,FALSE,3,NONE,CEX
2825,NeoElection,PT,2,QuasiLiveness,00,FALSE,3,GEN,CEX
2826,NeoElection,PT,3,QuasiLiveness,00,FALSE,3,GEN,CEX
2827,NeoElection,PT,4,QuasiLiveness,00,FALSE,3,GEN,CEX
2828,NeoElection,PT,5,QuasiLiveness,00,FALSE,3,GEN,CEX
2829,NeoElection,PT,6,QuasiLiveness,00,FALSE,3,GEN,CEX
2830,NeoElection,PT,7,QuasiLiveness,00,FALSE,3,GEN,CEX
2831,NeoElection,PT,8,QuasiLiveness,00,FALSE,3,GEN,CEX
2832,NoC3x3,PT,1A,QuasiLiveness,00,TRUE,3,NUPN,INV
2833,NoC3x3,PT,1B,QuasiLiveness,00,TRUE,2,NUPN,INV
2834,NoC3x3,PT,2A,QuasiLiveness,00,TRUE,3,NUPN,INV
2835,NoC3x3,PT,2B,QuasiLiveness,00,FALSE,3,NUPN,CEX
2836,NoC3x3,PT,3A,QuasiLiveness,00,TRUE,3,NUPN,INV
2837,NoC3x3,PT,3B,QuasiLiveness,00,FALSE,3,NUPN,CEX
2838,NoC3x3,PT,4A,QuasiLiveness,00,TRUE,3,NUPN,INV
2839,NoC3x3,PT,4B,QuasiLiveness,00,TRUE,2,NUPN,INV
2840,NoC3x3,PT,5A,QuasiLiveness,00,TRUE,2,NUPN,INV
2841,NoC3x3,PT,5B,QuasiLiveness,00,TRUE,2,NUPN,INV
2842,NoC3x3,PT,6A,QuasiLiveness,00,TRUE,2,NUPN,INV
2843,NoC3x3,PT,6B,QuasiLiveness,00,TRUE,2,NUPN,INV
2844,NoC3x3,PT,7A,QuasiLiveness,00,TRUE,3,NUPN,INV
2845,NoC3x3,PT,7B,QuasiLiveness,00,TRUE,2,NUPN,INV
2846,NoC3x3,PT,8A,QuasiLiveness,00,TRUE,3,NUPN,INV
2847,NoC3x3,PT,8B,QuasiLiveness,00,TRUE,2,NUPN,INV
2848,NQueens,PT,05,QuasiLiveness,00,TRUE,3,GEN,INV
2849,NQueens,PT,08,QuasiLiveness,00,TRUE,3,GEN,INV
2850,NQueens,PT,10,QuasiLiveness,00,TRUE,3,GEN,INV
2851,NQueens,PT,12,QuasiLiveness,00,TRUE,3,GEN,INV
2852,NQueens,PT,15,QuasiLiveness,00,TRUE,3,GEN,INV
2853,NQueens,PT,20,QuasiLiveness,00,TRUE,3,GEN,INV
2854,NQueens,PT,25,QuasiLiveness,00,TRUE,3,GEN,INV
2855,NQueens,PT,30,QuasiLiveness,00,TRUE,3,GEN,INV
2856,PaceMaker,PT,none,QuasiLiveness,00,TRUE,3,NONE,INV
2857,ParamProductionCell,PT,0,QuasiLiveness,00,TRUE,3,GEN,INV
2858,ParamProductionCell,PT,1,QuasiLiveness,00,FALSE,3,GEN,CEX
2859,ParamProductionCell,PT,2,QuasiLiveness,00,TRUE,3,GEN,INV
2860,ParamProductionCell,PT,3,QuasiLiveness,00,TRUE,3,GEN,INV
2861,ParamProductionCell,PT,4,QuasiLiveness,00,TRUE,3,GEN,INV
2862,ParamProductionCell,PT,5,QuasiLiveness,00,TRUE,3,GEN,INV
2863,Parking,PT,104,QuasiLiveness,00,TRUE,3,NUPN,INV
2864,Parking,PT,208,QuasiLiveness,00,TRUE,3,NUPN,INV
2865,Parking,PT,416,QuasiLiveness,00,TRUE,3,NUPN,INV
2866,Parking,PT,432,QuasiLiveness,00,TRUE,3,NUPN,INV
2867,Parking,PT,832,QuasiLiveness,00,TRUE,3,NUPN,INV
2868,Parking,PT,864,QuasiLiveness,00,TRUE,3,NUPN,INV
2869,PermAdmissibility,COL,01,QuasiLiveness,00,TRUE,3,NONE,INV
2870,PermAdmissibility,COL,02,QuasiLiveness,00,TRUE,3,NONE,INV
2871,PermAdmissibility,COL,05,QuasiLiveness,00,TRUE,3,NONE,INV
2872,PermAdmissibility,COL,10,QuasiLiveness,00,TRUE,3,NONE,INV
2873,PermAdmissibility,COL,20,QuasiLiveness,00,TRUE,3,NONE,INV
2874,PermAdmissibility,COL,50,QuasiLiveness,00,TRUE,3,NONE,INV
2875,PermAdmissibility,PT,01,QuasiLiveness,00,FALSE,3,NONE,CEX
2876,PermAdmissibility,PT,02,QuasiLiveness,00,TRUE,3,NONE,INV
2877,PermAdmissibility,PT,05,QuasiLiveness,00,TRUE,3,NONE,INV
2878,PermAdmissibility,PT,10,QuasiLiveness,00,TRUE,3,NONE,INV
2879,PermAdmissibility,PT,20,QuasiLiveness,00,TRUE,3,NONE,INV
2880,PermAdmissibility,PT,50,QuasiLiveness,00,TRUE,3,NONE,INV
2881,Peterson,COL,2,QuasiLiveness,00,TRUE,3,NONE,INV
2882,Peterson,COL,3,QuasiLiveness,00,TRUE,3,NONE,INV
2883,Peterson,COL,4,QuasiLiveness,00,TRUE,3,NONE,INV
2884,Peterson,COL,5,QuasiLiveness,00,TRUE,2,NONE,INV
2885,Peterson,COL,6,QuasiLiveness,00,TRUE,2,NONE,INV
2886,Peterson,COL,7,QuasiLiveness,00,TRUE,2,NONE,INV
2887,Peterson,PT,2,QuasiLiveness,00,TRUE,3,GEN,INV
2888,Peterson,PT,3,QuasiLiveness,00,TRUE,3,GEN,INV
2889,Peterson,PT,4,QuasiLiveness,00,TRUE,2,GEN,INV
2890,PGCD,COL,D02N005,QuasiLiveness,00,TRUE,3,NONE,INV
2891,PGCD,COL,D02N006,QuasiLiveness,00,TRUE,3,NONE,INV
2892,PGCD,COL,D02N100,QuasiLiveness,00,TRUE,3,NONE,INV
2893,PGCD,COL,D03N050,QuasiLiveness,00,TRUE,3,NONE,INV
2894,PGCD,COL,D04N025,QuasiLiveness,00,TRUE,3,NONE,INV
2895,PGCD,COL,D04N050,QuasiLiveness,00,TRUE,3,NONE,INV
2896,PGCD,COL,D05N025,QuasiLiveness,00,TRUE,3,NONE,INV
2897,PGCD,PT,D02N005,QuasiLiveness,00,TRUE,3,NONE,INV
2898,PGCD,PT,D02N006,QuasiLiveness,00,TRUE,3,NONE,INV
2899,PGCD,PT,D02N100,QuasiLiveness,00,TRUE,3,NONE,INV
2900,PGCD,PT,D03N050,QuasiLiveness,00,TRUE,3,NONE,INV
2901,PGCD,PT,D04N025,QuasiLiveness,00,TRUE,3,NONE,INV
2902,PGCD,PT,D04N050,QuasiLiveness,00,TRUE,3,NONE,INV
2903,PGCD,PT,D05N025,QuasiLiveness,00,TRUE,3,NONE,INV
2904,PhaseVariation,PT,D02CS010,QuasiLiveness,00,TRUE,3,NONE,INV
2905,PhaseVariation,PT,D02CS100,QuasiLiveness,00,TRUE,3,NONE,INV
2906,PhaseVariation,PT,D05CS010,QuasiLiveness,00,FALSE,3,NONE,CEX
2907,PhaseVariation,PT,D05CS100,QuasiLiveness,00,TRUE,3,NONE,INV
2908,PhaseVariation,PT,D10CS010,QuasiLiveness,00,FALSE,3,NONE,CEX
2909,PhaseVariation,PT,D10CS100,QuasiLiveness,00,FALSE,3,NONE,CEX
2910,PhaseVariation,PT,D20CS010,QuasiLiveness,00,FALSE,3,NONE,CEX
2911,PhaseVariation,PT,D20CS100,QuasiLiveness,00,FALSE,3,NONE,CEX
2912,PhaseVariation,PT,D30CS010,QuasiLiveness,00,FALSE,3,NONE,CEX
2913,PhaseVariation,PT,D30CS100,QuasiLiveness,00,FALSE,3,NONE,CEX
2914,Philosophers,COL,000005,QuasiLiveness,00,TRUE,3,NONE,INV
2915,Philosophers,COL,000010,QuasiLiveness,00,TRUE,3,NONE,INV
2916,Philosophers,COL,000020,QuasiLiveness,00,TRUE,3,NONE,INV
2917,Philosophers,COL,000050,QuasiLiveness,00,TRUE,3,NONE,INV
2918,Philosophers,COL,000100,QuasiLiveness,00,TRUE,3,NONE,INV
2919,Philosophers,COL,000200,QuasiLiveness,00,TRUE,3,NONE,INV
2920,Philosophers,COL,000500,QuasiLiveness,00,TRUE,3,NONE,INV
2921,Philosophers,COL,001000,QuasiLiveness,00,TRUE,3,NONE,INV
2922,Philosophers,COL,002000,QuasiLiveness,00,TRUE,3,NONE,INV
2923,Philosophers,COL,005000,QuasiLiveness,00,TRUE,3,NONE,INV
2924,Philosophers,COL,010000,QuasiLiveness,00,TRUE,3,NONE,INV
2925,Philosophers,COL,050000,QuasiLiveness,00,TRUE,3,NONE,INV
2926,Philosophers,PT,000005,QuasiLiveness,00,TRUE,3,GEN,INV
2927,Philosophers,PT,000010,QuasiLiveness,00,TRUE,3,GEN,INV
2928,Philosophers,PT,000020,QuasiLiveness,00,TRUE,3,GEN,INV
2929,Philosophers,PT,000050,QuasiLiveness,00,TRUE,3,GEN,INV
2930,Philosophers,PT,000100,QuasiLiveness,00,TRUE,3,GEN,INV
2931,Philosophers,PT,000200,QuasiLiveness,00,TRUE,3,GEN,INV
2932,Philosophers,PT,000500,QuasiLiveness,00,TRUE,3,GEN,INV
2933,Philosophers,PT,001000,QuasiLiveness,00,TRUE,2,GEN,INV
2934,Philosophers,PT,002000,QuasiLiveness,00,TRUE,2,GEN,INV
2935,Philosophers,PT,005000,QuasiLiveness,00,TRUE,2,NONE,INV
2936,PhilosophersDyn,COL,03,QuasiLiveness,00,TRUE,3,NONE,INV
2937,PhilosophersDyn,COL,10,QuasiLiveness,00,TRUE,3,NONE,INV
2938,PhilosophersDyn,COL,20,QuasiLiveness,00,TRUE,2,NONE,INV
2939,PhilosophersDyn,COL,50,QuasiLiveness,00,TRUE,3,NONE,INV
2940,PhilosophersDyn,PT,03,QuasiLiveness,00,FALSE,3,NONE,CEX
2941,PhilosophersDyn,PT,10,QuasiLiveness,00,FALSE,3,NONE,CEX
2942,PhilosophersDyn,PT,20,QuasiLiveness,00,FALSE,3,NONE,CEX
2943,Planning,PT,none,QuasiLiveness,00,TRUE,3,NONE,INV
2944,PolyORBLF,COL,S02J04T06,QuasiLiveness,00,FALSE,2,NONE,CEX
2945,PolyORBLF,COL,S02J04T08,QuasiLiveness,00,FALSE,2,NONE,CEX
2946,PolyORBLF,COL,S02J04T10,QuasiLiveness,00,FALSE,2,NONE,CEX
2947,PolyORBLF,COL,S02J06T06,QuasiLiveness,00,FALSE,2,NONE,CEX
2948,PolyORBLF,COL,S02J06T08,QuasiLiveness,00,FALSE,2,NONE,CEX
2949,PolyORBLF,COL,S02J06T10,QuasiLiveness,00,FALSE,2,NONE,CEX
2950,PolyORBLF,COL,S04J04T06,QuasiLiveness,00,TRUE,3,NONE,INV
2951,PolyORBLF,COL,S04J04T08,QuasiLiveness,00,TRUE,3,NONE,INV
2952,PolyORBLF,COL,S04J04T10,QuasiLiveness,00,TRUE,3,NONE,INV
2953,PolyORBLF,COL,S04J06T06,QuasiLiveness,00,TRUE,3,NONE,INV
2954,PolyORBLF,COL,S04J06T08,QuasiLiveness,00,TRUE,3,NONE,INV
2955,PolyORBLF,COL,S04J06T10,QuasiLiveness,00,TRUE,3,NONE,INV
2956,PolyORBLF,COL,S06J04T04,QuasiLiveness,00,TRUE,3,NONE,INV
2957,PolyORBLF,COL,S06J04T06,QuasiLiveness,00,TRUE,3,NONE,INV
2958,PolyORBLF,COL,S06J04T08,QuasiLiveness,00,TRUE,3,NONE,INV
2959,PolyORBLF,COL,S06J06T04,QuasiLiveness,00,TRUE,3,NONE,INV
2960,PolyORBLF,COL,S06J06T06,QuasiLiveness,00,TRUE,3,NONE,INV
2961,PolyORBLF,COL,S06J06T08,QuasiLiveness,00,TRUE,3,NONE,INV
2962,PolyORBLF,PT,S02J04T06,QuasiLiveness,00,FALSE,3,NONE,CEX
2963,PolyORBLF,PT,S02J04T08,QuasiLiveness,00,FALSE,3,NONE,CEX
2964,PolyORBLF,PT,S02J04T10,QuasiLiveness,00,FALSE,3,NONE,CEX
2965,PolyORBLF,PT,S02J06T06,QuasiLiveness,00,FALSE,3,NONE,CEX
2966,PolyORBLF,PT,S02J06T08,QuasiLiveness,00,FALSE,3,NONE,CEX
2967,PolyORBLF,PT,S02J06T10,QuasiLiveness,00,FALSE,3,NONE,CEX
2968,PolyORBLF,PT,S04J04T06,QuasiLiveness,00,FALSE,3,NONE,CEX
2969,PolyORBLF,PT,S04J04T08,QuasiLiveness,00,FALSE,3,NONE,CEX
2970,PolyORBLF,PT,S04J04T10,QuasiLiveness,00,FALSE,3,NONE,CEX
2971,PolyORBLF,PT,S04J06T06,QuasiLiveness,00,FALSE,3,NONE,CEX
2972,PolyORBLF,PT,S04J06T08,QuasiLiveness,00,FALSE,3,NONE,CEX
2973,PolyORBLF,PT,S04J06T10,QuasiLiveness,00,FALSE,3,NONE,CEX
2974,PolyORBLF,PT,S06J04T04,QuasiLiveness,00,FALSE,3,NONE,CEX
2975,PolyORBLF,PT,S06J04T06,QuasiLiveness,00,FALSE,3,NONE,CEX
2976,PolyORBLF,PT,S06J04T08,QuasiLiveness,00,FALSE,3,NONE,CEX
2977,PolyORBLF,PT,S06J06T04,QuasiLiveness,00,FALSE,3,NONE,CEX
2978,PolyORBLF,PT,S06J06T06,QuasiLiveness,00,FALSE,3,NONE,CEX
2979,PolyORBLF,PT,S06J06T08,QuasiLiveness,00,FALSE,3,NONE,CEX
2980,PolyORBNT,COL,S05J20,QuasiLiveness,00,FALSE,2,NONE,CEX
2981,PolyORBNT,COL,S05J30,QuasiLiveness,00,FALSE,1,NONE,CEX
2982,PolyORBNT,PT,S05J20,QuasiLiveness,00,FALSE,3,NONE,CEX
2983,PolyORBNT,PT,S05J30,QuasiLiveness,00,FALSE,3,NONE,CEX
2984,PolyORBNT,PT,S05J40,QuasiLiveness,00,FALSE,3,NONE,CEX
2985,PolyORBNT,PT,S05J60,QuasiLiveness,00,FALSE,3,NONE,CEX
2986,PolyORBNT,PT,S05J80,QuasiLiveness,00,FALSE,3,NONE,CEX
2987,PolyORBNT,PT,S10J20,QuasiLiveness,00,FALSE,3,NONE,CEX
2988,PolyORBNT,PT,S10J30,QuasiLiveness,00,FALSE,3,NONE,CEX
2989,PolyORBNT,PT,S10J40,QuasiLiveness,00,FALSE,3,NONE,CEX
2990,PolyORBNT,PT,S10J60,QuasiLiveness,00,FALSE,3,NONE,CEX
2991,PolyORBNT,PT,S10J80,QuasiLiveness,00,FALSE,3,NONE,CEX
2992,ProductionCell,PT,none,QuasiLiveness,00,FALSE,3,NUPN,CEX
2993,QuasiCertifProtocol,COL,02,QuasiLiveness,00,TRUE,3,NONE,INV
2994,QuasiCertifProtocol,COL,06,QuasiLiveness,00,TRUE,3,NONE,INV
2995,QuasiCertifProtocol,COL,10,QuasiLiveness,00,TRUE,3,NONE,INV
2996,QuasiCertifProtocol,COL,18,QuasiLiveness,00,TRUE,2,NONE,INV
2997,QuasiCertifProtocol,COL,22,QuasiLiveness,00,TRUE,2,NONE,INV
2998,QuasiCertifProtocol,COL,28,QuasiLiveness,00,TRUE,2,NONE,INV
2999,QuasiCertifProtocol,COL,32,QuasiLiveness,00,TRUE,2,NONE,INV
3000,QuasiCertifProtocol,PT,02,QuasiLiveness,00,TRUE,3,NONE,INV
3001,QuasiCertifProtocol,PT,06,QuasiLiveness,00,TRUE,3,NONE,INV
3002,QuasiCertifProtocol,PT,10,QuasiLiveness,00,TRUE,3,NONE,INV
3003,Raft,PT,02,QuasiLiveness,00,TRUE,3,NUPN,INV
3004,Raft,PT,03,QuasiLiveness,00,TRUE,3,NUPN,INV
3005,Raft,PT,04,QuasiLiveness,00,TRUE,3,NUPN,INV
3006,Raft,PT,05,QuasiLiveness,00,TRUE,3,NUPN,INV
3007,Raft,PT,06,QuasiLiveness,00,TRUE,3,NUPN,INV
3008,Raft,PT,07,QuasiLiveness,00,TRUE,3,NUPN,INV
3009,Raft,PT,08,QuasiLiveness,00,TRUE,3,NUPN,INV
3010,Raft,PT,09,QuasiLiveness,00,TRUE,3,NUPN,INV
3011,Raft,PT,10,QuasiLiveness,00,TRUE,3,NUPN,INV
3012,Railroad,PT,005,QuasiLiveness,00,FALSE,3,GEN,CEX
3013,Railroad,PT,010,QuasiLiveness,00,FALSE,3,GEN,CEX
3014,Railroad,PT,020,QuasiLiveness,00,FALSE,3,GEN,CEX
3015,Railroad,PT,050,QuasiLiveness,00,FALSE,3,GEN,CEX
3016,Railroad,PT,100,QuasiLiveness,00,FALSE,3,GEN,CEX
3017,Referendum,COL,0010,QuasiLiveness,00,TRUE,3,NONE,INV
3018,Referendum,COL,0015,QuasiLiveness,00,TRUE,3,NONE,INV
3019,Referendum,COL,0020,QuasiLiveness,00,TRUE,3,NONE,INV
3020,Referendum,COL,0050,QuasiLiveness,00,TRUE,3,NONE,INV
3021,Referendum,COL,0100,QuasiLiveness,00,TRUE,3,NONE,INV
3022,Referendum,COL,0200,QuasiLiveness,00,TRUE,3,NONE,INV
3023,Referendum,COL,0500,QuasiLiveness,00,TRUE,3,NONE,INV
3024,Referendum,COL,1000,QuasiLiveness,00,TRUE,3,NONE,INV
3025,Referendum,PT,0010,QuasiLiveness,00,TRUE,3,GEN,INV
3026,Referendum,PT,0015,QuasiLiveness,00,TRUE,3,GEN,INV
3027,Referendum,PT,0020,QuasiLiveness,00,TRUE,3,GEN,INV
3028,Referendum,PT,0050,QuasiLiveness,00,TRUE,3,GEN,INV
3029,Referendum,PT,0100,QuasiLiveness,00,TRUE,3,GEN,INV
3030,Referendum,PT,0200,QuasiLiveness,00,TRUE,3,GEN,INV
3031,Referendum,PT,0500,QuasiLiveness,00,TRUE,3,GEN,INV
3032,Referendum,PT,1000,QuasiLiveness,00,TRUE,3,GEN,INV
3033,RefineWMG,PT,002002,QuasiLiveness,00,TRUE,3,NONE,INV
3034,RefineWMG,PT,002003,QuasiLiveness,00,TRUE,3,NONE,INV
3035,RefineWMG,PT,005005,QuasiLiveness,00,TRUE,3,NONE,INV
3036,RefineWMG,PT,005006,QuasiLiveness,00,TRUE,3,NONE,INV
3037,RefineWMG,PT,007007,QuasiLiveness,00,TRUE,3,NONE,INV
3038,RefineWMG,PT,007008,QuasiLiveness,00,TRUE,3,NONE,INV
3039,RefineWMG,PT,010010,QuasiLiveness,00,TRUE,3,NONE,INV
3040,RefineWMG,PT,010011,QuasiLiveness,00,TRUE,3,NONE,INV
3041,RefineWMG,PT,015015,QuasiLiveness,00,TRUE,3,NONE,INV
3042,RefineWMG,PT,015016,QuasiLiveness,00,TRUE,3,NONE,INV
3043,RefineWMG,PT,025025,QuasiLiveness,00,TRUE,3,NONE,INV
3044,RefineWMG,PT,025026,QuasiLiveness,00,TRUE,3,NONE,INV
3045,RefineWMG,PT,050050,QuasiLiveness,00,TRUE,3,NONE,INV
3046,RefineWMG,PT,050051,QuasiLiveness,00,TRUE,3,NONE,INV
3047,RefineWMG,PT,100100,QuasiLiveness,00,TRUE,3,NONE,INV
3048,RefineWMG,PT,100101,QuasiLiveness,00,TRUE,3,NONE,INV
3049,ResAllocation,PT,R002C002,QuasiLiveness,00,TRUE,3,GEN,INV
3050,ResAllocation,PT,R003C002,QuasiLiveness,00,TRUE,3,GEN,INV
3051,ResAllocation,PT,R003C003,QuasiLiveness,00,TRUE,3,GEN,INV
3052,ResAllocation,PT,R003C005,QuasiLiveness,00,TRUE,3,GEN,INV
3053,ResAllocation,PT,R003C010,QuasiLiveness,00,TRUE,3,GEN,INV
3054,ResAllocation,PT,R003C015,QuasiLiveness,00,TRUE,3,GEN,INV
3055,ResAllocation,PT,R003C020,QuasiLiveness,00,TRUE,3,GEN,INV
3056,ResAllocation,PT,R003C050,QuasiLiveness,00,TRUE,3,GEN,INV
3057,ResAllocation,PT,R003C100,QuasiLiveness,00,TRUE,2,GEN,INV
3058,ResAllocation,PT,R005C002,QuasiLiveness,00,TRUE,3,GEN,INV
3059,ResAllocation,PT,R010C002,QuasiLiveness,00,TRUE,3,GEN,INV
3060,ResAllocation,PT,R015C002,QuasiLiveness,00,TRUE,3,GEN,INV
3061,ResAllocation,PT,R020C002,QuasiLiveness,00,TRUE,3,GEN,INV
3062,ResAllocation,PT,R050C002,QuasiLiveness,00,TRUE,3,GEN,INV
3063,ResAllocation,PT,R100C002,QuasiLiveness,00,TRUE,3,GEN,INV
3064,ResIsolation,PT,N08P1,QuasiLiveness,00,TRUE,3,NONE,INV
3065,ResIsolation,PT,N08P2,QuasiLiveness,00,TRUE,2,NONE,INV
3066,ResIsolation,PT,N08P3,QuasiLiveness,00,TRUE,2,NONE,INV
3067,ResIsolation,PT,N09P1,QuasiLiveness,00,TRUE,2,NONE,INV
3068,ResIsolation,PT,N09P2,QuasiLiveness,00,TRUE,2,NONE,INV
3069,ResIsolation,PT,N10P1,QuasiLiveness,00,TRUE,2,NONE,INV
3070,Ring,PT,none,QuasiLiveness,00,TRUE,3,GEN,INV
3071,RingSingleMessageInMbox,PT,d0m005,QuasiLiveness,00,FALSE,3,NONE,CEX
3072,RingSingleMessageInMbox,PT,d0m010,QuasiLiveness,00,FALSE,3,NONE,CEX
3073,RingSingleMessageInMbox,PT,d0m020,QuasiLiveness,00,FALSE,3,NONE,CEX
3074,RingSingleMessageInMbox,PT,d0m040,QuasiLiveness,00,FALSE,3,NONE,CEX
3075,RingSingleMessageInMbox,PT,d0m080,QuasiLiveness,00,FALSE,3,NONE,CEX
3076,RingSingleMessageInMbox,PT,d0m160,QuasiLiveness,00,FALSE,3,NONE,CEX
3077,RingSingleMessageInMbox,PT,d1m005,QuasiLiveness,00,FALSE,3,NONE,CEX
3078,RingSingleMessageInMbox,PT,d1m010,QuasiLiveness,00,FALSE,3,NONE,CEX
3079,RingSingleMessageInMbox,PT,d1m020,QuasiLiveness,00,FALSE,3,NONE,CEX
3080,RingSingleMessageInMbox,PT,d1m040,QuasiLiveness,00,FALSE,3,NONE,CEX
3081,RingSingleMessageInMbox,PT,d1m080,QuasiLiveness,00,FALSE,3,NONE,CEX
3082,RingSingleMessageInMbox,PT,d1m160,QuasiLiveness,00,FALSE,3,NONE,CEX
3083,RobotManipulation,PT,00001,QuasiLiveness,00,TRUE,3,NONE,INV
3084,RobotManipulation,PT,00002,QuasiLiveness,00,TRUE,3,NONE,INV
3085,RobotManipulation,PT,00005,QuasiLiveness,00,TRUE,3,NONE,INV
3086,RobotManipulation,PT,00010,QuasiLiveness,00,TRUE,3,NONE,INV
3087,RobotManipulation,PT,00020,QuasiLiveness,00,TRUE,3,NONE,INV
3088,RobotManipulation,PT,00050,QuasiLiveness,00,TRUE,3,NONE,INV
3089,RobotManipulation,PT,00100,QuasiLiveness,00,TRUE,3,NONE,INV
3090,RobotManipulation,PT,00200,QuasiLiveness,00,TRUE,3,NONE,INV
3091,RobotManipulation,PT,00500,QuasiLiveness,00,TRUE,3,NONE,INV
3092,RobotManipulation,PT,01000,QuasiLiveness,00,TRUE,3,NONE,INV
3093,RobotManipulation,PT,02000,QuasiLiveness,00,TRUE,3,NONE,INV
3094,RobotManipulation,PT,05000,QuasiLiveness,00,TRUE,3,NONE,INV
3095,RobotManipulation,PT,10000,QuasiLiveness,00,TRUE,3,NONE,INV
3096,RwMutex,PT,r0010w0010,QuasiLiveness,00,TRUE,3,GEN,INV
3097,RwMutex,PT,r0010w0020,QuasiLiveness,00,TRUE,3,GEN,INV
3098,RwMutex,PT,r0010w0050,QuasiLiveness,00,TRUE,3,GEN,INV
3099,RwMutex,PT,r0010w0100,QuasiLiveness,00,TRUE,3,GEN,INV
3100,RwMutex,PT,r0010w0500,QuasiLiveness,00,TRUE,3,GEN,INV
3101,RwMutex,PT,r0010w1000,QuasiLiveness,00,TRUE,3,GEN,INV
3102,RwMutex,PT,r0010w2000,QuasiLiveness,00,TRUE,3,GEN,INV
3103,RwMutex,PT,r0020w0010,QuasiLiveness,00,TRUE,3,GEN,INV
3104,RwMutex,PT,r0100w0010,QuasiLiveness,00,TRUE,3,GEN,INV
3105,RwMutex,PT,r0500w0010,QuasiLiveness,00,TRUE,3,GEN,INV
3106,RwMutex,PT,r1000w0010,QuasiLiveness,00,TRUE,3,GEN,INV
3107,RwMutex,PT,r2000w0010,QuasiLiveness,00,TRUE,3,GEN,INV
3108,SafeBus,COL,03,QuasiLiveness,00,TRUE,3,NONE,INV
3109,SafeBus,COL,06,QuasiLiveness,00,TRUE,3,NONE,INV
3110,SafeBus,COL,10,QuasiLiveness,00,TRUE,3,NONE,INV
3111,SafeBus,COL,15,QuasiLiveness,00,TRUE,3,NONE,INV
3112,SafeBus,COL,20,QuasiLiveness,00,TRUE,3,NONE,INV
3113,SafeBus,COL,50,QuasiLiveness,00,TRUE,3,NONE,INV
3114,SafeBus,COL,80,QuasiLiveness,00,TRUE,3,NONE,INV
3115,SafeBus,PT,03,QuasiLiveness,00,FALSE,3,GEN,CEX
3116,SafeBus,PT,06,QuasiLiveness,00,FALSE,3,GEN,CEX
3117,SafeBus,PT,10,QuasiLiveness,00,FALSE,3,GEN,CEX
3118,SafeBus,PT,15,QuasiLiveness,00,FALSE,3,GEN,CEX
3119,SafeBus,PT,20,QuasiLiveness,00,FALSE,3,GEN,CEX
3120,SatelliteMemory,PT,X00100Y0003,QuasiLiveness,00,TRUE,3,NONE,INV
3121,SatelliteMemory,PT,X01000Y0032,QuasiLiveness,00,TRUE,3,NONE,INV
3122,SatelliteMemory,PT,X01500Y0046,QuasiLiveness,00,TRUE,3,NONE,INV
3123,SatelliteMemory,PT,X03000Y0094,QuasiLiveness,00,TRUE,3,NONE,INV
3124,SatelliteMemory,PT,X65535Y2048,QuasiLiveness,00,TRUE,3,NONE,INV
3125,SemanticWebServices,PT,S064P06,QuasiLiveness,00,FALSE,3,NONE,CEX
3126,SemanticWebServices,PT,S064P09,QuasiLiveness,00,FALSE,3,NONE,CEX
3127,SemanticWebServices,PT,S064P12,QuasiLiveness,00,FALSE,3,NONE,CEX
3128,SemanticWebServices,PT,S064P15,QuasiLiveness,00,FALSE,3,NONE,CEX
3129,SemanticWebServices,PT,S064P18,QuasiLiveness,00,FALSE,3,NONE,CEX
3130,SemanticWebServices,PT,S128P06,QuasiLiveness,00,FALSE,3,NONE,CEX
3131,SemanticWebServices,PT,S128P09,QuasiLiveness,00,FALSE,3,NONE,CEX
3132,SemanticWebServices,PT,S128P12,QuasiLiveness,00,FALSE,3,NONE,CEX
3133,SemanticWebServices,PT,S128P15,QuasiLiveness,00,FALSE,3,NONE,CEX
3134,SemanticWebServices,PT,S128P18,QuasiLiveness,00,FALSE,3,NONE,CEX
3135,SemanticWebServices,PT,S256P06,QuasiLiveness,00,FALSE,3,NONE,CEX
3136,SemanticWebServices,PT,S256P09,QuasiLiveness,00,FALSE,3,NONE,CEX
3137,SemanticWebServices,PT,S256P12,QuasiLiveness,00,FALSE,3,NONE,CEX
3138,SemanticWebServices,PT,S256P15,QuasiLiveness,00,FALSE,3,NONE,CEX
3139,SemanticWebServices,PT,S256P18,QuasiLiveness,00,FALSE,3,NONE,CEX
3140,ServersAndClients,PT,100020,QuasiLiveness,00,TRUE,3,GEN,INV
3141,ServersAndClients,PT,100040,QuasiLiveness,00,TRUE,3,GEN,INV
3142,ServersAndClients,PT,100080,QuasiLiveness,00,TRUE,3,GEN,INV
3143,ServersAndClients,PT,100160,QuasiLiveness,00,TRUE,3,GEN,INV
3144,ServersAndClients,PT,100320,QuasiLiveness,00,TRUE,3,GEN,INV
3145,ServersAndClients,PT,200040,QuasiLiveness,00,TRUE,3,GEN,INV
3146,ServersAndClients,PT,200080,QuasiLiveness,00,TRUE,3,GEN,INV
3147,ServersAndClients,PT,200160,QuasiLiveness,00,TRUE,3,GEN,INV
3148,ServersAndClients,PT,200320,QuasiLiveness,00,TRUE,3,GEN,INV
3149,ServersAndClients,PT,400080,QuasiLiveness,00,TRUE,3,GEN,INV
3150,ServersAndClients,PT,400160,QuasiLiveness,00,TRUE,3,GEN,INV
3151,SharedMemory,COL,000005,QuasiLiveness,00,TRUE,3,NONE,INV
3152,SharedMemory,COL,000010,QuasiLiveness,00,TRUE,3,NONE,INV
3153,SharedMemory,COL,000020,QuasiLiveness,00,TRUE,3,NONE,INV
3154,SharedMemory,COL,000050,QuasiLiveness,00,TRUE,3,NONE,INV
3155,SharedMemory,COL,000100,QuasiLiveness,00,TRUE,3,NONE,INV
3156,SharedMemory,COL,000200,QuasiLiveness,00,TRUE,3,NONE,INV
3157,SharedMemory,COL,000500,QuasiLiveness,00,TRUE,3,NONE,INV
3158,SharedMemory,COL,001000,QuasiLiveness,00,TRUE,2,NONE,INV
3159,SharedMemory,PT,000005,QuasiLiveness,00,TRUE,3,GEN,INV
3160,SharedMemory,PT,000010,QuasiLiveness,00,TRUE,3,GEN,INV
3161,SharedMemory,PT,000020,QuasiLiveness,00,TRUE,3,GEN,INV
3162,SharedMemory,PT,000050,QuasiLiveness,00,TRUE,3,GEN,INV
3163,SharedMemory,PT,000100,QuasiLiveness,00,TRUE,3,GEN,INV
3164,SharedMemory,PT,000200,QuasiLiveness,00,TRUE,2,GEN,INV
3165,ShieldIIPs,PT,001A,QuasiLiveness,00,TRUE,3,NUPN,INV
3166,ShieldIIPs,PT,001B,QuasiLiveness,00,TRUE,3,NUPN,INV
3167,ShieldIIPs,PT,002A,QuasiLiveness,00,TRUE,3,NUPN,INV
3168,ShieldIIPs,PT,002B,QuasiLiveness,00,TRUE,3,NUPN,INV
3169,ShieldIIPs,PT,003A,QuasiLiveness,00,TRUE,3,NUPN,INV
3170,ShieldIIPs,PT,003B,QuasiLiveness,00,TRUE,3,NUPN,INV
3171,ShieldIIPs,PT,004A,QuasiLiveness,00,TRUE,3,NUPN,INV
3172,ShieldIIPs,PT,004B,QuasiLiveness,00,TRUE,3,NUPN,INV
3173,ShieldIIPs,PT,005A,QuasiLiveness,00,TRUE,3,NUPN,INV
3174,ShieldIIPs,PT,005B,QuasiLiveness,00,TRUE,3,NUPN,INV
3175,ShieldIIPs,PT,010A,QuasiLiveness,00,TRUE,3,NUPN,INV
3176,ShieldIIPs,PT,010B,QuasiLiveness,00,TRUE,3,NUPN,INV
3177,ShieldIIPs,PT,020A,QuasiLiveness,00,TRUE,3,NUPN,INV
3178,ShieldIIPs,PT,020B,QuasiLiveness,00,TRUE,3,NUPN,INV
3179,ShieldIIPs,PT,030A,QuasiLiveness,00,TRUE,3,NUPN,INV
3180,ShieldIIPs,PT,030B,QuasiLiveness,00,TRUE,2,NUPN,INV
3181,ShieldIIPs,PT,040A,QuasiLiveness,00,TRUE,3,NUPN,INV
3182,ShieldIIPs,PT,040B,QuasiLiveness,00,TRUE,2,NUPN,INV
3183,ShieldIIPs,PT,050A,QuasiLiveness,00,TRUE,3,NUPN,INV
3184,ShieldIIPs,PT,050B,QuasiLiveness,00,TRUE,3,NUPN,INV
3185,ShieldIIPs,PT,100A,QuasiLiveness,00,TRUE,3,NUPN,INV
3186,ShieldIIPs,PT,100B,QuasiLiveness,00,TRUE,2,NUPN,INV
3187,ShieldIIPt,PT,001A,QuasiLiveness,00,TRUE,3,NUPN,INV
3188,ShieldIIPt,PT,001B,QuasiLiveness,00,TRUE,3,NUPN,INV
3189,ShieldIIPt,PT,002A,QuasiLiveness,00,TRUE,3,NUPN,INV
3190,ShieldIIPt,PT,002B,QuasiLiveness,00,TRUE,3,NUPN,INV
3191,ShieldIIPt,PT,003A,QuasiLiveness,00,TRUE,3,NUPN,INV
3192,ShieldIIPt,PT,003B,QuasiLiveness,00,TRUE,3,NUPN,INV
3193,ShieldIIPt,PT,004A,QuasiLiveness,00,TRUE,3,NUPN,INV
3194,ShieldIIPt,PT,004B,QuasiLiveness,00,TRUE,3,NUPN,INV
3195,ShieldIIPt,PT,005A,QuasiLiveness,00,TRUE,3,NUPN,INV
3196,ShieldIIPt,PT,005B,QuasiLiveness,00,TRUE,3,NUPN,INV
3197,ShieldIIPt,PT,010A,QuasiLiveness,00,TRUE,3,NUPN,INV
3198,ShieldIIPt,PT,010B,QuasiLiveness,00,TRUE,3,NUPN,INV
3199,ShieldIIPt,PT,020A,QuasiLiveness,00,TRUE,3,NUPN,INV
3200,ShieldIIPt,PT,020B,QuasiLiveness,00,TRUE,3,NUPN,INV
3201,ShieldIIPt,PT,030A,QuasiLiveness,00,TRUE,3,NUPN,INV
3202,ShieldIIPt,PT,030B,QuasiLiveness,00,TRUE,2,NUPN,INV
3203,ShieldIIPt,PT,040A,QuasiLiveness,00,TRUE,3,NUPN,INV
3204,ShieldIIPt,PT,040B,QuasiLiveness,00,TRUE,2,NUPN,INV
3205,ShieldIIPt,PT,050A,QuasiLiveness,00,TRUE,3,NUPN,INV
3206,ShieldIIPt,PT,050B,QuasiLiveness,00,TRUE,2,NUPN,INV
3207,ShieldIIPt,PT,100A,QuasiLiveness,00,TRUE,3,NUPN,INV
3208,ShieldIIPt,PT,100B,QuasiLiveness,00,TRUE,2,NUPN,INV
3209,ShieldPPPs,PT,001A,QuasiLiveness,00,TRUE,3,NUPN,INV
3210,ShieldPPPs,PT,001B,QuasiLiveness,00,TRUE,3,NUPN,INV
3211,ShieldPPPs,PT,002A,QuasiLiveness,00,TRUE,3,NUPN,INV
3212,ShieldPPPs,PT,002B,QuasiLiveness,00,TRUE,3,NUPN,INV
3213,ShieldPPPs,PT,003A,QuasiLiveness,00,TRUE,3,NUPN,INV
3214,ShieldPPPs,PT,003B,QuasiLiveness,00,TRUE,3,NUPN,INV
3215,ShieldPPPs,PT,004A,QuasiLiveness,00,TRUE,3,NUPN,INV
3216,ShieldPPPs,PT,004B,QuasiLiveness,00,TRUE,3,NUPN,INV
3217,ShieldPPPs,PT,005A,QuasiLiveness,00,TRUE,3,NUPN,INV
3218,ShieldPPPs,PT,005B,QuasiLiveness,00,TRUE,3,NUPN,INV
3219,ShieldPPPs,PT,010A,QuasiLiveness,00,TRUE,3,NUPN,INV
3220,ShieldPPPs,PT,010B,QuasiLiveness,00,TRUE,3,NUPN,INV
3221,ShieldPPPs,PT,020A,QuasiLiveness,00,TRUE,3,NUPN,INV
3222,ShieldPPPs,PT,020B,QuasiLiveness,00,TRUE,3,NUPN,INV
3223,ShieldPPPs,PT,030A,QuasiLiveness,00,TRUE,3,NUPN,INV
3224,ShieldPPPs,PT,030B,QuasiLiveness,00,TRUE,3,NUPN,INV
3225,ShieldPPPs,PT,040A,QuasiLiveness,00,TRUE,3,NUPN,INV
3226,ShieldPPPs,PT,040B,QuasiLiveness,00,TRUE,3,NUPN,INV
3227,ShieldPPPs,PT,050A,QuasiLiveness,00,TRUE,3,NUPN,INV
3228,ShieldPPPs,PT,050B,QuasiLiveness,00,TRUE,3,NUPN,INV
3229,ShieldPPPs,PT,100A,QuasiLiveness,00,TRUE,3,NUPN,INV
3230,ShieldPPPs,PT,100B,QuasiLiveness,00,TRUE,2,NUPN,INV
3231,ShieldPPPt,PT,001A,QuasiLiveness,00,TRUE,3,NUPN,INV
3232,ShieldPPPt,PT,001B,QuasiLiveness,00,TRUE,3,NUPN,INV
3233,ShieldPPPt,PT,002A,QuasiLiveness,00,TRUE,3,NUPN,INV
3234,ShieldPPPt,PT,002B,QuasiLiveness,00,TRUE,3,NUPN,INV
3235,ShieldPPPt,PT,003A,QuasiLiveness,00,TRUE,3,NUPN,INV
3236,ShieldPPPt,PT,003B,QuasiLiveness,00,TRUE,3,NUPN,INV
3237,ShieldPPPt,PT,004A,QuasiLiveness,00,TRUE,3,NUPN,INV
3238,ShieldPPPt,PT,004B,QuasiLiveness,00,TRUE,3,NUPN,INV
3239,ShieldPPPt,PT,005A,QuasiLiveness,00,TRUE,3,NUPN,INV
3240,ShieldPPPt,PT,005B,QuasiLiveness,00,TRUE,3,NUPN,INV
3241,ShieldPPPt,PT,010A,QuasiLiveness,00,TRUE,3,NUPN,INV
3242,ShieldPPPt,PT,010B,QuasiLiveness,00,TRUE,3,NUPN,INV
3243,ShieldPPPt,PT,020A,QuasiLiveness,00,TRUE,3,NUPN,INV
3244,ShieldPPPt,PT,020B,QuasiLiveness,00,TRUE,3,NUPN,INV
3245,ShieldPPPt,PT,030A,QuasiLiveness,00,TRUE,3,NUPN,INV
3246,ShieldPPPt,PT,030B,QuasiLiveness,00,TRUE,2,NUPN,INV
3247,ShieldPPPt,PT,040A,QuasiLiveness,00,TRUE,3,NUPN,INV
3248,ShieldPPPt,PT,040B,QuasiLiveness,00,TRUE,2,NUPN,INV
3249,ShieldPPPt,PT,050A,QuasiLiveness,00,TRUE,3,NUPN,INV
3250,ShieldPPPt,PT,050B,QuasiLiveness,00,TRUE,2,NUPN,INV
3251,ShieldPPPt,PT,100A,QuasiLiveness,00,TRUE,2,NUPN,INV
3252,ShieldPPPt,PT,100B,QuasiLiveness,00,TRUE,2,NUPN,INV
3253,ShieldRVs,PT,001A,QuasiLiveness,00,TRUE,3,NUPN,INV
3254,ShieldRVs,PT,001B,QuasiLiveness,00,TRUE,3,NUPN,INV
3255,ShieldRVs,PT,002A,QuasiLiveness,00,TRUE,3,NUPN,INV
3256,ShieldRVs,PT,002B,QuasiLiveness,00,TRUE,3,NUPN,INV
3257,ShieldRVs,PT,003A,QuasiLiveness,00,TRUE,3,NUPN,INV
3258,ShieldRVs,PT,003B,QuasiLiveness,00,TRUE,3,NUPN,INV
3259,ShieldRVs,PT,004A,QuasiLiveness,00,TRUE,3,NUPN,INV
3260,ShieldRVs,PT,004B,QuasiLiveness,00,TRUE,3,NUPN,INV
3261,ShieldRVs,PT,005A,QuasiLiveness,00,TRUE,3,NUPN,INV
3262,ShieldRVs,PT,005B,QuasiLiveness,00,TRUE,3,NUPN,INV
3263,ShieldRVs,PT,010A,QuasiLiveness,00,TRUE,3,NUPN,INV
3264,ShieldRVs,PT,010B,QuasiLiveness,00,TRUE,3,NUPN,INV
3265,ShieldRVs,PT,020A,QuasiLiveness,00,TRUE,3,NUPN,INV
3266,ShieldRVs,PT,020B,QuasiLiveness,00,TRUE,2,NUPN,INV
3267,ShieldRVs,PT,030A,QuasiLiveness,00,TRUE,3,NUPN,INV
3268,ShieldRVs,PT,030B,QuasiLiveness,00,TRUE,2,NUPN,INV
3269,ShieldRVs,PT,040A,QuasiLiveness,00,TRUE,2,NUPN,INV
3270,ShieldRVs,PT,040B,QuasiLiveness,00,TRUE,2,NUPN,INV
3271,ShieldRVs,PT,050A,QuasiLiveness,00,TRUE,3,NUPN,INV
3272,ShieldRVs,PT,050B,QuasiLiveness,00,TRUE,2,NUPN,INV
3273,ShieldRVs,PT,100A,QuasiLiveness,00,TRUE,2,NUPN,INV
3274,ShieldRVs,PT,100B,QuasiLiveness,00,TRUE,2,NUPN,INV
3275,ShieldRVt,PT,001A,QuasiLiveness,00,TRUE,3,NUPN,INV
3276,ShieldRVt,PT,001B,QuasiLiveness,00,TRUE,3,NUPN,INV
3277,ShieldRVt,PT,002A,QuasiLiveness,00,TRUE,3,NUPN,INV
3278,ShieldRVt,PT,002B,QuasiLiveness,00,TRUE,3,NUPN,INV
3279,ShieldRVt,PT,003A,QuasiLiveness,00,TRUE,3,NUPN,INV
3280,ShieldRVt,PT,003B,QuasiLiveness,00,TRUE,3,NUPN,INV
3281,ShieldRVt,PT,004A,QuasiLiveness,00,TRUE,3,NUPN,INV
3282,ShieldRVt,PT,004B,QuasiLiveness,00,TRUE,3,NUPN,INV
3283,ShieldRVt,PT,005A,QuasiLiveness,00,TRUE,3,NUPN,INV
3284,ShieldRVt,PT,005B,QuasiLiveness,00,TRUE,3,NUPN,INV
3285,ShieldRVt,PT,010A,QuasiLiveness,00,TRUE,3,NUPN,INV
3286,ShieldRVt,PT,010B,QuasiLiveness,00,TRUE,3,NUPN,INV
3287,ShieldRVt,PT,020A,QuasiLiveness,00,TRUE,3,NUPN,INV
3288,ShieldRVt,PT,020B,QuasiLiveness,00,TRUE,3,NUPN,INV
3289,ShieldRVt,PT,030A,QuasiLiveness,00,TRUE,3,NUPN,INV
3290,ShieldRVt,PT,030B,QuasiLiveness,00,TRUE,2,NUPN,INV
3291,ShieldRVt,PT,040A,QuasiLiveness,00,TRUE,3,NUPN,INV
3292,ShieldRVt,PT,040B,QuasiLiveness,00,TRUE,2,NUPN,INV
3293,ShieldRVt,PT,050A,QuasiLiveness,00,TRUE,3,NUPN,INV
3294,ShieldRVt,PT,050B,QuasiLiveness,00,TRUE,2,NUPN,INV
3295,ShieldRVt,PT,100A,QuasiLiveness,00,TRUE,3,NUPN,INV
3296,ShieldRVt,PT,100B,QuasiLiveness,00,TRUE,2,NUPN,INV
3297,SieveSingleMsgMbox,PT,d0m04,QuasiLiveness,00,FALSE,3,NONE,CEX
3298,SieveSingleMsgMbox,PT,d0m06,QuasiLiveness,00,TRUE,3,NONE,INV
3299,SieveSingleMsgMbox,PT,d0m18,QuasiLiveness,00,TRUE,3,NONE,INV
3300,SieveSingleMsgMbox,PT,d0m36,QuasiLiveness,00,TRUE,3,NONE,INV
3301,SieveSingleMsgMbox,PT,d0m64,QuasiLiveness,00,TRUE,3,NONE,INV
3302,SieveSingleMsgMbox,PT,d0m96,QuasiLiveness,00,TRUE,3,NONE,INV
3303,SieveSingleMsgMbox,PT,d1m04,QuasiLiveness,00,FALSE,3,NONE,CEX
3304,SieveSingleMsgMbox,PT,d1m06,QuasiLiveness,00,FALSE,3,NONE,CEX
3305,SieveSingleMsgMbox,PT,d1m18,QuasiLiveness,00,FALSE,3,NONE,CEX
3306,SieveSingleMsgMbox,PT,d1m36,QuasiLiveness,00,FALSE,3,NONE,CEX
3307,SieveSingleMsgMbox,PT,d1m64,QuasiLiveness,00,FALSE,3,NONE,CEX
3308,SieveSingleMsgMbox,PT,d1m96,QuasiLiveness,00,FALSE,3,NONE,CEX
3309,SieveSingleMsgMbox,PT,d2m04,QuasiLiveness,00,FALSE,3,NONE,CEX
3310,SieveSingleMsgMbox,PT,d2m06,QuasiLiveness,00,FALSE,3,NONE,CEX
3311,SieveSingleMsgMbox,PT,d2m18,QuasiLiveness,00,FALSE,3,NONE,CEX
3312,SieveSingleMsgMbox,PT,d2m36,QuasiLiveness,00,FALSE,3,NONE,CEX
3313,SieveSingleMsgMbox,PT,d2m64,QuasiLiveness,00,FALSE,3,NONE,CEX
3314,SieveSingleMsgMbox,PT,d2m96,QuasiLiveness,00,FALSE,3,NONE,CEX
3315,SimpleLoadBal,PT,02,QuasiLiveness,00,FALSE,3,GEN,CEX
3316,SimpleLoadBal,PT,05,QuasiLiveness,00,FALSE,3,GEN,CEX
3317,SimpleLoadBal,PT,10,QuasiLiveness,00,FALSE,3,GEN,CEX
3318,SimpleLoadBal,PT,15,QuasiLiveness,00,FALSE,3,GEN,CEX
3319,SimpleLoadBal,PT,20,QuasiLiveness,00,FALSE,3,GEN,CEX
3320,SmallOperatingSystem,PT,MT0016DC0008,QuasiLiveness,00,TRUE,3,NONE,INV
3321,SmallOperatingSystem,PT,MT0032DC0008,QuasiLiveness,00,TRUE,3,NONE,INV
3322,SmallOperatingSystem,PT,MT0032DC0016,QuasiLiveness,00,TRUE,3,NONE,INV
3323,SmallOperatingSystem,PT,MT0064DC0016,QuasiLiveness,00,TRUE,3,NONE,INV
3324,SmallOperatingSystem,PT,MT0064DC0032,QuasiLiveness,00,TRUE,3,NONE,INV
3325,SmallOperatingSystem,PT,MT0128DC0032,QuasiLiveness,00,TRUE,3,NONE,INV
3326,SmallOperatingSystem,PT,MT0128DC0064,QuasiLiveness,00,TRUE,3,NONE,INV
3327,SmallOperatingSystem,PT,MT0256DC0064,QuasiLiveness,00,TRUE,3,NONE,INV
3328,SmallOperatingSystem,PT,MT0256DC0128,QuasiLiveness,00,TRUE,3,NONE,INV
3329,SmallOperatingSystem,PT,MT0512DC0128,QuasiLiveness,00,TRUE,3,NONE,INV
3330,SmallOperatingSystem,PT,MT0512DC0256,QuasiLiveness,00,TRUE,3,NONE,INV
3331,SmallOperatingSystem,PT,MT1024DC0256,QuasiLiveness,00,TRUE,3,NONE,INV
3332,SmallOperatingSystem,PT,MT1024DC0512,QuasiLiveness,00,TRUE,3,NONE,INV
3333,SmallOperatingSystem,PT,MT2048DC0512,QuasiLiveness,00,TRUE,3,NONE,INV
3334,SmallOperatingSystem,PT,MT2048DC1024,QuasiLiveness,00,TRUE,3,NONE,INV
3335,SmallOperatingSystem,PT,MT4096DC1024,QuasiLiveness,00,TRUE,3,NONE,INV
3336,SmallOperatingSystem,PT,MT4096DC2048,QuasiLiveness,00,TRUE,3,NONE,INV
3337,SmallOperatingSystem,PT,MT8192DC2048,QuasiLiveness,00,TRUE,3,NONE,INV
3338,SmallOperatingSystem,PT,MT8192DC4096,QuasiLiveness,00,TRUE,3,NONE,INV
3339,SmartHome,PT,01,QuasiLiveness,00,TRUE,3,NUPN,INV
3340,SmartHome,PT,02,QuasiLiveness,00,TRUE,3,NUPN,INV
3341,SmartHome,PT,03,QuasiLiveness,00,TRUE,3,NUPN,INV
3342,SmartHome,PT,04,QuasiLiveness,00,FALSE,3,NUPN,CEX
3343,SmartHome,PT,05,QuasiLiveness,00,FALSE,3,NUPN,CEX
3344,SmartHome,PT,06,QuasiLiveness,00,FALSE,3,NUPN,CEX
3345,SmartHome,PT,07,QuasiLiveness,00,FALSE,3,NUPN,CEX
3346,SmartHome,PT,08,QuasiLiveness,00,FALSE,3,NUPN,CEX
3347,SmartHome,PT,09,QuasiLiveness,00,FALSE,3,NUPN,CEX
3348,SmartHome,PT,10,QuasiLiveness,00,FALSE,3,NUPN,CEX
3349,SmartHome,PT,11,QuasiLiveness,00,FALSE,3,NUPN,CEX
3350,SmartHome,PT,12,QuasiLiveness,00,FALSE,3,NUPN,CEX
3351,SmartHome,PT,13,QuasiLiveness,00,FALSE,3,NUPN,CEX
3352,SmartHome,PT,14,QuasiLiveness,00,FALSE,3,NUPN,CEX
3353,SmartHome,PT,15,QuasiLiveness,00,FALSE,3,NUPN,CEX
3354,SmartHome,PT,16,QuasiLiveness,00,FALSE,3,NUPN,CEX
3355,SmartHome,PT,17,QuasiLiveness,00,FALSE,3,NUPN,CEX
3356,SmartHome,PT,18,QuasiLiveness,00,FALSE,3,NUPN,CEX
3357,SmartHome,PT,19,QuasiLiveness,00,FALSE,3,NUPN,CEX
3358,Solitaire,PT,EngCT7x7,QuasiLiveness,00,TRUE,3,NONE,INV
3359,Solitaire,PT,EngNC7x7,QuasiLiveness,00,TRUE,3,GEN,INV
3360,Solitaire,PT,FrnCT7x7,QuasiLiveness,00,TRUE,3,NONE,INV
3361,Solitaire,PT,FrnNC7x7,QuasiLiveness,00,TRUE,3,GEN,INV
3362,Solitaire,PT,SqrCT5x5,QuasiLiveness,00,TRUE,3,NONE,INV
3363,Solitaire,PT,SqrNC5x5,QuasiLiveness,00,TRUE,3,GEN,INV
3364,SquareGrid,PT,020102,QuasiLiveness,00,TRUE,3,NONE,INV
3365,SquareGrid,PT,040204,QuasiLiveness,00,TRUE,3,NONE,INV
3366,SquareGrid,PT,080408,QuasiLiveness,00,TRUE,3,NONE,INV
3367,SquareGrid,PT,100510,QuasiLiveness,00,TRUE,3,NONE,INV
3368,SquareGrid,PT,130613,QuasiLiveness,00,TRUE,3,NONE,INV
3369,StigmergyCommit,PT,02a,QuasiLiveness,00,TRUE,3,NUPN,INV
3370,StigmergyCommit,PT,02b,QuasiLiveness,00,TRUE,3,NUPN,INV
3371,StigmergyCommit,PT,03a,QuasiLiveness,00,TRUE,3,NUPN,INV
3372,StigmergyCommit,PT,03b,QuasiLiveness,00,TRUE,2,NUPN,INV
3373,StigmergyCommit,PT,04a,QuasiLiveness,00,TRUE,3,NUPN,INV
3374,StigmergyCommit,PT,04b,QuasiLiveness,00,TRUE,2,NUPN,INV
3375,StigmergyCommit,PT,05a,QuasiLiveness,00,TRUE,3,NUPN,INV
3376,StigmergyCommit,PT,05b,QuasiLiveness,00,TRUE,2,NUPN,INV
3377,StigmergyCommit,PT,06a,QuasiLiveness,00,TRUE,3,NUPN,INV
3378,StigmergyCommit,PT,06b,QuasiLiveness,00,TRUE,2,NUPN,INV
3379,StigmergyCommit,PT,07a,QuasiLiveness,00,TRUE,3,NUPN,INV
3380,StigmergyCommit,PT,08a,QuasiLiveness,00,TRUE,3,NUPN,INV
3381,StigmergyCommit,PT,09a,QuasiLiveness,00,TRUE,3,NUPN,INV
3382,StigmergyCommit,PT,10a,QuasiLiveness,00,TRUE,3,NUPN,INV
3383,StigmergyCommit,PT,11a,QuasiLiveness,00,TRUE,2,NUPN,INV
3384,StigmergyElection,PT,02a,QuasiLiveness,00,TRUE,3,NUPN,INV
3385,StigmergyElection,PT,02b,QuasiLiveness,00,TRUE,3,NUPN,INV
3386,StigmergyElection,PT,03a,QuasiLiveness,00,TRUE,3,NUPN,INV
3387,StigmergyElection,PT,03b,QuasiLiveness,00,TRUE,3,NUPN,INV
3388,StigmergyElection,PT,04a,QuasiLiveness,00,TRUE,3,NUPN,INV
3389,StigmergyElection,PT,04b,QuasiLiveness,00,TRUE,2,NUPN,INV
3390,StigmergyElection,PT,05a,QuasiLiveness,00,TRUE,3,NUPN,INV
3391,StigmergyElection,PT,05b,QuasiLiveness,00,TRUE,2,NUPN,INV
3392,StigmergyElection,PT,06a,QuasiLiveness,00,TRUE,3,NUPN,INV
3393,StigmergyElection,PT,06b,QuasiLiveness,00,TRUE,2,NUPN,INV
3394,StigmergyElection,PT,07a,QuasiLiveness,00,TRUE,3,NUPN,INV
3395,StigmergyElection,PT,07b,QuasiLiveness,00,TRUE,2,NUPN,INV
3396,StigmergyElection,PT,08a,QuasiLiveness,00,TRUE,3,NUPN,INV
3397,StigmergyElection,PT,08b,QuasiLiveness,00,TRUE,2,NUPN,INV
3398,StigmergyElection,PT,09a,QuasiLiveness,00,TRUE,3,NUPN,INV
3399,StigmergyElection,PT,10a,QuasiLiveness,00,TRUE,3,NUPN,INV
3400,StigmergyElection,PT,11a,QuasiLiveness,00,TRUE,3,NUPN,INV
3401,Sudoku,COL,AN01,QuasiLiveness,00,TRUE,3,NONE,INV
3402,Sudoku,COL,AN02,QuasiLiveness,00,TRUE,3,NONE,INV
3403,Sudoku,COL,AN03,QuasiLiveness,00,TRUE,3,NONE,INV
3404,Sudoku,COL,AN04,QuasiLiveness,00,TRUE,3,NONE,INV
3405,Sudoku,COL,AN05,QuasiLiveness,00,TRUE,3,NONE,INV
3406,Sudoku,COL,AN06,QuasiLiveness,00,TRUE,3,NONE,INV
3407,Sudoku,COL,AN07,QuasiLiveness,00,TRUE,3,NONE,INV
3408,Sudoku,COL,AN08,QuasiLiveness,00,TRUE,3,NONE,INV
3409,Sudoku,COL,AN09,QuasiLiveness,00,TRUE,3,NONE,INV
3410,Sudoku,COL,AN10,QuasiLiveness,00,TRUE,3,NONE,INV
3411,Sudoku,COL,AN11,QuasiLiveness,00,TRUE,3,NONE,INV
3412,Sudoku,COL,AN12,QuasiLiveness,00,TRUE,3,NONE,INV
3413,Sudoku,COL,AN13,QuasiLiveness,00,TRUE,3,NONE,INV
3414,Sudoku,COL,AN14,QuasiLiveness,00,TRUE,3,NONE,INV
3415,Sudoku,COL,AN15,QuasiLiveness,00,TRUE,3,NONE,INV
3416,Sudoku,COL,AN16,QuasiLiveness,00,TRUE,3,NONE,INV
3417,Sudoku,COL,BN01,QuasiLiveness,00,TRUE,3,NONE,INV
3418,Sudoku,COL,BN04,QuasiLiveness,00,TRUE,3,NONE,INV
3419,Sudoku,COL,BN09,QuasiLiveness,00,TRUE,3,NONE,INV
3420,Sudoku,COL,BN16,QuasiLiveness,00,TRUE,3,NONE,INV
3421,Sudoku,PT,AN01,QuasiLiveness,00,TRUE,3,GEN,INV
3422,Sudoku,PT,AN02,QuasiLiveness,00,TRUE,3,GEN,INV
3423,Sudoku,PT,AN03,QuasiLiveness,00,TRUE,3,GEN,INV
3424,Sudoku,PT,AN04,QuasiLiveness,00,TRUE,3,GEN,INV
3425,Sudoku,PT,AN05,QuasiLiveness,00,TRUE,3,GEN,INV
3426,Sudoku,PT,AN06,QuasiLiveness,00,TRUE,3,GEN,INV
3427,Sudoku,PT,AN07,QuasiLiveness,00,TRUE,3,GEN,INV
3428,Sudoku,PT,AN08,QuasiLiveness,00,TRUE,3,GEN,INV
3429,Sudoku,PT,AN09,QuasiLiveness,00,TRUE,3,GEN,INV
3430,Sudoku,PT,AN10,QuasiLiveness,00,TRUE,3,GEN,INV
3431,Sudoku,PT,AN11,QuasiLiveness,00,TRUE,3,GEN,INV
3432,Sudoku,PT,AN12,QuasiLiveness,00,TRUE,3,GEN,INV
3433,Sudoku,PT,AN13,QuasiLiveness,00,TRUE,3,GEN,INV
3434,Sudoku,PT,AN14,QuasiLiveness,00,TRUE,3,GEN,INV
3435,Sudoku,PT,AN15,QuasiLiveness,00,TRUE,3,GEN,INV
3436,Sudoku,PT,AN16,QuasiLiveness,00,TRUE,3,GEN,INV
3437,Sudoku,PT,BN01,QuasiLiveness,00,TRUE,3,GEN,INV
3438,Sudoku,PT,BN04,QuasiLiveness,00,TRUE,3,GEN,INV
3439,Sudoku,PT,BN09,QuasiLiveness,00,TRUE,3,GEN,INV
3440,Sudoku,PT,BN16,QuasiLiveness,00,TRUE,3,GEN,INV
3441,SwimmingPool,PT,01,QuasiLiveness,00,TRUE,3,NONE,INV
3442,SwimmingPool,PT,02,QuasiLiveness,00,TRUE,3,NONE,INV
3443,SwimmingPool,PT,03,QuasiLiveness,00,TRUE,3,NONE,INV
3444,SwimmingPool,PT,04,QuasiLiveness,00,TRUE,3,NONE,INV
3445,SwimmingPool,PT,05,QuasiLiveness,00,TRUE,3,NONE,INV
3446,SwimmingPool,PT,06,QuasiLiveness,00,TRUE,3,NONE,INV
3447,SwimmingPool,PT,07,QuasiLiveness,00,TRUE,3,NONE,INV
3448,SwimmingPool,PT,08,QuasiLiveness,00,TRUE,3,NONE,INV
3449,SwimmingPool,PT,09,QuasiLiveness,00,TRUE,3,NONE,INV
3450,SwimmingPool,PT,10,QuasiLiveness,00,TRUE,3,NONE,INV
3451,Szymanski,PT,a02,QuasiLiveness,00,FALSE,3,NONE,CEX
3452,Szymanski,PT,a04,QuasiLiveness,00,FALSE,3,NONE,CEX
3453,Szymanski,PT,a06,QuasiLiveness,00,FALSE,3,NONE,CEX
3454,Szymanski,PT,a08,QuasiLiveness,00,FALSE,3,NONE,CEX
3455,Szymanski,PT,a10,QuasiLiveness,00,FALSE,3,NONE,CEX
3456,Szymanski,PT,a12,QuasiLiveness,00,FALSE,3,NONE,CEX
3457,Szymanski,PT,b02,QuasiLiveness,00,FALSE,3,NONE,CEX
3458,Szymanski,PT,b04,QuasiLiveness,00,FALSE,3,NONE,CEX
3459,Szymanski,PT,b06,QuasiLiveness,00,FALSE,3,NONE,CEX
3460,Szymanski,PT,b08,QuasiLiveness,00,FALSE,3,NONE,CEX
3461,Szymanski,PT,b10,QuasiLiveness,00,FALSE,3,NONE,CEX
3462,Szymanski,PT,b12,QuasiLiveness,00,FALSE,3,NONE,CEX
3463,TCPcondis,PT,05,QuasiLiveness,00,TRUE,3,NONE,INV
3464,TCPcondis,PT,10,QuasiLiveness,00,TRUE,3,NONE,INV
3465,TCPcondis,PT,15,QuasiLiveness,00,TRUE,3,NONE,INV
3466,TCPcondis,PT,20,QuasiLiveness,00,TRUE,3,NONE,INV
3467,TCPcondis,PT,25,QuasiLiveness,00,TRUE,3,NONE,INV
3468,TCPcondis,PT,30,QuasiLiveness,00,TRUE,3,NONE,INV
3469,TCPcondis,PT,35,QuasiLiveness,00,TRUE,3,NONE,INV
3470,TCPcondis,PT,40,QuasiLiveness,00,TRUE,3,NONE,INV
3471,TCPcondis,PT,50,QuasiLiveness,00,TRUE,3,NONE,INV
3472,TokenRing,COL,005,QuasiLiveness,00,TRUE,3,NONE,INV
3473,TokenRing,COL,010,QuasiLiveness,00,TRUE,3,NONE,INV
3474,TokenRing,COL,015,QuasiLiveness,00,TRUE,3,NONE,INV
3475,TokenRing,COL,020,QuasiLiveness,00,TRUE,3,NONE,INV
3476,TokenRing,COL,030,QuasiLiveness,00,TRUE,3,NONE,INV
3477,TokenRing,COL,040,QuasiLiveness,00,TRUE,3,NONE,INV
3478,TokenRing,COL,050,QuasiLiveness,00,TRUE,3,NONE,INV
3479,TokenRing,COL,100,QuasiLiveness,00,TRUE,3,NONE,INV
3480,TokenRing,PT,005,QuasiLiveness,00,FALSE,3,GEN,CEX
3481,TokenRing,PT,010,QuasiLiveness,00,FALSE,3,GEN,CEX
3482,TokenRing,PT,015,QuasiLiveness,00,FALSE,3,GEN,CEX
3483,TriangularGrid,PT,1200,QuasiLiveness,00,TRUE,3,NONE,INV
3484,TriangularGrid,PT,1500,QuasiLiveness,00,TRUE,3,NONE,INV
3485,TriangularGrid,PT,2011,QuasiLiveness,00,TRUE,3,NONE,INV
3486,TriangularGrid,PT,3011,QuasiLiveness,00,TRUE,3,NONE,INV
3487,TriangularGrid,PT,3026,QuasiLiveness,00,TRUE,3,NONE,INV
3488,TriangularGrid,PT,4022,QuasiLiveness,00,TRUE,3,NONE,INV
3489,TriangularGrid,PT,5020,QuasiLiveness,00,TRUE,3,NONE,INV
3490,TriangularGrid,PT,5046,QuasiLiveness,00,TRUE,3,NONE,INV
3491,TwoPhaseLocking,PT,nC00004vD,QuasiLiveness,00,TRUE,3,NONE,INV
3492,TwoPhaseLocking,PT,nC00004vN,QuasiLiveness,00,TRUE,3,NONE,INV
3493,TwoPhaseLocking,PT,nC00010vD,QuasiLiveness,00,TRUE,3,NONE,INV
3494,TwoPhaseLocking,PT,nC00010vN,QuasiLiveness,00,TRUE,3,NONE,INV
3495,TwoPhaseLocking,PT,nC00020vD,QuasiLiveness,00,TRUE,3,NONE,INV
3496,TwoPhaseLocking,PT,nC00020vN,QuasiLiveness,00,TRUE,3,NONE,INV
3497,TwoPhaseLocking,PT,nC00050vD,QuasiLiveness,00,TRUE,3,NONE,INV
3498,TwoPhaseLocking,PT,nC00050vN,QuasiLiveness,00,TRUE,3,NONE,INV
3499,TwoPhaseLocking,PT,nC00100vD,QuasiLiveness,00,TRUE,3,NONE,INV
3500,TwoPhaseLocking,PT,nC00100vN,QuasiLiveness,00,TRUE,3,NONE,INV
3501,TwoPhaseLocking,PT,nC00200vD,QuasiLiveness,00,TRUE,3,NONE,INV
3502,TwoPhaseLocking,PT,nC00200vN,QuasiLiveness,00,TRUE,3,NONE,INV
3503,TwoPhaseLocking,PT,nC00500vD,QuasiLiveness,00,TRUE,3,NONE,INV
3504,TwoPhaseLocking,PT,nC00500vN,QuasiLiveness,00,TRUE,3,NONE,INV
3505,TwoPhaseLocking,PT,nC01000vD,QuasiLiveness,00,TRUE,3,NONE,INV
3506,TwoPhaseLocking,PT,nC01000vN,QuasiLiveness,00,TRUE,3,NONE,INV
3507,TwoPhaseLocking,PT,nC02000vD,QuasiLiveness,00,TRUE,3,NONE,INV
3508,TwoPhaseLocking,PT,nC02000vN,QuasiLiveness,00,TRUE,3,NONE,INV
3509,TwoPhaseLocking,PT,nC05000vD,QuasiLiveness,00,TRUE,3,NONE,INV
3510,TwoPhaseLocking,PT,nC05000vN,QuasiLiveness,00,TRUE,3,NONE,INV
3511,TwoPhaseLocking,PT,nC10000vD,QuasiLiveness,00,TRUE,3,NONE,INV
3512,TwoPhaseLocking,PT,nC10000vN,QuasiLiveness,00,TRUE,3,NONE,INV
3513,UtahNoC,PT,none,QuasiLiveness,00,TRUE,3,NUPN,INV
3514,UtilityControlRoom,COL,Z2T3N04,QuasiLiveness,00,TRUE,3,NONE,INV
3515,UtilityControlRoom,COL,Z2T3N06,QuasiLiveness,00,TRUE,3,NONE,INV
3516,UtilityControlRoom,COL,Z2T3N08,QuasiLiveness,00,TRUE,3,NONE,INV
3517,UtilityControlRoom,COL,Z2T3N10,QuasiLiveness,00,TRUE,3,NONE,INV
3518,UtilityControlRoom,COL,Z2T4N02,QuasiLiveness,00,TRUE,3,NONE,INV
3519,UtilityControlRoom,COL,Z2T4N04,QuasiLiveness,00,TRUE,3,NONE,INV
3520,UtilityControlRoom,COL,Z2T4N06,QuasiLiveness,00,TRUE,3,NONE,INV
3521,UtilityControlRoom,COL,Z2T4N08,QuasiLiveness,00,TRUE,3,NONE,INV
3522,UtilityControlRoom,COL,Z2T4N10,QuasiLiveness,00,TRUE,3,NONE,INV
3523,UtilityControlRoom,COL,Z4T3N06,QuasiLiveness,00,TRUE,3,NONE,INV
3524,UtilityControlRoom,COL,Z4T3N08,QuasiLiveness,00,TRUE,3,NONE,INV
3525,UtilityControlRoom,COL,Z4T3N10,QuasiLiveness,00,TRUE,3,NONE,INV
3526,UtilityControlRoom,COL,Z4T4N02,QuasiLiveness,00,TRUE,3,NONE,INV
3527,UtilityControlRoom,COL,Z4T4N04,QuasiLiveness,00,TRUE,3,NONE,INV
3528,UtilityControlRoom,COL,Z4T4N06,QuasiLiveness,00,TRUE,3,NONE,INV
3529,UtilityControlRoom,COL,Z4T4N08,QuasiLiveness,00,TRUE,3,NONE,INV
3530,UtilityControlRoom,COL,Z4T4N10,QuasiLiveness,00,TRUE,3,NONE,INV
3531,UtilityControlRoom,PT,Z2T3N04,QuasiLiveness,00,TRUE,3,NONE,INV
3532,UtilityControlRoom,PT,Z2T3N06,QuasiLiveness,00,TRUE,3,NONE,INV
3533,UtilityControlRoom,PT,Z2T3N08,QuasiLiveness,00,TRUE,3,NONE,INV
3534,UtilityControlRoom,PT,Z2T3N10,QuasiLiveness,00,TRUE,3,NONE,INV
3535,UtilityControlRoom,PT,Z2T4N02,QuasiLiveness,00,TRUE,3,NONE,INV
3536,UtilityControlRoom,PT,Z2T4N04,QuasiLiveness,00,TRUE,3,NONE,INV
3537,UtilityControlRoom,PT,Z2T4N06,QuasiLiveness,00,TRUE,3,NONE,INV
3538,UtilityControlRoom,PT,Z2T4N08,QuasiLiveness,00,TRUE,3,NONE,INV
3539,UtilityControlRoom,PT,Z2T4N10,QuasiLiveness,00,TRUE,3,NONE,INV
3540,UtilityControlRoom,PT,Z4T3N06,QuasiLiveness,00,TRUE,3,NONE,INV
3541,UtilityControlRoom,PT,Z4T3N08,QuasiLiveness,00,TRUE,3,NONE,INV
3542,UtilityControlRoom,PT,Z4T3N10,QuasiLiveness,00,TRUE,3,NONE,INV
3543,UtilityControlRoom,PT,Z4T4N02,QuasiLiveness,00,TRUE,3,NONE,INV
3544,UtilityControlRoom,PT,Z4T4N04,QuasiLiveness,00,TRUE,3,NONE,INV
3545,UtilityControlRoom,PT,Z4T4N06,QuasiLiveness,00,TRUE,3,NONE,INV
3546,UtilityControlRoom,PT,Z4T4N08,QuasiLiveness,00,TRUE,3,NONE,INV
3547,UtilityControlRoom,PT,Z4T4N10,QuasiLiveness,00,TRUE,3,NONE,INV
3548,Vasy2003,PT,none,QuasiLiveness,00,TRUE,3,NUPN,INV
3549,VehicularWifi,COL,none,QuasiLiveness,00,TRUE,3,NONE,INV
3550,ViralEpidemic,PT,S02D1C1A10,QuasiLiveness,00,TRUE,3,GEN,INV
3551,ViralEpidemic,PT,S03D1C1A02,QuasiLiveness,00,TRUE,3,GEN,INV
3552,ViralEpidemic,PT,S03D1C1A04,QuasiLiveness,00,TRUE,3,GEN,INV
3553,ViralEpidemic,PT,S03D1C1A06,QuasiLiveness,00,TRUE,3,GEN,INV
3554,ViralEpidemic,PT,S03D1C1A08,QuasiLiveness,00,TRUE,1,GEN,INV
3555,ViralEpidemic,PT,S04D1C1A02,QuasiLiveness,00,TRUE,3,GEN,INV
3556,ViralEpidemic,PT,S04D1C1A03,QuasiLiveness,00,TRUE,3,GEN,INV
3557,ViralEpidemic,PT,S04D1C1A04,QuasiLiveness,00,TRUE,3,GEN,INV
3558,ViralEpidemic,PT,S04D1C1A06,QuasiLiveness,00,TRUE,2,GEN,INV
3559,ViralEpidemic,PT,S08D1C2A02,QuasiLiveness,00,TRUE,3,NONE,INV
3560,ViralEpidemic,PT,S08D1C2A04,QuasiLiveness,00,TRUE,2,NONE,INV
3561,ViralEpidemic,PT,S16D2C4A01,QuasiLiveness,00,TRUE,3,NONE,INV
3562,ViralEpidemic,PT,S16D2C4A02,QuasiLiveness,00,TRUE,3,NONE,INV
3563,ZombiesAndSurvivors,PT,Circular04005005,QuasiLiveness,00,TRUE,3,NONE,INV
3564,ZombiesAndSurvivors,PT,Circular04100100,QuasiLiveness,00,TRUE,3,NONE,INV
3565,ZombiesAndSurvivors,PT,Circular32050050,QuasiLiveness,00,TRUE,3,NONE,INV
3566,ZombiesAndSurvivors,PT,Circular64010010,QuasiLiveness,00,TRUE,3,NONE,INV
3567,ZombiesAndSurvivors,PT,Circular8100100,QuasiLiveness,00,TRUE,3,NONE,INV
3568,ZombiesAndSurvivors,PT,Heawood140505,QuasiLiveness,00,TRUE,3,NONE,INV
3569,ZombiesAndSurvivors,PT,Heawood146060,QuasiLiveness,00,TRUE,3,NONE,INV
3570,ZombiesAndSurvivors,PT,Heawood172525,QuasiLiveness,00,TRUE,3,NONE,INV
3571,ZombiesAndSurvivors,PT,Heawood175050,QuasiLiveness,00,TRUE,3,NONE,INV
3572,ZombiesAndSurvivors,PT,Heawood381515,QuasiLiveness,00,TRUE,3,NONE,INV
3573,ZombiesAndSurvivors,PT,Kneser210702005005,QuasiLiveness,00,TRUE,3,NONE,INV
3574,ZombiesAndSurvivors,PT,Kneser210702060060,QuasiLiveness,00,TRUE,3,NONE,INV
3575,ZombiesAndSurvivors,PT,Kneser210702080080,QuasiLiveness,00,TRUE,3,NONE,INV
3576,ZombiesAndSurvivors,PT,Kneser350703060060,QuasiLiveness,00,TRUE,3,NONE,INV
3577,ZombiesAndSurvivors,PT,Kneser350703100100,QuasiLiveness,00,TRUE,3,NONE,INV
3578,ErlangenMainframeV1,PT,bP01C01,QuasiLiveness,00,TRUE,3,NONE,INV
3579,ErlangenMainframeV1,PT,bP02C02,QuasiLiveness,00,TRUE,3,NONE,INV
3580,ErlangenMainframeV1,PT,bP03C03,QuasiLiveness,00,TRUE,3,NONE,INV
3581,ErlangenMainframeV1,PT,bP04C04,QuasiLiveness,00,TRUE,3,NONE,INV
3582,ErlangenMainframeV1,PT,bP05C05,QuasiLiveness,00,TRUE,2,NONE,INV
3583,ErlangenMainframeV1,PT,bP06C06,QuasiLiveness,00,TRUE,2,NONE,INV
3584,ErlangenMainframeV1,PT,bP07C07,QuasiLiveness,00,TRUE,2,NONE,INV
3585,ErlangenMainframeV1,PT,bP08C08,QuasiLiveness,00,TRUE,2,NONE,INV
3586,ErlangenMainframeV2,PT,bP01C01,QuasiLiveness,00,TRUE,3,NONE,INV
3587,ErlangenMainframeV2,PT,bP02C02,QuasiLiveness,00,TRUE,3,NONE,INV
3588,ErlangenMainframeV2,PT,bP03C03,QuasiLiveness,00,TRUE,3,NONE,INV
3589,ErlangenMainframeV2,PT,bP04C04,QuasiLiveness,00,TRUE,2,NONE,INV
3590,ErlangenMainframeV2,PT,bP05C05,QuasiLiveness,00,TRUE,2,NONE,INV
3591,ErlangenMainframeV2,PT,bP06C06,QuasiLiveness,00,TRUE,2,NONE,INV
3592,ErlangenMainframeV2,PT,bP07C07,QuasiLiveness,00,TRUE,2,NONE,INV
3593,ErlangenMainframeV2,PT,bP08C08,QuasiLiveness,00,TRUE,2,NONE,INV
3594,FileSystem,PT,N02I05B05,QuasiLiveness,00,FALSE,3,NONE,CEX
3595,FileSystem,PT,N02I10B08,QuasiLiveness,00,FALSE,3,NONE,CEX
3596,FileSystem,PT,N02I10B10,QuasiLiveness,00,FALSE,3,NONE,CEX
3597,FileSystem,PT,N02I15B15,QuasiLiveness,00,FALSE,3,NONE,CEX
3598,FileSystem,PT,N03I10B08,QuasiLiveness,00,FALSE,3,NONE,CEX
3599,FileSystem,PT,N03I10B10,QuasiLiveness,00,FALSE,3,NONE,CEX
3600,FileSystem,PT,N03I10B15,QuasiLiveness,00,FALSE,3,NONE,CEX
3601,FileSystem,PT,N05I10B10,QuasiLiveness,00,FALSE,3,NONE,CEX
3602,FileSystem,PT,N05I10B15,QuasiLiveness,00,FALSE,3,NONE,CEX
3603,LastZero,COL,N08,QuasiLiveness,00,TRUE,3,NONE,INV
3604,LastZero,COL,N10,QuasiLiveness,00,TRUE,3,NONE,INV
3605,LastZero,COL,N12,QuasiLiveness,00,TRUE,3,NONE,INV
3606,LastZero,COL,N14,QuasiLiveness,00,TRUE,3,NONE,INV
3607,LastZero,COL,N16,QuasiLiveness,00,TRUE,3,NONE,INV
3608,LastZero,COL,N18,QuasiLiveness,00,TRUE,3,NONE,INV
3609,LastZero,COL,N20,QuasiLiveness,00,TRUE,3,NONE,INV
3610,LastZero,COL,N22,QuasiLiveness,00,TRUE,3,NONE,INV
3611,LastZero,COL,N24,QuasiLiveness,00,TRUE,3,NONE,INV
3612,LastZero,COL,N26,QuasiLiveness,00,TRUE,3,NONE,INV
3613,LastZero,PT,N08,QuasiLiveness,00,FALSE,3,NONE,CEX
3614,LastZero,PT,N10,QuasiLiveness,00,FALSE,3,NONE,CEX
3615,LastZero,PT,N12,QuasiLiveness,00,FALSE,3,NONE,CEX
3616,LastZero,PT,N14,QuasiLiveness,00,FALSE,3,NONE,CEX
3617,LastZero,PT,N16,QuasiLiveness,00,FALSE,3,NONE,CEX
3618,LastZero,PT,N18,QuasiLiveness,00,FALSE,3,NONE,CEX
3619,LastZero,PT,N20,QuasiLiveness,00,FALSE,3,NONE,CEX
3620,LastZero,PT,N22,QuasiLiveness,00,FALSE,3,NONE,CEX
3621,LastZero,PT,N24,QuasiLiveness,00,FALSE,3,NONE,CEX
3622,LastZero,PT,N26,QuasiLiveness,00,FALSE,3,NONE,CEX
3623,SupplyChain,PT,00002,QuasiLiveness,00,TRUE,3,NONE,INV
3624,SupplyChain,PT,00005,QuasiLiveness,00,TRUE,3,NONE,INV
3625,SupplyChain,PT,00010,QuasiLiveness,00,TRUE,3,NONE,INV
3626,SupplyChain,PT,00020,QuasiLiveness,00,TRUE,3,NONE,INV
3627,SupplyChain,PT,00050,QuasiLiveness,00,TRUE,3,NONE,INV
3628,SupplyChain,PT,00100,QuasiLiveness,00,FALSE,3,NONE,CEX
3629,SupplyChain,PT,00200,QuasiLiveness,00,FALSE,3,NONE,CEX
3630,SupplyChain,PT,00500,QuasiLiveness,00,FALSE,3,NONE,CEX
3631,SupplyChain,PT,01000,QuasiLiveness,00,FALSE,3,NONE,CEX
3632,SupplyChain,PT,02000,QuasiLiveness,00,FALSE,3,NONE,CEX
3633,SupplyChain,PT,03000,QuasiLiveness,00,FALSE,2,NONE,CEX
3634,SupplyChain,PT,04000,QuasiLiveness,00,FALSE,2,NONE,CEX
3635,SupplyChain,PT,05000,QuasiLiveness,00,FALSE,2,NONE,CEX
3636,SupplyChain,PT,06000,QuasiLiveness,00,FALSE,2,NONE,CEX
3637,SupplyChain,PT,07000,QuasiLiveness,00,FALSE,2,NONE,CEX
3638,SupplyChain,PT,08000,QuasiLiveness,00,FALSE,2,NONE,CEX
3639,SupplyChain,PT,09000,QuasiLiveness,00,FALSE,2,NONE,CEX
3640,SupplyChain,PT,10000,QuasiLiveness,00,FALSE,2,NONE,CEX
3641,DoubleExponent,PT,020,QuasiLiveness,00,FALSE,1,NONE,CEX
3642,DoubleExponent,PT,100,QuasiLiveness,00,FALSE,1,NONE,CEX
3643,DoubleExponent,PT,200,QuasiLiveness,00,FALSE,1,NONE,CEX
3644,GPPP,PT,C0010N1000000000,QuasiLiveness,00,FALSE,2,NONE,CEX
3645,JoinFreeModules,PT,2000,QuasiLiveness,00,TRUE,1,NONE,INV
3646,JoinFreeModules,PT,5000,QuasiLiveness,00,TRUE,1,NONE,INV
3647,MultiCrashLeafsetExtension,PT,S16C04,QuasiLiveness,00,FALSE,1,NONE,CEX
3648,MultiCrashLeafsetExtension,PT,S16C05,QuasiLiveness,00,FALSE,1,NONE,CEX
3649,MultiCrashLeafsetExtension,PT,S16C06,QuasiLiveness,00,FALSE,1,NONE,CEX
3650,MultiCrashLeafsetExtension,PT,S16C07,QuasiLiveness,00,FALSE,1,NONE,CEX
3651,MultiCrashLeafsetExtension,PT,S24C03,QuasiLiveness,00,FALSE,1,NONE,CEX
3652,MultiCrashLeafsetExtension,PT,S24C04,QuasiLiveness,00,FALSE,1,NONE,CEX
3653,MultiCrashLeafsetExtension,PT,S32C02,QuasiLiveness,00,FALSE,1,NONE,CEX
3654,MultiCrashLeafsetExtension,PT,S32C03,QuasiLiveness,00,FALSE,1,NONE,CEX
3655,MultiCrashLeafsetExtension,PT,S32C04,QuasiLiveness,00,FALSE,1,NONE,CEX
3656,RERS17pb113,PT,1,QuasiLiveness,00,FALSE,1,NUPN,CEX
3657,RERS17pb114,PT,1,QuasiLiveness,00,FALSE,1,NUPN,CEX
3658,RERS17pb115,PT,1,QuasiLiveness,00,FALSE,1,NUPN,CEX
3659,FileSystem,COL,N02I05B05,QuasiLiveness,00,FALSE,1,NONE,CEX
3660,FileSystem,COL,N02I10B08,QuasiLiveness,00,TRUE,1,NONE,INV
3661,FileSystem,COL,N02I10B10,QuasiLiveness,00,TRUE,1,NONE,INV
3662,FileSystem,COL,N02I15B15,QuasiLiveness,00,FALSE,1,NONE,CEX
3663,FileSystem,COL,N03I10B08,QuasiLiveness,00,TRUE,1,NONE,INV
3664,FileSystem,COL,N03I10B10,QuasiLiveness,00,TRUE,1,NONE,INV
3665,FileSystem,COL,N03I10B15,QuasiLiveness,00,FALSE,1,NONE,CEX
3666,FileSystem,COL,N05I10B10,QuasiLiveness,00,TRUE,1,NONE,INV
3667,FileSystem,COL,N05I10B15,QuasiLiveness,00,FALSE,1,NONE,CEX
3668,FileSystem,COL,N08I32B26,QuasiLiveness,00,TRUE,1,NONE,INV
3669,ErlangenMainframeV0,PT,1005,QuasiLiveness,00,TRUE,1,NONE,INV
3670,FireWire,PT,20,QuasiLiveness,00,TRUE,1,NONE,INV
3671,Philosophers,COL,100000,QuasiLiveness,00,TRUE,1,NONE,INV
3672,Philosophers,PT,010000,QuasiLiveness,00,TRUE,1,NONE,INV
3673,PhilosophersDyn,COL,80,QuasiLiveness,00,TRUE,1,NONE,INV
3674,StigmergyCommit,PT,07b,QuasiLiveness,00,TRUE,1,NUPN,INV
3675,StigmergyCommit,PT,11b,QuasiLiveness,00,FALSE,1,NUPN,CEX
3676,ViralEpidemic,PT,S02D1C1A12,QuasiLiveness,00,TRUE,1,GEN,INV
3677,AirplaneLD,COL,0010,StableMarking,00,TRUE,3,NONE,INV
3678,AirplaneLD,COL,0020,StableMarking,00,TRUE,3,NONE,INV
3679,AirplaneLD,COL,0050,StableMarking,00,TRUE,3,NONE,INV
3680,AirplaneLD,COL,0100,StableMarking,00,TRUE,3,NONE,INV
3681,AirplaneLD,COL,0200,StableMarking,00,TRUE,3,NONE,INV
3682,AirplaneLD,COL,0500,StableMarking,00,TRUE,3,NONE,INV
3683,AirplaneLD,COL,1000,StableMarking,00,TRUE,3,NONE,INV
3684,AirplaneLD,COL,2000,StableMarking,00,TRUE,3,NONE,INV
3685,AirplaneLD,COL,4000,StableMarking,00,TRUE,3,NONE,INV
3686,AirplaneLD,PT,0010,StableMarking,00,TRUE,3,GEN,INV
3687,AirplaneLD,PT,0020,StableMarking,00,TRUE,3,GEN,INV
3688,AirplaneLD,PT,0050,StableMarking,00,TRUE,3,GEN,INV
3689,AirplaneLD,PT,0100,StableMarking,00,TRUE,3,GEN,INV
3690,AirplaneLD,PT,0200,StableMarking,00,TRUE,3,GEN,INV
3691,AirplaneLD,PT,0500,StableMarking,00,TRUE,3,GEN,INV
3692,AirplaneLD,PT,1000,StableMarking,00,TRUE,3,GEN,INV
3693,AirplaneLD,PT,2000,StableMarking,00,TRUE,3,GEN,INV
3694,AirplaneLD,PT,4000,StableMarking,00,TRUE,3,GEN,INV
3695,Anderson,PT,04,StableMarking,00,FALSE,3,NUPN,CEX
3696,Anderson,PT,05,StableMarking,00,FALSE,3,NUPN,CEX
3697,Anderson,PT,06,StableMarking,00,FALSE,3,NUPN,CEX
3698,Anderson,PT,07,StableMarking,00,FALSE,3,NUPN,CEX
3699,Anderson,PT,08,StableMarking,00,FALSE,3,NUPN,CEX
3700,Anderson,PT,09,StableMarking,00,FALSE,3,NUPN,CEX
3701,Anderson,PT,10,StableMarking,00,FALSE,3,NUPN,CEX
3702,Anderson,PT,11,StableMarking,00,FALSE,3,NUPN,CEX
3703,Anderson,PT,12,StableMarking,00,FALSE,2,NUPN,CEX
3704,Angiogenesis,PT,01,StableMarking,00,TRUE,3,GEN,INV
3705,Angiogenesis,PT,05,StableMarking,00,FALSE,3,NONE,CEX
3706,Angiogenesis,PT,10,StableMarking,00,FALSE,3,NONE,CEX
3707,Angiogenesis,PT,15,StableMarking,00,FALSE,3,NONE,CEX
3708,Angiogenesis,PT,20,StableMarking,00,FALSE,3,NONE,CEX
3709,Angiogenesis,PT,25,StableMarking,00,FALSE,3,NONE,CEX
3710,Angiogenesis,PT,50,StableMarking,00,FALSE,3,NONE,CEX
3711,ARMCacheCoherence,PT,none,StableMarking,00,FALSE,3,NUPN,CEX
3712,ASLink,PT,01a,StableMarking,00,FALSE,3,NUPN,CEX
3713,ASLink,PT,01b,StableMarking,00,FALSE,3,NUPN,CEX
3714,ASLink,PT,02a,StableMarking,00,FALSE,2,NUPN,CEX
3715,ASLink,PT,02b,StableMarking,00,FALSE,2,NUPN,CEX
3716,ASLink,PT,03a,StableMarking,00,FALSE,2,NUPN,CEX
3717,ASLink,PT,03b,StableMarking,00,FALSE,2,NUPN,CEX
3718,ASLink,PT,04a,StableMarking,00,FALSE,2,NUPN,CEX
3719,ASLink,PT,04b,StableMarking,00,FALSE,1,NUPN,CEX
3720,ASLink,PT,05a,StableMarking,00,FALSE,2,NUPN,CEX
3721,ASLink,PT,05b,StableMarking,00,FALSE,1,NUPN,CEX
3722,ASLink,PT,06a,StableMarking,00,FALSE,2,NUPN,CEX
3723,ASLink,PT,06b,StableMarking,00,FALSE,1,NUPN,CEX
3724,ASLink,PT,07a,StableMarking,00,FALSE,2,NUPN,CEX
3725,AutoFlight,PT,01a,StableMarking,00,FALSE,3,NUPN,CEX
3726,AutoFlight,PT,01b,StableMarking,00,FALSE,3,NUPN,CEX
3727,AutoFlight,PT,02a,StableMarking,00,FALSE,3,NUPN,CEX
3728,AutoFlight,PT,02b,StableMarking,00,FALSE,3,NUPN,CEX
3729,AutoFlight,PT,03a,StableMarking,00,FALSE,3,NUPN,CEX
3730,AutoFlight,PT,03b,StableMarking,00,FALSE,3,NUPN,CEX
3731,AutoFlight,PT,04a,StableMarking,00,FALSE,3,NUPN,CEX
3732,AutoFlight,PT,04b,StableMarking,00,FALSE,3,NUPN,CEX
3733,AutoFlight,PT,05a,StableMarking,00,FALSE,3,NUPN,CEX
3734,AutoFlight,PT,05b,StableMarking,00,FALSE,3,NUPN,CEX
3735,AutoFlight,PT,06a,StableMarking,00,FALSE,3,NUPN,CEX
3736,AutoFlight,PT,06b,StableMarking,00,FALSE,3,NUPN,CEX
3737,AutoFlight,PT,12a,StableMarking,00,FALSE,3,NUPN,CEX
3738,AutoFlight,PT,12b,StableMarking,00,FALSE,3,NUPN,CEX
3739,AutoFlight,PT,24a,StableMarking,00,FALSE,3,NUPN,CEX
3740,AutoFlight,PT,24b,StableMarking,00,FALSE,2,NUPN,CEX
3741,AutoFlight,PT,48a,StableMarking,00,FALSE,3,NUPN,CEX
3742,AutoFlight,PT,48b,StableMarking,00,FALSE,2,NUPN,CEX
3743,AutoFlight,PT,96a,StableMarking,00,FALSE,3,NUPN,CEX
3744,AutoFlight,PT,96b,StableMarking,00,FALSE,2,NUPN,CEX
3745,AutonomousCar,PT,01a,StableMarking,00,FALSE,3,NUPN,CEX
3746,AutonomousCar,PT,01b,StableMarking,00,TRUE,3,NUPN,INV
3747,AutonomousCar,PT,02a,StableMarking,00,FALSE,3,NUPN,CEX
3748,AutonomousCar,PT,02b,StableMarking,00,TRUE,3,NUPN,INV
3749,AutonomousCar,PT,03a,StableMarking,00,FALSE,3,NUPN,CEX
3750,AutonomousCar,PT,03b,StableMarking,00,TRUE,3,NUPN,INV
3751,AutonomousCar,PT,04a,StableMarking,00,FALSE,3,NUPN,CEX
3752,AutonomousCar,PT,04b,StableMarking,00,TRUE,3,NUPN,INV
3753,AutonomousCar,PT,05a,StableMarking,00,FALSE,3,NUPN,CEX
3754,AutonomousCar,PT,05b,StableMarking,00,TRUE,3,NUPN,INV
3755,AutonomousCar,PT,06a,StableMarking,00,FALSE,3,NUPN,CEX
3756,AutonomousCar,PT,06b,StableMarking,00,TRUE,3,NUPN,INV
3757,AutonomousCar,PT,07a,StableMarking,00,FALSE,3,NUPN,CEX
3758,AutonomousCar,PT,07b,StableMarking,00,TRUE,3,NUPN,INV
3759,AutonomousCar,PT,08a,StableMarking,00,FALSE,3,NUPN,CEX
3760,AutonomousCar,PT,08b,StableMarking,00,TRUE,3,NUPN,INV
3761,AutonomousCar,PT,09a,StableMarking,00,FALSE,3,NUPN,CEX
3762,AutonomousCar,PT,09b,StableMarking,00,TRUE,3,NUPN,INV
3763,AutonomousCar,PT,10a,StableMarking,00,FALSE,3,NUPN,CEX
3764,AutonomousCar,PT,10b,StableMarking,00,TRUE,3,NUPN,INV
3765,BART,COL,002,StableMarking,00,TRUE,3,NONE,INV
3766,BART,COL,005,StableMarking,00,TRUE,3,NONE,INV
3767,BART,COL,010,StableMarking,00,TRUE,3,NONE,INV
3768,BART,COL,020,StableMarking,00,TRUE,3,NONE,INV
3769,BART,COL,030,StableMarking,00,TRUE,3,NONE,INV
3770,BART,COL,040,StableMarking,00,TRUE,3,NONE,INV
3771,BART,COL,050,StableMarking,00,TRUE,3,NONE,INV
3772,BART,COL,060,StableMarking,00,TRUE,2,NONE,INV
3773,BART,PT,002,StableMarking,00,TRUE,3,GEN,INV
3774,BART,PT,005,StableMarking,00,TRUE,3,GEN,INV
3775,BART,PT,010,StableMarking,00,TRUE,3,GEN,INV
3776,BART,PT,020,StableMarking,00,TRUE,3,GEN,INV
3777,BART,PT,030,StableMarking,00,TRUE,3,GEN,INV
3778,BART,PT,040,StableMarking,00,TRUE,3,GEN,INV
3779,BART,PT,050,StableMarking,00,TRUE,3,GEN,INV
3780,BART,PT,060,StableMarking,00,TRUE,3,GEN,INV
3781,BlocksWorld,PT,01,StableMarking,00,TRUE,3,NONE,INV
3782,BlocksWorld,PT,02,StableMarking,00,TRUE,2,NONE,INV
3783,BlocksWorld,PT,03,StableMarking,00,TRUE,2,NONE,INV
3784,BlocksWorld,PT,04,StableMarking,00,TRUE,2,NONE,INV
3785,BlocksWorld,PT,05,StableMarking,00,TRUE,2,NONE,INV
3786,BlocksWorld,PT,06,StableMarking,00,TRUE,2,NONE,INV
3787,BlocksWorld,PT,07,StableMarking,00,TRUE,2,NONE,INV
3788,BlocksWorld,PT,08,StableMarking,00,TRUE,2,NONE,INV
3789,BlocksWorld,PT,09,StableMarking,00,TRUE,2,NONE,INV
3790,BlocksWorld,PT,10,StableMarking,00,TRUE,2,NONE,INV
3791,BlocksWorld,PT,11,StableMarking,00,TRUE,2,NONE,INV
3792,BridgeAndVehicles,COL,V04P05N02,StableMarking,00,TRUE,3,NONE,INV
3793,BridgeAndVehicles,COL,V10P10N10,StableMarking,00,TRUE,3,NONE,INV
3794,BridgeAndVehicles,COL,V20P10N10,StableMarking,00,TRUE,3,NONE,INV
3795,BridgeAndVehicles,COL,V20P10N20,StableMarking,00,TRUE,3,NONE,INV
3796,BridgeAndVehicles,COL,V20P10N50,StableMarking,00,TRUE,3,NONE,INV
3797,BridgeAndVehicles,COL,V20P20N10,StableMarking,00,TRUE,3,NONE,INV
3798,BridgeAndVehicles,COL,V20P20N20,StableMarking,00,TRUE,3,NONE,INV
3799,BridgeAndVehicles,COL,V20P20N50,StableMarking,00,TRUE,3,NONE,INV
3800,BridgeAndVehicles,COL,V50P20N10,StableMarking,00,TRUE,3,NONE,INV
3801,BridgeAndVehicles,COL,V50P20N20,StableMarking,00,TRUE,3,NONE,INV
3802,BridgeAndVehicles,COL,V50P20N50,StableMarking,00,TRUE,3,NONE,INV
3803,BridgeAndVehicles,COL,V50P50N10,StableMarking,00,TRUE,3,NONE,INV
3804,BridgeAndVehicles,COL,V50P50N20,StableMarking,00,TRUE,3,NONE,INV
3805,BridgeAndVehicles,COL,V50P50N50,StableMarking,00,TRUE,3,NONE,INV
3806,BridgeAndVehicles,COL,V80P20N10,StableMarking,00,TRUE,3,NONE,INV
3807,BridgeAndVehicles,COL,V80P20N20,StableMarking,00,TRUE,3,NONE,INV
3808,BridgeAndVehicles,COL,V80P20N50,StableMarking,00,TRUE,3,NONE,INV
3809,BridgeAndVehicles,COL,V80P50N10,StableMarking,00,TRUE,3,NONE,INV
3810,BridgeAndVehicles,COL,V80P50N20,StableMarking,00,TRUE,3,NONE,INV
3811,BridgeAndVehicles,COL,V80P50N50,StableMarking,00,TRUE,3,NONE,INV
3812,BridgeAndVehicles,PT,V04P05N02,StableMarking,00,FALSE,3,NONE,CEX
3813,BridgeAndVehicles,PT,V10P10N10,StableMarking,00,FALSE,3,NONE,CEX
3814,BridgeAndVehicles,PT,V20P10N10,StableMarking,00,FALSE,3,NONE,CEX
3815,BridgeAndVehicles,PT,V20P10N20,StableMarking,00,FALSE,3,NONE,CEX
3816,BridgeAndVehicles,PT,V20P10N50,StableMarking,00,TRUE,3,NONE,INV
3817,BridgeAndVehicles,PT,V20P20N10,StableMarking,00,FALSE,3,NONE,CEX
3818,BridgeAndVehicles,PT,V20P20N20,StableMarking,00,FALSE,3,NONE,CEX
3819,BridgeAndVehicles,PT,V20P20N50,StableMarking,00,TRUE,3,NONE,INV
3820,BridgeAndVehicles,PT,V50P20N10,StableMarking,00,FALSE,3,NONE,CEX
3821,BridgeAndVehicles,PT,V50P20N20,StableMarking,00,FALSE,3,NONE,CEX
3822,BridgeAndVehicles,PT,V50P20N50,StableMarking,00,FALSE,3,NONE,CEX
3823,BridgeAndVehicles,PT,V50P50N10,StableMarking,00,FALSE,3,NONE,CEX
3824,BridgeAndVehicles,PT,V50P50N20,StableMarking,00,FALSE,3,NONE,CEX
3825,BridgeAndVehicles,PT,V50P50N50,StableMarking,00,FALSE,3,NONE,CEX
3826,BridgeAndVehicles,PT,V80P20N10,StableMarking,00,FALSE,3,NONE,CEX
3827,BridgeAndVehicles,PT,V80P20N20,StableMarking,00,FALSE,3,NONE,CEX
3828,BridgeAndVehicles,PT,V80P20N50,StableMarking,00,FALSE,3,NONE,CEX
3829,BridgeAndVehicles,PT,V80P50N10,StableMarking,00,FALSE,3,NONE,CEX
3830,BridgeAndVehicles,PT,V80P50N20,StableMarking,00,FALSE,3,NONE,CEX
3831,BridgeAndVehicles,PT,V80P50N50,StableMarking,00,FALSE,3,NONE,CEX
3832,BugTracking,PT,q3m002,StableMarking,00,TRUE,3,NONE,INV
3833,BugTracking,PT,q3m004,StableMarking,00,TRUE,3,NONE,INV
3834,BugTracking,PT,q3m008,StableMarking,00,TRUE,3,NONE,INV
3835,BugTracking,PT,q3m016,StableMarking,00,TRUE,3,NONE,INV
3836,BugTracking,PT,q3m032,StableMarking,00,TRUE,3,NONE,INV
3837,BugTracking,PT,q3m064,StableMarking,00,TRUE,3,NONE,INV
3838,BugTracking,PT,q3m128,StableMarking,00,TRUE,3,NONE,INV
3839,BugTracking,PT,q3m256,StableMarking,00,TRUE,3,NONE,INV
3840,BugTracking,PT,q8m002,StableMarking,00,TRUE,3,NONE,INV
3841,BugTracking,PT,q8m004,StableMarking,00,TRUE,3,NONE,INV
3842,BugTracking,PT,q8m008,StableMarking,00,TRUE,3,NONE,INV
3843,BugTracking,PT,q8m016,StableMarking,00,TRUE,3,NONE,INV
3844,BugTracking,PT,q8m032,StableMarking,00,TRUE,3,NONE,INV
3845,BugTracking,PT,q8m064,StableMarking,00,TRUE,3,NONE,INV
3846,BugTracking,PT,q8m128,StableMarking,00,TRUE,3,NONE,INV
3847,BugTracking,PT,q8m256,StableMarking,00,TRUE,3,NONE,INV
3848,BusinessProcesses,PT,01,StableMarking,00,TRUE,3,NUPN,INV
3849,BusinessProcesses,PT,02,StableMarking,00,TRUE,3,NUPN,INV
3850,BusinessProcesses,PT,03,StableMarking,00,TRUE,3,NUPN,INV
3851,BusinessProcesses,PT,04,StableMarking,00,TRUE,3,NUPN,INV
3852,BusinessProcesses,PT,05,StableMarking,00,TRUE,3,NUPN,INV
3853,BusinessProcesses,PT,06,StableMarking,00,TRUE,3,NUPN,INV
3854,BusinessProcesses,PT,07,StableMarking,00,FALSE,3,NUPN,CEX
3855,BusinessProcesses,PT,08,StableMarking,00,TRUE,3,NUPN,INV
3856,BusinessProcesses,PT,09,StableMarking,00,FALSE,3,NUPN,CEX
3857,BusinessProcesses,PT,10,StableMarking,00,FALSE,3,NUPN,CEX
3858,BusinessProcesses,PT,11,StableMarking,00,TRUE,3,NUPN,INV
3859,BusinessProcesses,PT,12,StableMarking,00,TRUE,3,NUPN,INV
3860,BusinessProcesses,PT,13,StableMarking,00,TRUE,3,NUPN,INV
3861,BusinessProcesses,PT,14,StableMarking,00,TRUE,3,NUPN,INV
3862,BusinessProcesses,PT,15,StableMarking,00,TRUE,3,NUPN,INV
3863,BusinessProcesses,PT,16,StableMarking,00,TRUE,3,NUPN,INV
3864,BusinessProcesses,PT,17,StableMarking,00,TRUE,3,NUPN,INV
3865,BusinessProcesses,PT,18,StableMarking,00,TRUE,3,NUPN,INV
3866,BusinessProcesses,PT,19,StableMarking,00,TRUE,3,NUPN,INV
3867,BusinessProcesses,PT,20,StableMarking,00,TRUE,3,NUPN,INV
3868,CANConstruction,PT,005,StableMarking,00,FALSE,3,NONE,CEX
3869,CANConstruction,PT,010,StableMarking,00,FALSE,3,NONE,CEX
3870,CANConstruction,PT,020,StableMarking,00,FALSE,3,NONE,CEX
3871,CANConstruction,PT,030,StableMarking,00,FALSE,3,NONE,CEX
3872,CANConstruction,PT,040,StableMarking,00,FALSE,3,NONE,CEX
3873,CANConstruction,PT,050,StableMarking,00,FALSE,3,NONE,CEX
3874,CANConstruction,PT,060,StableMarking,00,FALSE,2,NONE,CEX
3875,CANConstruction,PT,070,StableMarking,00,FALSE,2,NONE,CEX
3876,CANConstruction,PT,080,StableMarking,00,FALSE,2,NONE,CEX
3877,CANConstruction,PT,090,StableMarking,00,FALSE,2,NONE,CEX
3878,CANConstruction,PT,100,StableMarking,00,FALSE,2,NONE,CEX
3879,CANInsertWithFailure,PT,005,StableMarking,00,FALSE,3,NONE,CEX
3880,CANInsertWithFailure,PT,010,StableMarking,00,FALSE,3,NONE,CEX
3881,CANInsertWithFailure,PT,020,StableMarking,00,FALSE,2,NONE,CEX
3882,CANInsertWithFailure,PT,030,StableMarking,00,FALSE,2,NONE,CEX
3883,CANInsertWithFailure,PT,040,StableMarking,00,FALSE,2,NONE,CEX
3884,CANInsertWithFailure,PT,050,StableMarking,00,FALSE,2,NONE,CEX
3885,CANInsertWithFailure,PT,060,StableMarking,00,FALSE,2,NONE,CEX
3886,CANInsertWithFailure,PT,070,StableMarking,00,FALSE,2,NONE,CEX
3887,CANInsertWithFailure,PT,080,StableMarking,00,FALSE,2,NONE,CEX
3888,CANInsertWithFailure,PT,090,StableMarking,00,FALSE,2,NONE,CEX
3889,CANInsertWithFailure,PT,100,StableMarking,00,FALSE,2,NONE,CEX
3890,Champagne,PT,H04T0R,StableMarking,00,FALSE,2,NONE,CEX
3891,Champagne,PT,H04T1U,StableMarking,00,FALSE,2,NONE,CEX
3892,Champagne,PT,H04T2O,StableMarking,00,FALSE,2,NONE,CEX
3893,Champagne,PT,H05T0R,StableMarking,00,FALSE,2,NONE,CEX
3894,Champagne,PT,H05T1U,StableMarking,00,FALSE,2,NONE,CEX
3895,Champagne,PT,H05T2O,StableMarking,00,FALSE,2,NONE,CEX
3896,Champagne,PT,H06T0R,StableMarking,00,FALSE,2,NONE,CEX
3897,Champagne,PT,H06T1U,StableMarking,00,FALSE,2,NONE,CEX
3898,Champagne,PT,H06T2O,StableMarking,00,FALSE,2,NONE,CEX
3899,Champagne,PT,H07T0R,StableMarking,00,FALSE,2,NONE,CEX
3900,Champagne,PT,H07T1U,StableMarking,00,FALSE,2,NONE,CEX
3901,Champagne,PT,H07T2O,StableMarking,00,FALSE,2,NONE,CEX
3902,Champagne,PT,H08T0R,StableMarking,00,FALSE,2,NONE,CEX
3903,Champagne,PT,H08T1U,StableMarking,00,FALSE,2,NONE,CEX
3904,Champagne,PT,H08T2O,StableMarking,00,FALSE,2,NONE,CEX
3905,Champagne,PT,H09T0R,StableMarking,00,FALSE,2,NONE,CEX
3906,Champagne,PT,H09T1U,StableMarking,00,FALSE,2,NONE,CEX
3907,Champagne,PT,H09T2O,StableMarking,00,FALSE,2,NONE,CEX
3908,Champagne,PT,H10T0R,StableMarking,00,FALSE,2,NONE,CEX
3909,Champagne,PT,H10T1U,StableMarking,00,FALSE,2,NONE,CEX
3910,Champagne,PT,H10T2O,StableMarking,00,FALSE,2,NONE,CEX
3911,CircadianClock,PT,000001,StableMarking,00,FALSE,3,GEN,CEX
3912,CircadianClock,PT,000010,StableMarking,00,FALSE,3,NONE,CEX
3913,CircadianClock,PT,000100,StableMarking,00,FALSE,3,NONE,CEX
3914,CircadianClock,PT,001000,StableMarking,00,FALSE,3,NONE,CEX
3915,CircadianClock,PT,010000,StableMarking,00,FALSE,3,NONE,CEX
3916,CircadianClock,PT,100000,StableMarking,00,FALSE,3,NONE,CEX
3917,CircularTrains,PT,012,StableMarking,00,FALSE,3,NONE,CEX
3918,CircularTrains,PT,024,StableMarking,00,FALSE,3,NONE,CEX
3919,CircularTrains,PT,048,StableMarking,00,FALSE,3,NONE,CEX
3920,CircularTrains,PT,096,StableMarking,00,FALSE,3,NONE,CEX
3921,CircularTrains,PT,192,StableMarking,00,FALSE,3,NONE,CEX
3922,CircularTrains,PT,384,StableMarking,00,FALSE,3,NONE,CEX
3923,CircularTrains,PT,768,StableMarking,00,FALSE,3,NONE,CEX
3924,ClientsAndServers,PT,N0001P0,StableMarking,00,FALSE,3,NONE,CEX
3925,ClientsAndServers,PT,N0002P0,StableMarking,00,FALSE,3,NONE,CEX
3926,ClientsAndServers,PT,N0002P1,StableMarking,00,FALSE,3,NONE,CEX
3927,ClientsAndServers,PT,N0005P0,StableMarking,00,FALSE,3,NONE,CEX
3928,ClientsAndServers,PT,N0005P1,StableMarking,00,FALSE,3,NONE,CEX
3929,ClientsAndServers,PT,N0010P0,StableMarking,00,FALSE,3,NONE,CEX
3930,ClientsAndServers,PT,N0010P1,StableMarking,00,FALSE,3,NONE,CEX
3931,ClientsAndServers,PT,N0010P2,StableMarking,00,FALSE,3,NONE,CEX
3932,ClientsAndServers,PT,N0020P0,StableMarking,00,FALSE,3,NONE,CEX
3933,ClientsAndServers,PT,N0020P1,StableMarking,00,FALSE,3,NONE,CEX
3934,ClientsAndServers,PT,N0020P2,StableMarking,00,FALSE,3,NONE,CEX
3935,ClientsAndServers,PT,N0020P3,StableMarking,00,FALSE,3,NONE,CEX
3936,ClientsAndServers,PT,N0020P4,StableMarking,00,FALSE,3,NONE,CEX
3937,ClientsAndServers,PT,N0050P0,StableMarking,00,FALSE,3,NONE,CEX
3938,ClientsAndServers,PT,N0100P0,StableMarking,00,FALSE,3,NONE,CEX
3939,ClientsAndServers,PT,N0200P0,StableMarking,00,FALSE,3,NONE,CEX
3940,ClientsAndServers,PT,N0500P0,StableMarking,00,FALSE,3,NONE,CEX
3941,ClientsAndServers,PT,N1000P0,StableMarking,00,FALSE,3,NONE,CEX
3942,ClientsAndServers,PT,N2000P0,StableMarking,00,FALSE,3,NONE,CEX
3943,ClientsAndServers,PT,N5000P0,StableMarking,00,FALSE,3,NONE,CEX
3944,CloudDeployment,PT,2a,StableMarking,00,FALSE,3,NUPN,CEX
3945,CloudDeployment,PT,2b,StableMarking,00,FALSE,2,NUPN,CEX
3946,CloudDeployment,PT,3a,StableMarking,00,FALSE,3,NUPN,CEX
3947,CloudDeployment,PT,3b,StableMarking,00,FALSE,2,NUPN,CEX
3948,CloudDeployment,PT,4a,StableMarking,00,FALSE,3,NUPN,CEX
3949,CloudDeployment,PT,4b,StableMarking,00,FALSE,2,NUPN,CEX
3950,CloudDeployment,PT,5a,StableMarking,00,FALSE,3,NUPN,CEX
3951,CloudDeployment,PT,5b,StableMarking,00,FALSE,2,NUPN,CEX
3952,CloudDeployment,PT,6a,StableMarking,00,FALSE,2,NUPN,CEX
3953,CloudDeployment,PT,6b,StableMarking,00,FALSE,2,NUPN,CEX
3954,CloudDeployment,PT,7a,StableMarking,00,FALSE,2,NUPN,CEX
3955,CloudDeployment,PT,7b,StableMarking,00,FALSE,1,NUPN,CEX
3956,CloudOpsManagement,PT,00002by00001,StableMarking,00,FALSE,3,NONE,CEX
3957,CloudOpsManagement,PT,00005by00002,StableMarking,00,FALSE,3,NONE,CEX
3958,CloudOpsManagement,PT,00010by00005,StableMarking,00,FALSE,3,NONE,CEX
3959,CloudOpsManagement,PT,00020by00010,StableMarking,00,FALSE,3,NONE,CEX
3960,CloudOpsManagement,PT,00040by00020,StableMarking,00,FALSE,3,NONE,CEX
3961,CloudOpsManagement,PT,00080by00040,StableMarking,00,FALSE,3,NONE,CEX
3962,CloudOpsManagement,PT,00160by00080,StableMarking,00,FALSE,3,NONE,CEX
3963,CloudOpsManagement,PT,00320by00160,StableMarking,00,FALSE,3,NONE,CEX
3964,CloudOpsManagement,PT,00640by00320,StableMarking,00,FALSE,3,NONE,CEX
3965,CloudOpsManagement,PT,01280by00640,StableMarking,00,FALSE,3,NONE,CEX
3966,CloudOpsManagement,PT,02560by01280,StableMarking,00,FALSE,3,NONE,CEX
3967,CloudOpsManagement,PT,05120by02560,StableMarking,00,FALSE,3,NONE,CEX
3968,CloudOpsManagement,PT,10240by05120,StableMarking,00,FALSE,3,NONE,CEX
3969,CloudOpsManagement,PT,20480by10240,StableMarking,00,FALSE,3,NONE,CEX
3970,CloudReconfiguration,PT,301,StableMarking,00,FALSE,2,NUPN,CEX
3971,CloudReconfiguration,PT,302,StableMarking,00,FALSE,2,NUPN,CEX
3972,CloudReconfiguration,PT,303,StableMarking,00,TRUE,2,NUPN,INV
3973,CloudReconfiguration,PT,304,StableMarking,00,FALSE,2,NUPN,CEX
3974,CloudReconfiguration,PT,305,StableMarking,00,TRUE,2,NUPN,INV
3975,CloudReconfiguration,PT,306,StableMarking,00,TRUE,2,NUPN,INV
3976,CloudReconfiguration,PT,307,StableMarking,00,TRUE,2,NUPN,INV
3977,CloudReconfiguration,PT,308,StableMarking,00,FALSE,2,NUPN,CEX
3978,CloudReconfiguration,PT,309,StableMarking,00,FALSE,2,NUPN,CEX
3979,CloudReconfiguration,PT,310,StableMarking,00,TRUE,2,NUPN,INV
3980,CloudReconfiguration,PT,311,StableMarking,00,TRUE,2,NUPN,INV
3981,CloudReconfiguration,PT,312,StableMarking,00,FALSE,2,NUPN,CEX
3982,CloudReconfiguration,PT,313,StableMarking,00,FALSE,2,NUPN,CEX
3983,CloudReconfiguration,PT,314,StableMarking,00,TRUE,2,NUPN,INV
3984,CloudReconfiguration,PT,316,StableMarking,00,TRUE,2,NUPN,INV
3985,CloudReconfiguration,PT,317,StableMarking,00,TRUE,2,NUPN,INV
3986,CloudReconfiguration,PT,318,StableMarking,00,FALSE,2,NUPN,CEX
3987,CloudReconfiguration,PT,319,StableMarking,00,TRUE,2,NUPN,INV
3988,CloudReconfiguration,PT,320,StableMarking,00,TRUE,2,NUPN,INV
3989,CloudReconfiguration,PT,401,StableMarking,00,FALSE,2,NUPN,CEX
3990,CloudReconfiguration,PT,402,StableMarking,00,FALSE,2,NUPN,CEX
3991,CO4,PT,01,StableMarking,00,FALSE,3,NONE,CEX
3992,CO4,PT,02,StableMarking,00,FALSE,3,NONE,CEX
3993,CO4,PT,03,StableMarking,00,FALSE,3,NONE,CEX
3994,CO4,PT,04,StableMarking,00,FALSE,3,NONE,CEX
3995,CO4,PT,05,StableMarking,00,FALSE,3,NONE,CEX
3996,CO4,PT,06,StableMarking,00,TRUE,3,NONE,INV
3997,CO4,PT,07,StableMarking,00,TRUE,3,NONE,INV
3998,CO4,PT,08,StableMarking,00,TRUE,3,NONE,INV
3999,CO4,PT,09,StableMarking,00,TRUE,3,NONE,INV
4000,CO4,PT,10,StableMarking,00,TRUE,3,NONE,INV
4001,CO4,PT,11,StableMarking,00,TRUE,3,NONE,INV
4002,CO4,PT,12,StableMarking,00,TRUE,3,NONE,INV
4003,CO4,PT,13,StableMarking,00,TRUE,3,NONE,INV
4004,CO4,PT,14,StableMarking,00,TRUE,3,NONE,INV
4005,CO4,PT,15,StableMarking,00,TRUE,3,NONE,INV
4006,CO4,PT,16,StableMarking,00,TRUE,3,NONE,INV
4007,CO4,PT,17,StableMarking,00,TRUE,3,NONE,INV
4008,CO4,PT,18,StableMarking,00,TRUE,3,NONE,INV
4009,CO4,PT,19,StableMarking,00,TRUE,3,NONE,INV
4010,CO4,PT,20,StableMarking,00,TRUE,3,NONE,INV
4011,CO4,PT,21,StableMarking,00,TRUE,3,NONE,INV
4012,CopsAndRobbers,PT,CRL005X001,StableMarking,00,FALSE,3,NONE,CEX
4013,CopsAndRobbers,PT,CRL015X005,StableMarking,00,FALSE,3,NONE,CEX
4014,CopsAndRobbers,PT,CRL023X004,StableMarking,00,FALSE,3,NONE,CEX
4015,CopsAndRobbers,PT,CRL025X003,StableMarking,00,FALSE,3,NONE,CEX
4016,CopsAndRobbers,PT,HRL014X002,StableMarking,00,FALSE,3,NONE,CEX
4017,CopsAndRobbers,PT,HRL017X005,StableMarking,00,FALSE,3,NONE,CEX
4018,CopsAndRobbers,PT,HRL020X006,StableMarking,00,FALSE,3,NONE,CEX
4019,CopsAndRobbers,PT,HRL023X006,StableMarking,00,FALSE,3,NONE,CEX
4020,CopsAndRobbers,PT,KFL010N005K002X001,StableMarking,00,FALSE,3,NONE,CEX
4021,CopsAndRobbers,PT,KFL028N008K002X005,StableMarking,00,FALSE,3,NONE,CEX
4022,CopsAndRobbers,PT,KFL036N009K002X003,StableMarking,00,FALSE,3,NONE,CEX
4023,CopsAndRobbers,PT,KFL084N009K003X002,StableMarking,00,FALSE,3,NONE,CEX
4024,CryptoMiner,COL,D03N000,StableMarking,00,FALSE,3,NONE,CEX
4025,CryptoMiner,COL,D03N010,StableMarking,00,FALSE,3,NONE,CEX
4026,CryptoMiner,COL,D03N100,StableMarking,00,FALSE,3,NONE,CEX
4027,CryptoMiner,COL,D05N000,StableMarking,00,FALSE,3,NONE,CEX
4028,CryptoMiner,COL,D05N100,StableMarking,00,FALSE,3,NONE,CEX
4029,CryptoMiner,COL,D05N250,StableMarking,00,FALSE,3,NONE,CEX
4030,CryptoMiner,COL,D10N000,StableMarking,00,FALSE,3,NONE,CEX
4031,CryptoMiner,COL,D10N100,StableMarking,00,FALSE,3,NONE,CEX
4032,CryptoMiner,COL,D20N100,StableMarking,00,FALSE,3,NONE,CEX
4033,CryptoMiner,PT,D03N000,StableMarking,00,FALSE,3,NONE,CEX
4034,CryptoMiner,PT,D03N010,StableMarking,00,FALSE,3,NONE,CEX
4035,CryptoMiner,PT,D03N100,StableMarking,00,FALSE,3,NONE,CEX
4036,CryptoMiner,PT,D05N000,StableMarking,00,FALSE,3,NONE,CEX
4037,CryptoMiner,PT,D05N100,StableMarking,00,FALSE,3,NONE,CEX
4038,CryptoMiner,PT,D05N250,StableMarking,00,FALSE,3,NONE,CEX
4039,CryptoMiner,PT,D10N000,StableMarking,00,FALSE,3,NONE,CEX
4040,CryptoMiner,PT,D10N100,StableMarking,00,FALSE,3,NONE,CEX
4041,CryptoMiner,PT,D20N100,StableMarking,00,FALSE,3,NONE,CEX
4042,CSRepetitions,COL,02,StableMarking,00,FALSE,3,NONE,CEX
4043,CSRepetitions,COL,03,StableMarking,00,FALSE,3,NONE,CEX
4044,CSRepetitions,COL,04,StableMarking,00,FALSE,3,NONE,CEX
4045,CSRepetitions,COL,05,StableMarking,00,FALSE,3,NONE,CEX
4046,CSRepetitions,COL,07,StableMarking,00,FALSE,3,NONE,CEX
4047,CSRepetitions,COL,10,StableMarking,00,FALSE,3,NONE,CEX
4048,CSRepetitions,PT,02,StableMarking,00,FALSE,3,NONE,CEX
4049,CSRepetitions,PT,03,StableMarking,00,FALSE,3,NONE,CEX
4050,CSRepetitions,PT,04,StableMarking,00,FALSE,3,NONE,CEX
4051,CSRepetitions,PT,05,StableMarking,00,FALSE,3,NONE,CEX
4052,CSRepetitions,PT,07,StableMarking,00,FALSE,3,NONE,CEX
4053,CSRepetitions,PT,10,StableMarking,00,FALSE,3,NONE,CEX
4054,DatabaseWithMutex,COL,02,StableMarking,00,FALSE,3,NONE,CEX
4055,DatabaseWithMutex,COL,04,StableMarking,00,FALSE,3,NONE,CEX
4056,DatabaseWithMutex,COL,10,StableMarking,00,FALSE,3,NONE,CEX
4057,DatabaseWithMutex,COL,20,StableMarking,00,FALSE,3,NONE,CEX
4058,DatabaseWithMutex,COL,40,StableMarking,00,FALSE,3,NONE,CEX
4059,DatabaseWithMutex,PT,02,StableMarking,00,FALSE,3,GEN,CEX
4060,DatabaseWithMutex,PT,04,StableMarking,00,FALSE,3,GEN,CEX
4061,DatabaseWithMutex,PT,10,StableMarking,00,FALSE,3,GEN,CEX
4062,DatabaseWithMutex,PT,20,StableMarking,00,FALSE,3,GEN,CEX
4063,DatabaseWithMutex,PT,40,StableMarking,00,FALSE,2,GEN,CEX
4064,DBSingleClientW,PT,d0m04,StableMarking,00,TRUE,3,NONE,INV
4065,DBSingleClientW,PT,d0m05,StableMarking,00,TRUE,3,NONE,INV
4066,DBSingleClientW,PT,d0m06,StableMarking,00,TRUE,3,NONE,INV
4067,DBSingleClientW,PT,d0m07,StableMarking,00,TRUE,3,NONE,INV
4068,DBSingleClientW,PT,d0m08,StableMarking,00,TRUE,3,NONE,INV
4069,DBSingleClientW,PT,d0m09,StableMarking,00,TRUE,3,NONE,INV
4070,DBSingleClientW,PT,d0m10,StableMarking,00,TRUE,3,NONE,INV
4071,DBSingleClientW,PT,d1m04,StableMarking,00,TRUE,3,NONE,INV
4072,DBSingleClientW,PT,d1m05,StableMarking,00,TRUE,3,NONE,INV
4073,DBSingleClientW,PT,d1m06,StableMarking,00,TRUE,3,NONE,INV
4074,DBSingleClientW,PT,d1m07,StableMarking,00,TRUE,3,NONE,INV
4075,DBSingleClientW,PT,d1m08,StableMarking,00,TRUE,3,NONE,INV
4076,DBSingleClientW,PT,d1m09,StableMarking,00,TRUE,3,NONE,INV
4077,DBSingleClientW,PT,d1m10,StableMarking,00,TRUE,3,NONE,INV
4078,DBSingleClientW,PT,d2m04,StableMarking,00,TRUE,3,NONE,INV
4079,DBSingleClientW,PT,d2m05,StableMarking,00,TRUE,3,NONE,INV
4080,DBSingleClientW,PT,d2m06,StableMarking,00,TRUE,3,NONE,INV
4081,DBSingleClientW,PT,d2m07,StableMarking,00,TRUE,3,NONE,INV
4082,DBSingleClientW,PT,d2m08,StableMarking,00,TRUE,3,NONE,INV
4083,DBSingleClientW,PT,d2m09,StableMarking,00,TRUE,3,NONE,INV
4084,DBSingleClientW,PT,d2m10,StableMarking,00,TRUE,3,NONE,INV
4085,Dekker,PT,010,StableMarking,00,FALSE,3,GEN,CEX
4086,Dekker,PT,015,StableMarking,00,FALSE,3,GEN,CEX
4087,Dekker,PT,020,StableMarking,00,FALSE,3,GEN,CEX
4088,Dekker,PT,050,StableMarking,00,FALSE,3,GEN,CEX
4089,Dekker,PT,100,StableMarking,00,FALSE,3,GEN,CEX
4090,Dekker,PT,200,StableMarking,00,FALSE,3,GEN,CEX
4091,DES,PT,00a,StableMarking,00,FALSE,3,NUPN,CEX
4092,DES,PT,00b,StableMarking,00,FALSE,3,NUPN,CEX
4093,DES,PT,01a,StableMarking,00,FALSE,3,NUPN,CEX
4094,DES,PT,01b,StableMarking,00,FALSE,3,NUPN,CEX
4095,DES,PT,02a,StableMarking,00,FALSE,3,NUPN,CEX
4096,DES,PT,02b,StableMarking,00,FALSE,3,NUPN,CEX
4097,DES,PT,05a,StableMarking,00,FALSE,3,NUPN,CEX
4098,DES,PT,05b,StableMarking,00,FALSE,2,NUPN,CEX
4099,DES,PT,10a,StableMarking,00,FALSE,3,NUPN,CEX
4100,DES,PT,10b,StableMarking,00,FALSE,2,NUPN,CEX
4101,DES,PT,20a,StableMarking,00,FALSE,2,NUPN,CEX
4102,DES,PT,20b,StableMarking,00,FALSE,2,NUPN,CEX
4103,DES,PT,30a,StableMarking,00,FALSE,3,NUPN,CEX
4104,DES,PT,30b,StableMarking,00,FALSE,2,NUPN,CEX
4105,DES,PT,40a,StableMarking,00,FALSE,3,NUPN,CEX
4106,DES,PT,40b,StableMarking,00,FALSE,2,NUPN,CEX
4107,DES,PT,50a,StableMarking,00,FALSE,3,NUPN,CEX
4108,DES,PT,50b,StableMarking,00,FALSE,2,NUPN,CEX
4109,DES,PT,60a,StableMarking,00,FALSE,3,NUPN,CEX
4110,DES,PT,60b,StableMarking,00,FALSE,2,NUPN,CEX
4111,Diffusion2D,PT,D05N010,StableMarking,00,FALSE,3,NONE,CEX
4112,Diffusion2D,PT,D05N050,StableMarking,00,FALSE,3,NONE,CEX
4113,Diffusion2D,PT,D05N100,StableMarking,00,FALSE,3,NONE,CEX
4114,Diffusion2D,PT,D05N150,StableMarking,00,FALSE,3,NONE,CEX
4115,Diffusion2D,PT,D05N200,StableMarking,00,FALSE,3,NONE,CEX
4116,Diffusion2D,PT,D05N250,StableMarking,00,FALSE,3,NONE,CEX
4117,Diffusion2D,PT,D05N300,StableMarking,00,FALSE,3,NONE,CEX
4118,Diffusion2D,PT,D05N350,StableMarking,00,FALSE,3,NONE,CEX
4119,Diffusion2D,PT,D10N010,StableMarking,00,FALSE,3,NONE,CEX
4120,Diffusion2D,PT,D10N050,StableMarking,00,FALSE,3,NONE,CEX
4121,Diffusion2D,PT,D10N100,StableMarking,00,FALSE,3,NONE,CEX
4122,Diffusion2D,PT,D10N150,StableMarking,00,FALSE,3,NONE,CEX
4123,Diffusion2D,PT,D10N200,StableMarking,00,FALSE,3,NONE,CEX
4124,Diffusion2D,PT,D20N010,StableMarking,00,FALSE,3,NONE,CEX
4125,Diffusion2D,PT,D20N050,StableMarking,00,FALSE,3,NONE,CEX
4126,Diffusion2D,PT,D20N100,StableMarking,00,FALSE,3,NONE,CEX
4127,Diffusion2D,PT,D20N150,StableMarking,00,FALSE,3,NONE,CEX
4128,Diffusion2D,PT,D30N010,StableMarking,00,FALSE,3,NONE,CEX
4129,Diffusion2D,PT,D30N050,StableMarking,00,FALSE,3,NONE,CEX
4130,Diffusion2D,PT,D30N100,StableMarking,00,FALSE,3,NONE,CEX
4131,Diffusion2D,PT,D30N150,StableMarking,00,FALSE,3,NONE,CEX
4132,Diffusion2D,PT,D40N010,StableMarking,00,FALSE,3,NONE,CEX
4133,Diffusion2D,PT,D40N050,StableMarking,00,FALSE,3,NONE,CEX
4134,Diffusion2D,PT,D40N100,StableMarking,00,FALSE,3,NONE,CEX
4135,Diffusion2D,PT,D40N150,StableMarking,00,FALSE,3,NONE,CEX
4136,Diffusion2D,PT,D50N010,StableMarking,00,FALSE,3,NONE,CEX
4137,Diffusion2D,PT,D50N050,StableMarking,00,FALSE,3,NONE,CEX
4138,Diffusion2D,PT,D50N100,StableMarking,00,FALSE,3,NONE,CEX
4139,Diffusion2D,PT,D50N150,StableMarking,00,FALSE,3,NONE,CEX
4140,DiscoveryGPU,PT,06a,StableMarking,00,FALSE,3,NUPN,CEX
4141,DiscoveryGPU,PT,06b,StableMarking,00,FALSE,3,NUPN,CEX
4142,DiscoveryGPU,PT,07a,StableMarking,00,FALSE,3,NUPN,CEX
4143,DiscoveryGPU,PT,07b,StableMarking,00,FALSE,3,NUPN,CEX
4144,DiscoveryGPU,PT,08a,StableMarking,00,FALSE,3,NUPN,CEX
4145,DiscoveryGPU,PT,08b,StableMarking,00,FALSE,3,NUPN,CEX
4146,DiscoveryGPU,PT,09a,StableMarking,00,FALSE,3,NUPN,CEX
4147,DiscoveryGPU,PT,09b,StableMarking,00,FALSE,3,NUPN,CEX
4148,DiscoveryGPU,PT,10a,StableMarking,00,FALSE,3,NUPN,CEX
4149,DiscoveryGPU,PT,10b,StableMarking,00,FALSE,3,NUPN,CEX
4150,DiscoveryGPU,PT,11a,StableMarking,00,FALSE,3,NUPN,CEX
4151,DiscoveryGPU,PT,11b,StableMarking,00,FALSE,3,NUPN,CEX
4152,DiscoveryGPU,PT,12a,StableMarking,00,FALSE,3,NUPN,CEX
4153,DiscoveryGPU,PT,12b,StableMarking,00,FALSE,3,NUPN,CEX
4154,DiscoveryGPU,PT,13a,StableMarking,00,FALSE,3,NUPN,CEX
4155,DiscoveryGPU,PT,13b,StableMarking,00,FALSE,3,NUPN,CEX
4156,DiscoveryGPU,PT,14a,StableMarking,00,FALSE,3,NUPN,CEX
4157,DiscoveryGPU,PT,14b,StableMarking,00,FALSE,3,NUPN,CEX
4158,DiscoveryGPU,PT,15a,StableMarking,00,FALSE,3,NUPN,CEX
4159,DiscoveryGPU,PT,15b,StableMarking,00,FALSE,3,NUPN,CEX
4160,DLCflexbar,PT,2a,StableMarking,00,FALSE,3,NUPN,CEX
4161,DLCflexbar,PT,2b,StableMarking,00,FALSE,2,NUPN,CEX
4162,DLCflexbar,PT,3a,StableMarking,00,FALSE,3,NUPN,CEX
4163,DLCflexbar,PT,3b,StableMarking,00,FALSE,2,NUPN,CEX
4164,DLCflexbar,PT,4a,StableMarking,00,FALSE,3,NUPN,CEX
4165,DLCflexbar,PT,4b,StableMarking,00,FALSE,2,NUPN,CEX
4166,DLCflexbar,PT,5a,StableMarking,00,FALSE,3,NUPN,CEX
4167,DLCflexbar,PT,5b,StableMarking,00,FALSE,2,NUPN,CEX
4168,DLCflexbar,PT,6a,StableMarking,00,FALSE,3,NUPN,CEX
4169,DLCflexbar,PT,6b,StableMarking,00,FALSE,2,NUPN,CEX
4170,DLCflexbar,PT,7a,StableMarking,00,FALSE,3,NUPN,CEX
4171,DLCflexbar,PT,7b,StableMarking,00,FALSE,2,NUPN,CEX
4172,DLCflexbar,PT,8a,StableMarking,00,FALSE,3,NUPN,CEX
4173,DLCflexbar,PT,8b,StableMarking,00,FALSE,2,NUPN,CEX
4174,DLCround,PT,03a,StableMarking,00,FALSE,3,NUPN,CEX
4175,DLCround,PT,03b,StableMarking,00,FALSE,3,NUPN,CEX
4176,DLCround,PT,04a,StableMarking,00,FALSE,3,NUPN,CEX
4177,DLCround,PT,04b,StableMarking,00,FALSE,3,NUPN,CEX
4178,DLCround,PT,05a,StableMarking,00,FALSE,3,NUPN,CEX
4179,DLCround,PT,05b,StableMarking,00,FALSE,3,NUPN,CEX
4180,DLCround,PT,06a,StableMarking,00,FALSE,3,NUPN,CEX
4181,DLCround,PT,06b,StableMarking,00,FALSE,3,NUPN,CEX
4182,DLCround,PT,07a,StableMarking,00,FALSE,3,NUPN,CEX
4183,DLCround,PT,07b,StableMarking,00,FALSE,2,NUPN,CEX
4184,DLCround,PT,08a,StableMarking,00,FALSE,3,NUPN,CEX
4185,DLCround,PT,08b,StableMarking,00,FALSE,2,NUPN,CEX
4186,DLCround,PT,09a,StableMarking,00,FALSE,3,NUPN,CEX
4187,DLCround,PT,09b,StableMarking,00,FALSE,2,NUPN,CEX
4188,DLCround,PT,10a,StableMarking,00,FALSE,3,NUPN,CEX
4189,DLCround,PT,10b,StableMarking,00,FALSE,2,NUPN,CEX
4190,DLCround,PT,11a,StableMarking,00,FALSE,3,NUPN,CEX
4191,DLCround,PT,11b,StableMarking,00,FALSE,2,NUPN,CEX
4192,DLCround,PT,12a,StableMarking,00,FALSE,3,NUPN,CEX
4193,DLCround,PT,12b,StableMarking,00,FALSE,2,NUPN,CEX
4194,DLCround,PT,13a,StableMarking,00,FALSE,3,NUPN,CEX
4195,DLCround,PT,13b,StableMarking,00,FALSE,2,NUPN,CEX
4196,DLCshifumi,PT,2a,StableMarking,00,FALSE,3,NUPN,CEX
4197,DLCshifumi,PT,2b,StableMarking,00,FALSE,3,NUPN,CEX
4198,DLCshifumi,PT,3a,StableMarking,00,FALSE,3,NUPN,CEX
4199,DLCshifumi,PT,3b,StableMarking,00,FALSE,2,NUPN,CEX
4200,DLCshifumi,PT,4a,StableMarking,00,FALSE,3,NUPN,CEX
4201,DLCshifumi,PT,4b,StableMarking,00,FALSE,2,NUPN,CEX
4202,DLCshifumi,PT,5a,StableMarking,00,FALSE,3,NUPN,CEX
4203,DLCshifumi,PT,5b,StableMarking,00,FALSE,2,NUPN,CEX
4204,DLCshifumi,PT,6a,StableMarking,00,FALSE,3,NUPN,CEX
4205,DLCshifumi,PT,6b,StableMarking,00,FALSE,2,NUPN,CEX
4206,DNAwalker,PT,01track12Block1,StableMarking,00,FALSE,3,NONE,CEX
4207,DNAwalker,PT,02track12Block2,StableMarking,00,FALSE,3,NONE,CEX
4208,DNAwalker,PT,03track12BlockBoth,StableMarking,00,FALSE,3,NONE,CEX
4209,DNAwalker,PT,04track28LL,StableMarking,00,FALSE,3,NONE,CEX
4210,DNAwalker,PT,05track28LR,StableMarking,00,FALSE,3,NONE,CEX
4211,DNAwalker,PT,08ringLL,StableMarking,00,FALSE,3,NONE,CEX
4212,DNAwalker,PT,09ringLR,StableMarking,00,FALSE,3,NONE,CEX
4213,DNAwalker,PT,12ringLLLarge,StableMarking,00,FALSE,3,NONE,CEX
4214,DNAwalker,PT,14ringLRLarge,StableMarking,00,FALSE,3,NONE,CEX
4215,DNAwalker,PT,16redondantChoiceR,StableMarking,00,FALSE,3,NONE,CEX
4216,DNAwalker,PT,18lozangeBlock,StableMarking,00,FALSE,3,NONE,CEX
4217,DoubleExponent,PT,001,StableMarking,00,FALSE,3,NONE,CEX
4218,DoubleExponent,PT,002,StableMarking,00,FALSE,3,NONE,CEX
4219,DoubleExponent,PT,003,StableMarking,00,FALSE,3,NONE,CEX
4220,DoubleLock,PT,p1s1,StableMarking,00,TRUE,3,NONE,INV
4221,DoubleLock,PT,p1s2,StableMarking,00,TRUE,3,NONE,INV
4222,DoubleLock,PT,p1s3,StableMarking,00,TRUE,3,NONE,INV
4223,DoubleLock,PT,p2s1,StableMarking,00,TRUE,3,NONE,INV
4224,DoubleLock,PT,p2s2,StableMarking,00,TRUE,3,NONE,INV
4225,DoubleLock,PT,p3s1,StableMarking,00,TRUE,3,NONE,INV
4226,DoubleLock,PT,p3s2,StableMarking,00,TRUE,3,NONE,INV
4227,DoubleLock,PT,p3s3,StableMarking,00,TRUE,3,NONE,INV
4228,DrinkVendingMachine,COL,02,StableMarking,00,FALSE,3,NONE,CEX
4229,DrinkVendingMachine,COL,10,StableMarking,00,FALSE,3,NONE,CEX
4230,DrinkVendingMachine,COL,16,StableMarking,00,FALSE,2,NONE,CEX
4231,DrinkVendingMachine,PT,02,StableMarking,00,TRUE,3,NONE,INV
4232,DrinkVendingMachine,PT,10,StableMarking,00,FALSE,3,NONE,CEX
4233,Echo,PT,d02r09,StableMarking,00,FALSE,3,GEN,CEX
4234,Echo,PT,d02r11,StableMarking,00,FALSE,3,GEN,CEX
4235,Echo,PT,d02r15,StableMarking,00,FALSE,3,GEN,CEX
4236,Echo,PT,d02r19,StableMarking,00,FALSE,2,GEN,CEX
4237,Echo,PT,d03r03,StableMarking,00,FALSE,3,GEN,CEX
4238,Echo,PT,d03r05,StableMarking,00,FALSE,3,GEN,CEX
4239,Echo,PT,d03r07,StableMarking,00,FALSE,2,GEN,CEX
4240,Echo,PT,d04r03,StableMarking,00,FALSE,3,GEN,CEX
4241,Echo,PT,d05r03,StableMarking,00,FALSE,2,GEN,CEX
4242,EGFr,PT,02010,StableMarking,00,FALSE,3,GEN,CEX
4243,EGFr,PT,10420,StableMarking,00,TRUE,3,GEN,INV
4244,EGFr,PT,10421,StableMarking,00,TRUE,3,NONE,INV
4245,EisenbergMcGuire,PT,03,StableMarking,00,FALSE,3,NUPN,CEX
4246,EisenbergMcGuire,PT,04,StableMarking,00,FALSE,3,NUPN,CEX
4247,EisenbergMcGuire,PT,05,StableMarking,00,FALSE,2,NUPN,CEX
4248,EisenbergMcGuire,PT,06,StableMarking,00,FALSE,2,NUPN,CEX
4249,Election2020,PT,none,StableMarking,00,FALSE,3,NONE,CEX
4250,EnergyBus,PT,none,StableMarking,00,TRUE,3,NUPN,INV
4251,Eratosthenes,PT,010,StableMarking,00,TRUE,3,NONE,INV
4252,Eratosthenes,PT,020,StableMarking,00,TRUE,3,NONE,INV
4253,Eratosthenes,PT,050,StableMarking,00,TRUE,3,NONE,INV
4254,Eratosthenes,PT,100,StableMarking,00,TRUE,3,NONE,INV
4255,Eratosthenes,PT,200,StableMarking,00,TRUE,3,NONE,INV
4256,Eratosthenes,PT,500,StableMarking,00,TRUE,3,NONE,INV
4257,ERK,PT,000001,StableMarking,00,FALSE,3,GEN,CEX
4258,ERK,PT,000010,StableMarking,00,FALSE,3,NONE,CEX
4259,ERK,PT,000100,StableMarking,00,FALSE,3,NONE,CEX
4260,ERK,PT,001000,StableMarking,00,FALSE,3,NONE,CEX
4261,ERK,PT,010000,StableMarking,00,FALSE,3,NONE,CEX
4262,ERK,PT,100000,StableMarking,00,FALSE,3,NONE,CEX
4263,ErlangenMainframeV0,PT,0404,StableMarking,00,FALSE,3,NONE,CEX
4264,ErlangenMainframeV0,PT,0505,StableMarking,00,FALSE,3,NONE,CEX
4265,ErlangenMainframeV0,PT,0606,StableMarking,00,FALSE,3,NONE,CEX
4266,ErlangenMainframeV0,PT,0707,StableMarking,00,FALSE,3,NONE,CEX
4267,ErlangenMainframeV0,PT,0808,StableMarking,00,FALSE,3,NONE,CEX
4268,ErlangenMainframeV0,PT,0909,StableMarking,00,FALSE,3,NONE,CEX
4269,ErlangenMainframeV0,PT,1005,StableMarking,00,FALSE,3,NONE,CEX
4270,ErlangenMainframeV0,PT,1006,StableMarking,00,FALSE,3,NONE,CEX
4271,ErlangenMainframeV0,PT,1007,StableMarking,00,FALSE,3,NONE,CEX
4272,ErlangenMainframeV0,PT,1008,StableMarking,00,FALSE,3,NONE,CEX
4273,ErlangenMainframeV0,PT,1104,StableMarking,00,FALSE,3,NONE,CEX
4274,ErlangenMainframeV0,PT,1105,StableMarking,00,FALSE,3,NONE,CEX
4275,ErlangenMainframeV0,PT,1106,StableMarking,00,FALSE,3,NONE,CEX
4276,ErlangenMainframeV0,PT,1201,StableMarking,00,FALSE,3,NONE,CEX
4277,ErlangenMainframeV0,PT,1202,StableMarking,00,FALSE,3,NONE,CEX
4278,ErlangenMainframeV0,PT,1203,StableMarking,00,FALSE,3,NONE,CEX
4279,ErlangenMainframeV0,PT,1204,StableMarking,00,FALSE,2,NONE,CEX
4280,ErlangenMainframeV0,PT,1301,StableMarking,00,FALSE,3,NONE,CEX
4281,ErlangenMainframeV0,PT,1302,StableMarking,00,FALSE,2,NONE,CEX
4282,ErlangenMainframeV0,PT,1400,StableMarking,00,TRUE,3,NONE,INV
4283,FamilyReunion,COL,L00010M0001C001P001G001,StableMarking,00,TRUE,3,NONE,INV
4284,FamilyReunion,COL,L00020M0002C001P001G001,StableMarking,00,TRUE,3,NONE,INV
4285,FamilyReunion,COL,L00050M0005C002P002G001,StableMarking,00,TRUE,3,NONE,INV
4286,FamilyReunion,COL,L00100M0010C005P005G002,StableMarking,00,TRUE,3,NONE,INV
4287,FamilyReunion,COL,L00200M0020C010P010G005,StableMarking,00,TRUE,3,NONE,INV
4288,FamilyReunion,COL,L00400M0040C020P020G001,StableMarking,00,TRUE,2,NONE,INV
4289,FamilyReunion,COL,L00800M0080C040P040G020,StableMarking,00,TRUE,2,NONE,INV
4290,FamilyReunion,COL,L01200M0120C060P060G030,StableMarking,00,TRUE,2,NONE,INV
4291,FamilyReunion,COL,L03000M0300G150P150G075,StableMarking,00,TRUE,2,NONE,INV
4292,FamilyReunion,COL,L05000M0500C250P250G125,StableMarking,00,TRUE,2,NONE,INV
4293,FamilyReunion,COL,L08000M0800C400P400G200,StableMarking,00,TRUE,2,NONE,INV
4294,FamilyReunion,COL,L12000M1200C600P600G300,StableMarking,00,TRUE,2,NONE,INV
4295,FamilyReunion,PT,L00010M0001C001P001G001,StableMarking,00,TRUE,3,NONE,INV
4296,FamilyReunion,PT,L00020M0002C001P001G001,StableMarking,00,TRUE,3,NONE,INV
4297,FamilyReunion,PT,L00050M0005C002P002G001,StableMarking,00,TRUE,3,NONE,INV
4298,FamilyReunion,PT,L00100M0010C005P005G002,StableMarking,00,TRUE,3,NONE,INV
4299,FamilyReunion,PT,L00200M0020C010P010G005,StableMarking,00,TRUE,2,NONE,INV
4300,FamilyReunion,PT,L00400M0040C020P020G001,StableMarking,00,TRUE,2,NONE,INV
4301,FireWire,PT,01,StableMarking,00,FALSE,3,NONE,CEX
4302,FireWire,PT,02,StableMarking,00,FALSE,3,NONE,CEX
4303,FireWire,PT,03,StableMarking,00,FALSE,3,NONE,CEX
4304,FireWire,PT,04,StableMarking,00,FALSE,3,NONE,CEX
4305,FireWire,PT,05,StableMarking,00,FALSE,3,NONE,CEX
4306,FireWire,PT,06,StableMarking,00,FALSE,3,NONE,CEX
4307,FireWire,PT,07,StableMarking,00,FALSE,3,NONE,CEX
4308,FireWire,PT,08,StableMarking,00,FALSE,3,NONE,CEX
4309,FireWire,PT,09,StableMarking,00,FALSE,3,NONE,CEX
4310,FireWire,PT,10,StableMarking,00,FALSE,3,NONE,CEX
4311,FireWire,PT,11,StableMarking,00,FALSE,3,NONE,CEX
4312,FireWire,PT,12,StableMarking,00,FALSE,3,NONE,CEX
4313,FireWire,PT,13,StableMarking,00,FALSE,3,NONE,CEX
4314,FireWire,PT,14,StableMarking,00,FALSE,3,NONE,CEX
4315,FireWire,PT,15,StableMarking,00,FALSE,3,NONE,CEX
4316,FireWire,PT,16,StableMarking,00,FALSE,3,NONE,CEX
4317,FireWire,PT,17,StableMarking,00,FALSE,2,NONE,CEX
4318,FireWire,PT,18,StableMarking,00,FALSE,2,NONE,CEX
4319,FireWire,PT,19,StableMarking,00,FALSE,2,NONE,CEX
4320,FlexibleBarrier,PT,04a,StableMarking,00,FALSE,3,NUPN,CEX
4321,FlexibleBarrier,PT,04b,StableMarking,00,FALSE,3,NUPN,CEX
4322,FlexibleBarrier,PT,06a,StableMarking,00,FALSE,3,NUPN,CEX
4323,FlexibleBarrier,PT,06b,StableMarking,00,FALSE,2,NUPN,CEX
4324,FlexibleBarrier,PT,08a,StableMarking,00,FALSE,3,NUPN,CEX
4325,FlexibleBarrier,PT,08b,StableMarking,00,FALSE,2,NUPN,CEX
4326,FlexibleBarrier,PT,10a,StableMarking,00,FALSE,3,NUPN,CEX
4327,FlexibleBarrier,PT,10b,StableMarking,00,FALSE,2,NUPN,CEX
4328,FlexibleBarrier,PT,12a,StableMarking,00,FALSE,3,NUPN,CEX
4329,FlexibleBarrier,PT,12b,StableMarking,00,FALSE,2,NUPN,CEX
4330,FlexibleBarrier,PT,14a,StableMarking,00,FALSE,3,NUPN,CEX
4331,FlexibleBarrier,PT,14b,StableMarking,00,FALSE,2,NUPN,CEX
4332,FlexibleBarrier,PT,16a,StableMarking,00,FALSE,3,NUPN,CEX
4333,FlexibleBarrier,PT,16b,StableMarking,00,FALSE,2,NUPN,CEX
4334,FlexibleBarrier,PT,18a,StableMarking,00,FALSE,3,NUPN,CEX
4335,FlexibleBarrier,PT,18b,StableMarking,00,FALSE,2,NUPN,CEX
4336,FlexibleBarrier,PT,20a,StableMarking,00,FALSE,3,NUPN,CEX
4337,FlexibleBarrier,PT,20b,StableMarking,00,FALSE,2,NUPN,CEX
4338,FlexibleBarrier,PT,22a,StableMarking,00,FALSE,3,NUPN,CEX
4339,FlexibleBarrier,PT,22b,StableMarking,00,FALSE,2,NUPN,CEX
4340,FMS,PT,00002,StableMarking,00,FALSE,3,NONE,CEX
4341,FMS,PT,00005,StableMarking,00,FALSE,3,NONE,CEX
4342,FMS,PT,00010,StableMarking,00,FALSE,3,NONE,CEX
4343,FMS,PT,00020,StableMarking,00,FALSE,3,NONE,CEX
4344,FMS,PT,00050,StableMarking,00,FALSE,3,NONE,CEX
4345,FMS,PT,00100,StableMarking,00,FALSE,3,NONE,CEX
4346,FMS,PT,00200,StableMarking,00,FALSE,3,NONE,CEX
4347,FMS,PT,00500,StableMarking,00,FALSE,3,NONE,CEX
4348,FMS,PT,01000,StableMarking,00,FALSE,3,NONE,CEX
4349,FMS,PT,02000,StableMarking,00,FALSE,3,NONE,CEX
4350,FMS,PT,05000,StableMarking,00,FALSE,3,NONE,CEX
4351,FMS,PT,10000,StableMarking,00,FALSE,3,NONE,CEX
4352,FMS,PT,20000,StableMarking,00,FALSE,3,NONE,CEX
4353,FMS,PT,50000,StableMarking,00,FALSE,3,NONE,CEX
4354,FunctionPointer,PT,a002,StableMarking,00,TRUE,3,NONE,INV
4355,FunctionPointer,PT,a004,StableMarking,00,TRUE,3,NONE,INV
4356,FunctionPointer,PT,a008,StableMarking,00,TRUE,3,NONE,INV
4357,FunctionPointer,PT,a016,StableMarking,00,TRUE,3,NONE,INV
4358,FunctionPointer,PT,a032,StableMarking,00,TRUE,3,NONE,INV
4359,FunctionPointer,PT,a064,StableMarking,00,TRUE,3,NONE,INV
4360,FunctionPointer,PT,a128,StableMarking,00,TRUE,3,NONE,INV
4361,FunctionPointer,PT,b002,StableMarking,00,TRUE,3,NONE,INV
4362,FunctionPointer,PT,b004,StableMarking,00,TRUE,3,NONE,INV
4363,FunctionPointer,PT,b008,StableMarking,00,TRUE,3,NONE,INV
4364,FunctionPointer,PT,b016,StableMarking,00,TRUE,3,NONE,INV
4365,FunctionPointer,PT,b032,StableMarking,00,TRUE,3,NONE,INV
4366,FunctionPointer,PT,b064,StableMarking,00,TRUE,3,NONE,INV
4367,FunctionPointer,PT,b128,StableMarking,00,TRUE,3,NONE,INV
4368,FunctionPointer,PT,c002,StableMarking,00,TRUE,3,NONE,INV
4369,FunctionPointer,PT,c004,StableMarking,00,TRUE,3,NONE,INV
4370,FunctionPointer,PT,c008,StableMarking,00,TRUE,3,NONE,INV
4371,FunctionPointer,PT,c016,StableMarking,00,TRUE,3,NONE,INV
4372,FunctionPointer,PT,c032,StableMarking,00,TRUE,3,NONE,INV
4373,FunctionPointer,PT,c064,StableMarking,00,TRUE,3,NONE,INV
4374,FunctionPointer,PT,c128,StableMarking,00,TRUE,3,NONE,INV
4375,GlobalResAllocation,COL,03,StableMarking,00,FALSE,3,NONE,CEX
4376,GlobalResAllocation,COL,05,StableMarking,00,FALSE,3,NONE,CEX
4377,GlobalResAllocation,COL,06,StableMarking,00,FALSE,3,NONE,CEX
4378,GlobalResAllocation,COL,07,StableMarking,00,FALSE,3,NONE,CEX
4379,GlobalResAllocation,COL,09,StableMarking,00,FALSE,3,NONE,CEX
4380,GlobalResAllocation,COL,10,StableMarking,00,FALSE,3,NONE,CEX
4381,GlobalResAllocation,COL,11,StableMarking,00,FALSE,3,NONE,CEX
4382,GlobalResAllocation,PT,03,StableMarking,00,FALSE,3,NONE,CEX
4383,GlobalResAllocation,PT,05,StableMarking,00,FALSE,3,NONE,CEX
4384,GPPP,PT,C0001N0000000001,StableMarking,00,FALSE,3,NONE,CEX
4385,GPPP,PT,C0001N0000000010,StableMarking,00,FALSE,3,NONE,CEX
4386,GPPP,PT,C0001N0000000100,StableMarking,00,FALSE,3,NONE,CEX
4387,GPPP,PT,C0001N0000001000,StableMarking,00,FALSE,3,NONE,CEX
4388,GPPP,PT,C0001N0000010000,StableMarking,00,FALSE,3,NONE,CEX
4389,GPPP,PT,C0001N0000100000,StableMarking,00,FALSE,3,NONE,CEX
4390,GPPP,PT,C0010N0000000010,StableMarking,00,FALSE,3,NONE,CEX
4391,GPPP,PT,C0010N0000000100,StableMarking,00,FALSE,3,NONE,CEX
4392,GPPP,PT,C0100N0000000010,StableMarking,00,FALSE,3,NONE,CEX
4393,GPPP,PT,C0100N0000000100,StableMarking,00,FALSE,3,NONE,CEX
4394,GPPP,PT,C0100N0000001000,StableMarking,00,FALSE,3,NONE,CEX
4395,GPPP,PT,C0100N0000010000,StableMarking,00,FALSE,3,NONE,CEX
4396,GPPP,PT,C0100N0000100000,StableMarking,00,FALSE,3,NONE,CEX
4397,GPPP,PT,C1000N0000000010,StableMarking,00,FALSE,3,NONE,CEX
4398,GPPP,PT,C1000N0000000100,StableMarking,00,FALSE,3,NONE,CEX
4399,GPPP,PT,C1000N0000001000,StableMarking,00,FALSE,3,NONE,CEX
4400,GPUForwardProgress,PT,04a,StableMarking,00,FALSE,3,NUPN,CEX
4401,GPUForwardProgress,PT,04b,StableMarking,00,FALSE,3,NUPN,CEX
4402,GPUForwardProgress,PT,08a,StableMarking,00,FALSE,3,NUPN,CEX
4403,GPUForwardProgress,PT,08b,StableMarking,00,FALSE,3,NUPN,CEX
4404,GPUForwardProgress,PT,12a,StableMarking,00,FALSE,3,NUPN,CEX
4405,GPUForwardProgress,PT,12b,StableMarking,00,FALSE,3,NUPN,CEX
4406,GPUForwardProgress,PT,16a,StableMarking,00,FALSE,3,NUPN,CEX
4407,GPUForwardProgress,PT,16b,StableMarking,00,FALSE,3,NUPN,CEX
4408,GPUForwardProgress,PT,20a,StableMarking,00,FALSE,3,NUPN,CEX
4409,GPUForwardProgress,PT,20b,StableMarking,00,FALSE,3,NUPN,CEX
4410,GPUForwardProgress,PT,24a,StableMarking,00,FALSE,3,NUPN,CEX
4411,GPUForwardProgress,PT,24b,StableMarking,00,FALSE,2,NUPN,CEX
4412,GPUForwardProgress,PT,28a,StableMarking,00,FALSE,3,NUPN,CEX
4413,GPUForwardProgress,PT,28b,StableMarking,00,FALSE,2,NUPN,CEX
4414,GPUForwardProgress,PT,32a,StableMarking,00,FALSE,3,NUPN,CEX
4415,GPUForwardProgress,PT,32b,StableMarking,00,FALSE,2,NUPN,CEX
4416,GPUForwardProgress,PT,36a,StableMarking,00,FALSE,3,NUPN,CEX
4417,GPUForwardProgress,PT,36b,StableMarking,00,FALSE,2,NUPN,CEX
4418,GPUForwardProgress,PT,40a,StableMarking,00,FALSE,3,NUPN,CEX
4419,GPUForwardProgress,PT,40b,StableMarking,00,FALSE,2,NUPN,CEX
4420,HealthRecord,PT,01,StableMarking,00,FALSE,3,NUPN,CEX
4421,HealthRecord,PT,02,StableMarking,00,FALSE,3,NUPN,CEX
4422,HealthRecord,PT,03,StableMarking,00,FALSE,3,NUPN,CEX
4423,HealthRecord,PT,04,StableMarking,00,FALSE,3,NUPN,CEX
4424,HealthRecord,PT,05,StableMarking,00,FALSE,3,NUPN,CEX
4425,HealthRecord,PT,06,StableMarking,00,FALSE,3,NUPN,CEX
4426,HealthRecord,PT,07,StableMarking,00,FALSE,3,NUPN,CEX
4427,HealthRecord,PT,08,StableMarking,00,FALSE,3,NUPN,CEX
4428,HealthRecord,PT,09,StableMarking,00,FALSE,3,NUPN,CEX
4429,HealthRecord,PT,10,StableMarking,00,FALSE,3,NUPN,CEX
4430,HealthRecord,PT,11,StableMarking,00,FALSE,3,NUPN,CEX
4431,HealthRecord,PT,12,StableMarking,00,FALSE,3,NUPN,CEX
4432,HealthRecord,PT,13,StableMarking,00,FALSE,3,NUPN,CEX
4433,HealthRecord,PT,14,StableMarking,00,FALSE,3,NUPN,CEX
4434,HealthRecord,PT,15,StableMarking,00,FALSE,3,NUPN,CEX
4435,HealthRecord,PT,16,StableMarking,00,FALSE,2,NUPN,CEX
4436,HealthRecord,PT,17,StableMarking,00,FALSE,2,NUPN,CEX
4437,HexagonalGrid,PT,110,StableMarking,00,FALSE,3,NONE,CEX
4438,HexagonalGrid,PT,126,StableMarking,00,FALSE,3,NONE,CEX
4439,HexagonalGrid,PT,226,StableMarking,00,FALSE,3,NONE,CEX
4440,HexagonalGrid,PT,316,StableMarking,00,FALSE,3,NONE,CEX
4441,HexagonalGrid,PT,410,StableMarking,00,FALSE,3,NONE,CEX
4442,HexagonalGrid,PT,516,StableMarking,00,FALSE,3,NONE,CEX
4443,HexagonalGrid,PT,816,StableMarking,00,FALSE,3,NONE,CEX
4444,HirschbergSinclair,PT,05,StableMarking,00,FALSE,3,NONE,CEX
4445,HirschbergSinclair,PT,10,StableMarking,00,FALSE,3,NONE,CEX
4446,HirschbergSinclair,PT,15,StableMarking,00,FALSE,3,NONE,CEX
4447,HirschbergSinclair,PT,20,StableMarking,00,FALSE,3,NONE,CEX
4448,HirschbergSinclair,PT,25,StableMarking,00,FALSE,3,NONE,CEX
4449,HirschbergSinclair,PT,30,StableMarking,00,FALSE,3,NONE,CEX
4450,HirschbergSinclair,PT,35,StableMarking,00,FALSE,3,NONE,CEX
4451,HirschbergSinclair,PT,40,StableMarking,00,FALSE,3,NONE,CEX
4452,HirschbergSinclair,PT,45,StableMarking,00,FALSE,3,NONE,CEX
4453,HirschbergSinclair,PT,50,StableMarking,00,FALSE,3,NONE,CEX
4454,HospitalTriage,PT,none,StableMarking,00,TRUE,3,NONE,INV
4455,HouseConstruction,PT,00002,StableMarking,00,FALSE,3,NONE,CEX
4456,HouseConstruction,PT,00005,StableMarking,00,FALSE,3,NONE,CEX
4457,HouseConstruction,PT,00010,StableMarking,00,FALSE,3,NONE,CEX
4458,HouseConstruction,PT,00020,StableMarking,00,FALSE,3,NONE,CEX
4459,HouseConstruction,PT,00050,StableMarking,00,FALSE,3,NONE,CEX
4460,HouseConstruction,PT,00100,StableMarking,00,FALSE,3,NONE,CEX
4461,HouseConstruction,PT,00200,StableMarking,00,FALSE,3,NONE,CEX
4462,HouseConstruction,PT,00500,StableMarking,00,FALSE,3,NONE,CEX
4463,HouseConstruction,PT,01000,StableMarking,00,FALSE,3,NONE,CEX
4464,HouseConstruction,PT,02000,StableMarking,00,FALSE,3,NONE,CEX
4465,HouseConstruction,PT,04000,StableMarking,00,FALSE,3,NONE,CEX
4466,HouseConstruction,PT,08000,StableMarking,00,FALSE,3,NONE,CEX
4467,HouseConstruction,PT,16000,StableMarking,00,FALSE,3,NONE,CEX
4468,HouseConstruction,PT,32000,StableMarking,00,FALSE,3,NONE,CEX
4469,HypercubeGrid,PT,C3K4P4B12,StableMarking,00,FALSE,3,NONE,CEX
4470,HypercubeGrid,PT,C4K3P3B12,StableMarking,00,FALSE,3,NONE,CEX
4471,HypercubeGrid,PT,C5K3P3B15,StableMarking,00,FALSE,3,NONE,CEX
4472,HypertorusGrid,PT,d2k1p8b00,StableMarking,00,FALSE,3,NONE,CEX
4473,HypertorusGrid,PT,d2k2p1b00,StableMarking,00,FALSE,3,NONE,CEX
4474,HypertorusGrid,PT,d2k3p2b04,StableMarking,00,FALSE,3,NONE,CEX
4475,HypertorusGrid,PT,d3k3p2b06,StableMarking,00,FALSE,3,NONE,CEX
4476,HypertorusGrid,PT,d4k3p2b08,StableMarking,00,FALSE,3,NONE,CEX
4477,HypertorusGrid,PT,d5k3p2b10,StableMarking,00,FALSE,3,NONE,CEX
4478,IBM319,PT,none,StableMarking,00,TRUE,3,GEN,INV
4479,IBM5964,PT,none,StableMarking,00,TRUE,3,NONE,INV
4480,IBM703,PT,none,StableMarking,00,FALSE,3,GEN,CEX
4481,IBMB2S565S3960,PT,none,StableMarking,00,FALSE,3,NONE,CEX
4482,IOTPpurchase,PT,C01M01P01D01,StableMarking,00,FALSE,3,GEN,CEX
4483,IOTPpurchase,PT,C03M03P03D03,StableMarking,00,FALSE,3,NONE,CEX
4484,IOTPpurchase,PT,C05M04P03D02,StableMarking,00,FALSE,3,NONE,CEX
4485,IOTPpurchase,PT,C12M10P15D17,StableMarking,00,FALSE,3,NONE,CEX
4486,JoinFreeModules,PT,0003,StableMarking,00,TRUE,3,NONE,INV
4487,JoinFreeModules,PT,0004,StableMarking,00,TRUE,3,NONE,INV
4488,JoinFreeModules,PT,0005,StableMarking,00,TRUE,3,NONE,INV
4489,JoinFreeModules,PT,0010,StableMarking,00,TRUE,3,NONE,INV
4490,JoinFreeModules,PT,0020,StableMarking,00,TRUE,3,NONE,INV
4491,JoinFreeModules,PT,0050,StableMarking,00,TRUE,3,NONE,INV
4492,JoinFreeModules,PT,0100,StableMarking,00,TRUE,3,NONE,INV
4493,JoinFreeModules,PT,0200,StableMarking,00,TRUE,3,NONE,INV
4494,JoinFreeModules,PT,0500,StableMarking,00,TRUE,3,NONE,INV
4495,JoinFreeModules,PT,1000,StableMarking,00,TRUE,3,NONE,INV
4496,JoinFreeModules,PT,2000,StableMarking,00,TRUE,3,NONE,INV
4497,JoinFreeModules,PT,5000,StableMarking,00,TRUE,3,NONE,INV
4498,Kanban,PT,00005,StableMarking,00,FALSE,3,NONE,CEX
4499,Kanban,PT,00010,StableMarking,00,FALSE,3,NONE,CEX
4500,Kanban,PT,00020,StableMarking,00,FALSE,3,NONE,CEX
4501,Kanban,PT,00050,StableMarking,00,FALSE,3,NONE,CEX
4502,Kanban,PT,00100,StableMarking,00,FALSE,3,NONE,CEX
4503,Kanban,PT,00200,StableMarking,00,FALSE,3,NONE,CEX
4504,Kanban,PT,00500,StableMarking,00,FALSE,3,NONE,CEX
4505,Kanban,PT,01000,StableMarking,00,FALSE,3,NONE,CEX
4506,Kanban,PT,02000,StableMarking,00,FALSE,3,NONE,CEX
4507,Kanban,PT,05000,StableMarking,00,FALSE,3,NONE,CEX
4508,Kanban,PT,10000,StableMarking,00,FALSE,3,NONE,CEX
4509,Kanban,PT,20000,StableMarking,00,FALSE,3,NONE,CEX
4510,Kanban,PT,50000,StableMarking,00,FALSE,3,NONE,CEX
4511,LamportFastMutEx,COL,2,StableMarking,00,TRUE,3,NONE,INV
4512,LamportFastMutEx,COL,3,StableMarking,00,TRUE,3,NONE,INV
4513,LamportFastMutEx,COL,4,StableMarking,00,TRUE,3,NONE,INV
4514,LamportFastMutEx,COL,5,StableMarking,00,TRUE,3,NONE,INV
4515,LamportFastMutEx,COL,6,StableMarking,00,TRUE,3,NONE,INV
4516,LamportFastMutEx,COL,7,StableMarking,00,TRUE,3,NONE,INV
4517,LamportFastMutEx,COL,8,StableMarking,00,TRUE,3,NONE,INV
4518,LamportFastMutEx,PT,2,StableMarking,00,TRUE,3,GEN,INV
4519,LamportFastMutEx,PT,3,StableMarking,00,TRUE,3,GEN,INV
4520,LamportFastMutEx,PT,4,StableMarking,00,TRUE,3,GEN,INV
4521,LamportFastMutEx,PT,5,StableMarking,00,TRUE,3,GEN,INV
4522,LamportFastMutEx,PT,6,StableMarking,00,TRUE,3,GEN,INV
4523,LamportFastMutEx,PT,7,StableMarking,00,TRUE,3,GEN,INV
4524,LamportFastMutEx,PT,8,StableMarking,00,TRUE,3,GEN,INV
4525,LeafsetExtension,PT,S08C2,StableMarking,00,FALSE,3,NONE,CEX
4526,LeafsetExtension,PT,S08C3,StableMarking,00,FALSE,3,NONE,CEX
4527,LeafsetExtension,PT,S08C4,StableMarking,00,FALSE,3,NONE,CEX
4528,LeafsetExtension,PT,S16C2,StableMarking,00,FALSE,3,NONE,CEX
4529,LeafsetExtension,PT,S16C3,StableMarking,00,FALSE,3,NONE,CEX
4530,LeafsetExtension,PT,S16C4,StableMarking,00,FALSE,3,NONE,CEX
4531,LeafsetExtension,PT,S32C2,StableMarking,00,FALSE,3,NONE,CEX
4532,LeafsetExtension,PT,S32C3,StableMarking,00,FALSE,2,NONE,CEX
4533,LeafsetExtension,PT,S32C4,StableMarking,00,FALSE,2,NONE,CEX
4534,LeafsetExtension,PT,S64C2,StableMarking,00,FALSE,2,NONE,CEX
4535,LeafsetExtension,PT,S64C3,StableMarking,00,FALSE,2,NONE,CEX
4536,LeafsetExtension,PT,S64C4,StableMarking,00,FALSE,2,NONE,CEX
4537,MAPK,PT,00008,StableMarking,00,FALSE,3,NONE,CEX
4538,MAPK,PT,00020,StableMarking,00,FALSE,3,NONE,CEX
4539,MAPK,PT,00040,StableMarking,00,FALSE,3,NONE,CEX
4540,MAPK,PT,00080,StableMarking,00,FALSE,3,NONE,CEX
4541,MAPK,PT,00160,StableMarking,00,FALSE,3,NONE,CEX
4542,MAPK,PT,00320,StableMarking,00,FALSE,3,NONE,CEX
4543,MAPK,PT,00640,StableMarking,00,FALSE,3,NONE,CEX
4544,MAPK,PT,01280,StableMarking,00,FALSE,3,NONE,CEX
4545,MAPK,PT,02560,StableMarking,00,FALSE,3,NONE,CEX
4546,MAPK,PT,05120,StableMarking,00,FALSE,3,NONE,CEX
4547,MAPK,PT,10240,StableMarking,00,FALSE,3,NONE,CEX
4548,MAPKbis,PT,5310,StableMarking,00,TRUE,3,GEN,INV
4549,MAPKbis,PT,5320,StableMarking,00,TRUE,3,GEN,INV
4550,Medical,PT,02,StableMarking,00,TRUE,3,NONE,INV
4551,Medical,PT,04,StableMarking,00,TRUE,3,NONE,INV
4552,Medical,PT,06,StableMarking,00,TRUE,3,NONE,INV
4553,Medical,PT,08,StableMarking,00,TRUE,3,NONE,INV
4554,Medical,PT,10,StableMarking,00,TRUE,3,NONE,INV
4555,Medical,PT,12,StableMarking,00,TRUE,3,NONE,INV
4556,Medical,PT,14,StableMarking,00,TRUE,3,NONE,INV
4557,Medical,PT,16,StableMarking,00,TRUE,3,NONE,INV
4558,Medical,PT,18,StableMarking,00,TRUE,3,NONE,INV
4559,Medical,PT,20,StableMarking,00,TRUE,3,NONE,INV
4560,Medical,PT,22,StableMarking,00,TRUE,3,NONE,INV
4561,Medical,PT,24,StableMarking,00,TRUE,3,NONE,INV
4562,MedleyA,PT,01,StableMarking,00,FALSE,3,NONE,CEX
4563,MedleyA,PT,02,StableMarking,00,FALSE,3,NONE,CEX
4564,MedleyA,PT,03,StableMarking,00,FALSE,3,NONE,CEX
4565,MedleyA,PT,04,StableMarking,00,FALSE,3,NONE,CEX
4566,MedleyA,PT,05,StableMarking,00,FALSE,3,NONE,CEX
4567,MedleyA,PT,06,StableMarking,00,FALSE,3,NONE,CEX
4568,MedleyA,PT,07,StableMarking,00,TRUE,3,NONE,INV
4569,MedleyA,PT,08,StableMarking,00,FALSE,3,NONE,CEX
4570,MedleyA,PT,09,StableMarking,00,TRUE,3,NONE,INV
4571,MedleyA,PT,10,StableMarking,00,FALSE,3,NONE,CEX
4572,MedleyA,PT,11,StableMarking,00,FALSE,3,NONE,CEX
4573,MedleyA,PT,12,StableMarking,00,FALSE,3,NONE,CEX
4574,MedleyA,PT,13,StableMarking,00,FALSE,3,NONE,CEX
4575,MedleyA,PT,14,StableMarking,00,TRUE,3,NONE,INV
4576,MedleyA,PT,15,StableMarking,00,FALSE,3,NONE,CEX
4577,MedleyA,PT,16,StableMarking,00,FALSE,3,NONE,CEX
4578,MedleyA,PT,17,StableMarking,00,FALSE,3,NONE,CEX
4579,MedleyA,PT,18,StableMarking,00,FALSE,3,NONE,CEX
4580,MedleyA,PT,19,StableMarking,00,TRUE,3,NONE,INV
4581,MedleyA,PT,20,StableMarking,00,FALSE,3,NONE,CEX
4582,MedleyA,PT,21,StableMarking,00,FALSE,3,NONE,CEX
4583,MedleyA,PT,22,StableMarking,00,FALSE,3,NONE,CEX
4584,MedleyA,PT,23,StableMarking,00,FALSE,3,NONE,CEX
4585,MedleyB,PT,B01,StableMarking,00,FALSE,3,NONE,CEX
4586,MedleyB,PT,B02,StableMarking,00,FALSE,2,NONE,CEX
4587,MedleyB,PT,B03,StableMarking,00,FALSE,2,NONE,CEX
4588,MedleyB,PT,B04,StableMarking,00,FALSE,2,NONE,CEX
4589,MedleyB,PT,B05,StableMarking,00,FALSE,2,NONE,CEX
4590,MedleyB,PT,B06,StableMarking,00,FALSE,2,NONE,CEX
4591,MedleyB,PT,B07,StableMarking,00,FALSE,2,NONE,CEX
4592,MedleyB,PT,B08,StableMarking,00,FALSE,2,NONE,CEX
4593,MedleyB,PT,B09,StableMarking,00,FALSE,2,NONE,CEX
4594,MedleyB,PT,B10,StableMarking,00,FALSE,2,NONE,CEX
4595,MedleyB,PT,B11,StableMarking,00,FALSE,2,NONE,CEX
4596,MedleyB,PT,B13,StableMarking,00,FALSE,2,NONE,CEX
4597,MultiCrashLeafsetExtension,PT,S16C02,StableMarking,00,TRUE,3,NONE,INV
4598,MultiCrashLeafsetExtension,PT,S16C03,StableMarking,00,TRUE,3,NONE,INV
4599,MultiCrashLeafsetExtension,PT,S16C05,StableMarking,00,TRUE,2,NONE,INV
4600,MultiCrashLeafsetExtension,PT,S24C02,StableMarking,00,TRUE,3,NONE,INV
4601,MultiwaySync,PT,none,StableMarking,00,FALSE,2,NUPN,CEX
4602,Murphy,COL,D1N010,StableMarking,00,FALSE,3,NONE,CEX
4603,Murphy,COL,D2N050,StableMarking,00,FALSE,3,NONE,CEX
4604,Murphy,COL,D2N100,StableMarking,00,FALSE,3,NONE,CEX
4605,Murphy,COL,D3N050,StableMarking,00,FALSE,3,NONE,CEX
4606,Murphy,COL,D4N025,StableMarking,00,FALSE,3,NONE,CEX
4607,Murphy,COL,D4N050,StableMarking,00,FALSE,3,NONE,CEX
4608,Murphy,PT,D1N010,StableMarking,00,FALSE,3,NONE,CEX
4609,Murphy,PT,D2N050,StableMarking,00,FALSE,3,NONE,CEX
4610,Murphy,PT,D2N100,StableMarking,00,FALSE,3,NONE,CEX
4611,Murphy,PT,D3N050,StableMarking,00,FALSE,3,NONE,CEX
4612,Murphy,PT,D4N025,StableMarking,00,FALSE,3,NONE,CEX
4613,Murphy,PT,D4N050,StableMarking,00,FALSE,3,NONE,CEX
4614,NeighborGrid,PT,d2n3m1c12,StableMarking,00,FALSE,3,NONE,CEX
4615,NeighborGrid,PT,d2n3m1t12,StableMarking,00,FALSE,3,NONE,CEX
4616,NeighborGrid,PT,d3n3m1t11,StableMarking,00,FALSE,3,NONE,CEX
4617,NeighborGrid,PT,d4n3m2c23,StableMarking,00,FALSE,3,NONE,CEX
4618,NeighborGrid,PT,d5n4m1t35,StableMarking,00,FALSE,3,NONE,CEX
4619,NeoElection,COL,2,StableMarking,00,TRUE,3,NONE,INV
4620,NeoElection,COL,3,StableMarking,00,TRUE,3,NONE,INV
4621,NeoElection,COL,4,StableMarking,00,TRUE,3,NONE,INV
4622,NeoElection,COL,5,StableMarking,00,TRUE,3,NONE,INV
4623,NeoElection,COL,6,StableMarking,00,TRUE,3,NONE,INV
4624,NeoElection,COL,7,StableMarking,00,TRUE,3,NONE,INV
4625,NeoElection,COL,8,StableMarking,00,TRUE,3,NONE,INV
4626,NeoElection,PT,2,StableMarking,00,TRUE,3,GEN,INV
4627,NeoElection,PT,3,StableMarking,00,TRUE,3,GEN,INV
4628,NeoElection,PT,4,StableMarking,00,TRUE,3,GEN,INV
4629,NeoElection,PT,5,StableMarking,00,TRUE,3,GEN,INV
4630,NeoElection,PT,6,StableMarking,00,TRUE,3,GEN,INV
4631,NeoElection,PT,7,StableMarking,00,TRUE,3,GEN,INV
4632,NeoElection,PT,8,StableMarking,00,TRUE,3,GEN,INV
4633,NoC3x3,PT,1A,StableMarking,00,FALSE,3,NUPN,CEX
4634,NoC3x3,PT,1B,StableMarking,00,FALSE,2,NUPN,CEX
4635,NoC3x3,PT,2A,StableMarking,00,FALSE,3,NUPN,CEX
4636,NoC3x3,PT,2B,StableMarking,00,TRUE,3,NUPN,INV
4637,NoC3x3,PT,3A,StableMarking,00,FALSE,3,NUPN,CEX
4638,NoC3x3,PT,3B,StableMarking,00,TRUE,3,NUPN,INV
4639,NoC3x3,PT,4A,StableMarking,00,FALSE,3,NUPN,CEX
4640,NoC3x3,PT,4B,StableMarking,00,FALSE,2,NUPN,CEX
4641,NoC3x3,PT,5A,StableMarking,00,FALSE,3,NUPN,CEX
4642,NoC3x3,PT,5B,StableMarking,00,FALSE,2,NUPN,CEX
4643,NoC3x3,PT,6A,StableMarking,00,FALSE,3,NUPN,CEX
4644,NoC3x3,PT,6B,StableMarking,00,FALSE,2,NUPN,CEX
4645,NoC3x3,PT,7A,StableMarking,00,FALSE,3,NUPN,CEX
4646,NoC3x3,PT,7B,StableMarking,00,FALSE,2,NUPN,CEX
4647,NoC3x3,PT,8A,StableMarking,00,FALSE,3,NUPN,CEX
4648,NoC3x3,PT,8B,StableMarking,00,FALSE,2,NUPN,CEX
4649,NQueens,PT,05,StableMarking,00,TRUE,3,GEN,INV
4650,NQueens,PT,08,StableMarking,00,TRUE,3,GEN,INV
4651,NQueens,PT,10,StableMarking,00,TRUE,3,GEN,INV
4652,NQueens,PT,12,StableMarking,00,TRUE,3,GEN,INV
4653,NQueens,PT,15,StableMarking,00,TRUE,3,GEN,INV
4654,NQueens,PT,20,StableMarking,00,TRUE,3,GEN,INV
4655,NQueens,PT,25,StableMarking,00,TRUE,3,GEN,INV
4656,NQueens,PT,30,StableMarking,00,TRUE,3,GEN,INV
4657,PaceMaker,PT,none,StableMarking,00,FALSE,3,NONE,CEX
4658,ParamProductionCell,PT,0,StableMarking,00,FALSE,3,GEN,CEX
4659,ParamProductionCell,PT,1,StableMarking,00,TRUE,3,GEN,INV
4660,ParamProductionCell,PT,2,StableMarking,00,FALSE,3,GEN,CEX
4661,ParamProductionCell,PT,3,StableMarking,00,FALSE,3,GEN,CEX
4662,ParamProductionCell,PT,4,StableMarking,00,FALSE,3,GEN,CEX
4663,ParamProductionCell,PT,5,StableMarking,00,FALSE,3,GEN,CEX
4664,Parking,PT,104,StableMarking,00,FALSE,3,NUPN,CEX
4665,Parking,PT,208,StableMarking,00,FALSE,3,NUPN,CEX
4666,Parking,PT,416,StableMarking,00,FALSE,3,NUPN,CEX
4667,Parking,PT,432,StableMarking,00,FALSE,3,NUPN,CEX
4668,Parking,PT,832,StableMarking,00,FALSE,3,NUPN,CEX
4669,Parking,PT,864,StableMarking,00,FALSE,3,NUPN,CEX
4670,PermAdmissibility,COL,01,StableMarking,00,FALSE,3,NONE,CEX
4671,PermAdmissibility,COL,02,StableMarking,00,FALSE,3,NONE,CEX
4672,PermAdmissibility,COL,05,StableMarking,00,FALSE,3,NONE,CEX
4673,PermAdmissibility,COL,10,StableMarking,00,FALSE,3,NONE,CEX
4674,PermAdmissibility,COL,20,StableMarking,00,FALSE,3,NONE,CEX
4675,PermAdmissibility,COL,50,StableMarking,00,FALSE,3,NONE,CEX
4676,PermAdmissibility,PT,01,StableMarking,00,FALSE,3,NONE,CEX
4677,PermAdmissibility,PT,02,StableMarking,00,FALSE,3,NONE,CEX
4678,PermAdmissibility,PT,05,StableMarking,00,FALSE,3,NONE,CEX
4679,PermAdmissibility,PT,10,StableMarking,00,FALSE,3,NONE,CEX
4680,PermAdmissibility,PT,20,StableMarking,00,FALSE,3,NONE,CEX
4681,PermAdmissibility,PT,50,StableMarking,00,FALSE,3,NONE,CEX
4682,Peterson,COL,2,StableMarking,00,TRUE,3,NONE,INV
4683,Peterson,COL,3,StableMarking,00,TRUE,3,NONE,INV
4684,Peterson,COL,4,StableMarking,00,TRUE,3,NONE,INV
4685,Peterson,COL,5,StableMarking,00,TRUE,3,NONE,INV
4686,Peterson,COL,6,StableMarking,00,TRUE,3,NONE,INV
4687,Peterson,COL,7,StableMarking,00,TRUE,3,NONE,INV
4688,Peterson,PT,2,StableMarking,00,FALSE,3,GEN,CEX
4689,Peterson,PT,3,StableMarking,00,FALSE,3,GEN,CEX
4690,Peterson,PT,4,StableMarking,00,FALSE,1,GEN,CEX
4691,PGCD,COL,D02N005,StableMarking,00,FALSE,3,NONE,CEX
4692,PGCD,COL,D02N006,StableMarking,00,FALSE,3,NONE,CEX
4693,PGCD,COL,D02N100,StableMarking,00,FALSE,3,NONE,CEX
4694,PGCD,COL,D03N050,StableMarking,00,FALSE,3,NONE,CEX
4695,PGCD,COL,D04N025,StableMarking,00,FALSE,3,NONE,CEX
4696,PGCD,COL,D04N050,StableMarking,00,FALSE,3,NONE,CEX
4697,PGCD,COL,D05N025,StableMarking,00,FALSE,3,NONE,CEX
4698,PGCD,PT,D02N005,StableMarking,00,FALSE,3,NONE,CEX
4699,PGCD,PT,D02N006,StableMarking,00,FALSE,3,NONE,CEX
4700,PGCD,PT,D02N100,StableMarking,00,FALSE,3,NONE,CEX
4701,PGCD,PT,D03N050,StableMarking,00,FALSE,3,NONE,CEX
4702,PGCD,PT,D04N025,StableMarking,00,FALSE,3,NONE,CEX
4703,PGCD,PT,D04N050,StableMarking,00,FALSE,3,NONE,CEX
4704,PGCD,PT,D05N025,StableMarking,00,FALSE,3,NONE,CEX
4705,PhaseVariation,PT,D02CS010,StableMarking,00,FALSE,3,NONE,CEX
4706,PhaseVariation,PT,D02CS100,StableMarking,00,FALSE,3,NONE,CEX
4707,PhaseVariation,PT,D05CS010,StableMarking,00,TRUE,3,NONE,INV
4708,PhaseVariation,PT,D05CS100,StableMarking,00,FALSE,3,NONE,CEX
4709,PhaseVariation,PT,D10CS010,StableMarking,00,TRUE,3,NONE,INV
4710,PhaseVariation,PT,D10CS100,StableMarking,00,FALSE,3,NONE,CEX
4711,PhaseVariation,PT,D20CS010,StableMarking,00,TRUE,3,NONE,INV
4712,PhaseVariation,PT,D20CS100,StableMarking,00,TRUE,3,NONE,INV
4713,PhaseVariation,PT,D30CS010,StableMarking,00,TRUE,3,NONE,INV
4714,PhaseVariation,PT,D30CS100,StableMarking,00,TRUE,3,NONE,INV
4715,Philosophers,COL,000005,StableMarking,00,FALSE,3,NONE,CEX
4716,Philosophers,COL,000010,StableMarking,00,FALSE,3,NONE,CEX
4717,Philosophers,COL,000020,StableMarking,00,FALSE,3,NONE,CEX
4718,Philosophers,COL,000050,StableMarking,00,FALSE,3,NONE,CEX
4719,Philosophers,COL,000100,StableMarking,00,FALSE,3,NONE,CEX
4720,Philosophers,COL,000200,StableMarking,00,FALSE,3,NONE,CEX
4721,Philosophers,COL,000500,StableMarking,00,FALSE,3,NONE,CEX
4722,Philosophers,COL,001000,StableMarking,00,FALSE,3,NONE,CEX
4723,Philosophers,COL,002000,StableMarking,00,FALSE,3,NONE,CEX
4724,Philosophers,COL,005000,StableMarking,00,FALSE,3,NONE,CEX
4725,Philosophers,COL,010000,StableMarking,00,FALSE,3,NONE,CEX
4726,Philosophers,COL,050000,StableMarking,00,FALSE,2,NONE,CEX
4727,Philosophers,COL,100000,StableMarking,00,FALSE,2,NONE,CEX
4728,Philosophers,PT,000005,StableMarking,00,FALSE,3,GEN,CEX
4729,Philosophers,PT,000010,StableMarking,00,FALSE,3,GEN,CEX
4730,Philosophers,PT,000020,StableMarking,00,FALSE,3,GEN,CEX
4731,Philosophers,PT,000050,StableMarking,00,FALSE,3,GEN,CEX
4732,Philosophers,PT,000100,StableMarking,00,FALSE,3,GEN,CEX
4733,Philosophers,PT,000200,StableMarking,00,FALSE,3,GEN,CEX
4734,Philosophers,PT,000500,StableMarking,00,FALSE,3,GEN,CEX
4735,Philosophers,PT,001000,StableMarking,00,FALSE,3,GEN,CEX
4736,Philosophers,PT,002000,StableMarking,00,FALSE,2,GEN,CEX
4737,Philosophers,PT,005000,StableMarking,00,FALSE,2,NONE,CEX
4738,Philosophers,PT,010000,StableMarking,00,FALSE,2,NONE,CEX
4739,PhilosophersDyn,COL,03,StableMarking,00,FALSE,3,NONE,CEX
4740,PhilosophersDyn,COL,10,StableMarking,00,FALSE,3,NONE,CEX
4741,PhilosophersDyn,COL,20,StableMarking,00,FALSE,2,NONE,CEX
4742,PhilosophersDyn,COL,50,StableMarking,00,FALSE,3,NONE,CEX
4743,PhilosophersDyn,COL,80,StableMarking,00,FALSE,2,NONE,CEX
4744,PhilosophersDyn,PT,03,StableMarking,00,FALSE,3,NONE,CEX
4745,PhilosophersDyn,PT,10,StableMarking,00,FALSE,3,NONE,CEX
4746,PhilosophersDyn,PT,20,StableMarking,00,FALSE,3,NONE,CEX
4747,Planning,PT,none,StableMarking,00,TRUE,3,NONE,INV
4748,PolyORBLF,COL,S02J04T06,StableMarking,00,TRUE,2,NONE,INV
4749,PolyORBLF,COL,S02J04T08,StableMarking,00,TRUE,2,NONE,INV
4750,PolyORBLF,COL,S02J04T10,StableMarking,00,TRUE,2,NONE,INV
4751,PolyORBLF,COL,S02J06T06,StableMarking,00,TRUE,2,NONE,INV
4752,PolyORBLF,COL,S02J06T08,StableMarking,00,TRUE,2,NONE,INV
4753,PolyORBLF,COL,S02J06T10,StableMarking,00,TRUE,2,NONE,INV
4754,PolyORBLF,COL,S04J04T06,StableMarking,00,FALSE,3,NONE,CEX
4755,PolyORBLF,COL,S04J04T08,StableMarking,00,FALSE,3,NONE,CEX
4756,PolyORBLF,COL,S04J04T10,StableMarking,00,FALSE,3,NONE,CEX
4757,PolyORBLF,COL,S04J06T06,StableMarking,00,FALSE,3,NONE,CEX
4758,PolyORBLF,COL,S04J06T08,StableMarking,00,FALSE,3,NONE,CEX
4759,PolyORBLF,COL,S04J06T10,StableMarking,00,FALSE,3,NONE,CEX
4760,PolyORBLF,COL,S06J04T04,StableMarking,00,FALSE,3,NONE,CEX
4761,PolyORBLF,COL,S06J04T06,StableMarking,00,FALSE,3,NONE,CEX
4762,PolyORBLF,COL,S06J04T08,StableMarking,00,FALSE,3,NONE,CEX
4763,PolyORBLF,COL,S06J06T04,StableMarking,00,FALSE,3,NONE,CEX
4764,PolyORBLF,COL,S06J06T06,StableMarking,00,FALSE,3,NONE,CEX
4765,PolyORBLF,COL,S06J06T08,StableMarking,00,FALSE,3,NONE,CEX
4766,PolyORBLF,PT,S02J04T06,StableMarking,00,TRUE,2,NONE,INV
4767,PolyORBLF,PT,S02J04T08,StableMarking,00,TRUE,2,NONE,INV
4768,PolyORBLF,PT,S02J04T10,StableMarking,00,TRUE,2,NONE,INV
4769,PolyORBLF,PT,S02J06T06,StableMarking,00,TRUE,2,NONE,INV
4770,PolyORBLF,PT,S02J06T08,StableMarking,00,TRUE,2,NONE,INV
4771,PolyORBLF,PT,S02J06T10,StableMarking,00,TRUE,2,NONE,INV
4772,PolyORBLF,PT,S04J04T06,StableMarking,00,FALSE,3,NONE,CEX
4773,PolyORBLF,PT,S04J04T08,StableMarking,00,FALSE,3,NONE,CEX
4774,PolyORBLF,PT,S04J04T10,StableMarking,00,FALSE,3,NONE,CEX
4775,PolyORBLF,PT,S04J06T06,StableMarking,00,FALSE,3,NONE,CEX
4776,PolyORBLF,PT,S04J06T08,StableMarking,00,FALSE,3,NONE,CEX
4777,PolyORBLF,PT,S04J06T10,StableMarking,00,FALSE,3,NONE,CEX
4778,PolyORBLF,PT,S06J04T04,StableMarking,00,FALSE,3,NONE,CEX
4779,PolyORBLF,PT,S06J04T06,StableMarking,00,FALSE,2,NONE,CEX
4780,PolyORBLF,PT,S06J04T08,StableMarking,00,FALSE,2,NONE,CEX
4781,PolyORBLF,PT,S06J06T04,StableMarking,00,FALSE,3,NONE,CEX
4782,PolyORBLF,PT,S06J06T06,StableMarking,00,FALSE,2,NONE,CEX
4783,PolyORBLF,PT,S06J06T08,StableMarking,00,FALSE,2,NONE,CEX
4784,PolyORBNT,COL,S05J20,StableMarking,00,FALSE,2,NONE,CEX
4785,PolyORBNT,COL,S05J30,StableMarking,00,FALSE,2,NONE,CEX
4786,PolyORBNT,COL,S05J40,StableMarking,00,FALSE,2,NONE,CEX
4787,PolyORBNT,COL,S05J60,StableMarking,00,FALSE,2,NONE,CEX
4788,PolyORBNT,COL,S05J80,StableMarking,00,FALSE,2,NONE,CEX
4789,PolyORBNT,COL,S10J20,StableMarking,00,FALSE,2,NONE,CEX
4790,PolyORBNT,COL,S10J30,StableMarking,00,FALSE,2,NONE,CEX
4791,PolyORBNT,COL,S10J40,StableMarking,00,FALSE,2,NONE,CEX
4792,PolyORBNT,COL,S10J60,StableMarking,00,FALSE,2,NONE,CEX
4793,PolyORBNT,COL,S10J80,StableMarking,00,FALSE,2,NONE,CEX
4794,PolyORBNT,PT,S05J20,StableMarking,00,FALSE,2,NONE,CEX
4795,PolyORBNT,PT,S05J30,StableMarking,00,FALSE,2,NONE,CEX
4796,PolyORBNT,PT,S05J40,StableMarking,00,FALSE,2,NONE,CEX
4797,PolyORBNT,PT,S05J60,StableMarking,00,FALSE,2,NONE,CEX
4798,PolyORBNT,PT,S05J80,StableMarking,00,FALSE,2,NONE,CEX
4799,PolyORBNT,PT,S10J20,StableMarking,00,FALSE,2,NONE,CEX
4800,PolyORBNT,PT,S10J30,StableMarking,00,FALSE,2,NONE,CEX
4801,PolyORBNT,PT,S10J40,StableMarking,00,FALSE,2,NONE,CEX
4802,PolyORBNT,PT,S10J60,StableMarking,00,FALSE,2,NONE,CEX
4803,PolyORBNT,PT,S10J80,StableMarking,00,FALSE,2,NONE,CEX
4804,ProductionCell,PT,none,StableMarking,00,FALSE,3,NUPN,CEX
4805,QuasiCertifProtocol,COL,02,StableMarking,00,FALSE,3,NONE,CEX
4806,QuasiCertifProtocol,COL,06,StableMarking,00,FALSE,3,NONE,CEX
4807,QuasiCertifProtocol,COL,10,StableMarking,00,FALSE,2,NONE,CEX
4808,QuasiCertifProtocol,COL,18,StableMarking,00,FALSE,2,NONE,CEX
4809,QuasiCertifProtocol,COL,22,StableMarking,00,FALSE,2,NONE,CEX
4810,QuasiCertifProtocol,COL,28,StableMarking,00,FALSE,2,NONE,CEX
4811,QuasiCertifProtocol,COL,32,StableMarking,00,FALSE,2,NONE,CEX
4812,QuasiCertifProtocol,PT,02,StableMarking,00,FALSE,3,NONE,CEX
4813,QuasiCertifProtocol,PT,06,StableMarking,00,FALSE,3,NONE,CEX
4814,QuasiCertifProtocol,PT,10,StableMarking,00,FALSE,2,NONE,CEX
4815,QuasiCertifProtocol,PT,18,StableMarking,00,FALSE,2,NONE,CEX
4816,QuasiCertifProtocol,PT,22,StableMarking,00,FALSE,2,NONE,CEX
4817,QuasiCertifProtocol,PT,28,StableMarking,00,FALSE,2,NONE,CEX
4818,QuasiCertifProtocol,PT,32,StableMarking,00,FALSE,2,NONE,CEX
4819,Raft,PT,02,StableMarking,00,FALSE,3,NUPN,CEX
4820,Raft,PT,03,StableMarking,00,FALSE,3,NUPN,CEX
4821,Raft,PT,04,StableMarking,00,FALSE,3,NUPN,CEX
4822,Raft,PT,05,StableMarking,00,FALSE,3,NUPN,CEX
4823,Raft,PT,06,StableMarking,00,FALSE,3,NUPN,CEX
4824,Raft,PT,07,StableMarking,00,FALSE,3,NUPN,CEX
4825,Raft,PT,08,StableMarking,00,FALSE,3,NUPN,CEX
4826,Raft,PT,09,StableMarking,00,FALSE,3,NUPN,CEX
4827,Raft,PT,10,StableMarking,00,FALSE,3,NUPN,CEX
4828,Railroad,PT,005,StableMarking,00,TRUE,3,GEN,INV
4829,Railroad,PT,010,StableMarking,00,TRUE,3,GEN,INV
4830,Railroad,PT,020,StableMarking,00,TRUE,3,GEN,INV
4831,Railroad,PT,050,StableMarking,00,TRUE,3,GEN,INV
4832,Railroad,PT,100,StableMarking,00,TRUE,3,GEN,INV
4833,Referendum,COL,0010,StableMarking,00,FALSE,3,NONE,CEX
4834,Referendum,COL,0015,StableMarking,00,FALSE,3,NONE,CEX
4835,Referendum,COL,0020,StableMarking,00,FALSE,3,NONE,CEX
4836,Referendum,COL,0050,StableMarking,00,FALSE,3,NONE,CEX
4837,Referendum,COL,0100,StableMarking,00,FALSE,3,NONE,CEX
4838,Referendum,COL,0200,StableMarking,00,FALSE,3,NONE,CEX
4839,Referendum,COL,0500,StableMarking,00,FALSE,3,NONE,CEX
4840,Referendum,COL,1000,StableMarking,00,FALSE,3,NONE,CEX
4841,Referendum,PT,0010,StableMarking,00,FALSE,3,GEN,CEX
4842,Referendum,PT,0015,StableMarking,00,FALSE,3,GEN,CEX
4843,Referendum,PT,0020,StableMarking,00,FALSE,3,GEN,CEX
4844,Referendum,PT,0050,StableMarking,00,FALSE,3,GEN,CEX
4845,Referendum,PT,0100,StableMarking,00,FALSE,3,GEN,CEX
4846,Referendum,PT,0200,StableMarking,00,FALSE,3,GEN,CEX
4847,Referendum,PT,0500,StableMarking,00,FALSE,3,GEN,CEX
4848,Referendum,PT,1000,StableMarking,00,FALSE,3,GEN,CEX
4849,RefineWMG,PT,002002,StableMarking,00,FALSE,3,NONE,CEX
4850,RefineWMG,PT,002003,StableMarking,00,FALSE,3,NONE,CEX
4851,RefineWMG,PT,005005,StableMarking,00,FALSE,3,NONE,CEX
4852,RefineWMG,PT,005006,StableMarking,00,FALSE,3,NONE,CEX
4853,RefineWMG,PT,007007,StableMarking,00,FALSE,3,NONE,CEX
4854,RefineWMG,PT,007008,StableMarking,00,FALSE,3,NONE,CEX
4855,RefineWMG,PT,010010,StableMarking,00,FALSE,3,NONE,CEX
4856,RefineWMG,PT,010011,StableMarking,00,FALSE,3,NONE,CEX
4857,RefineWMG,PT,015015,StableMarking,00,FALSE,3,NONE,CEX
4858,RefineWMG,PT,015016,StableMarking,00,FALSE,3,NONE,CEX
4859,RefineWMG,PT,025025,StableMarking,00,FALSE,3,NONE,CEX
4860,RefineWMG,PT,025026,StableMarking,00,FALSE,3,NONE,CEX
4861,RefineWMG,PT,050050,StableMarking,00,FALSE,3,NONE,CEX
4862,RefineWMG,PT,050051,StableMarking,00,FALSE,3,NONE,CEX
4863,RefineWMG,PT,100100,StableMarking,00,FALSE,3,NONE,CEX
4864,RefineWMG,PT,100101,StableMarking,00,FALSE,3,NONE,CEX
4865,RERS17pb113,PT,1,StableMarking,00,FALSE,2,NUPN,CEX
4866,RERS17pb113,PT,2,StableMarking,00,FALSE,3,NONE,CEX
4867,RERS17pb113,PT,3,StableMarking,00,FALSE,3,NONE,CEX
4868,RERS17pb113,PT,4,StableMarking,00,FALSE,3,NONE,CEX
4869,RERS17pb113,PT,5,StableMarking,00,FALSE,3,NONE,CEX
4870,RERS17pb113,PT,6,StableMarking,00,FALSE,3,NONE,CEX
4871,RERS17pb113,PT,7,StableMarking,00,FALSE,3,NONE,CEX
4872,RERS17pb113,PT,8,StableMarking,00,FALSE,3,NONE,CEX
4873,RERS17pb113,PT,9,StableMarking,00,FALSE,3,NONE,CEX
4874,RERS17pb114,PT,1,StableMarking,00,FALSE,2,NUPN,CEX
4875,RERS17pb114,PT,2,StableMarking,00,FALSE,2,NONE,CEX
4876,RERS17pb114,PT,3,StableMarking,00,FALSE,2,NONE,CEX
4877,RERS17pb114,PT,4,StableMarking,00,FALSE,2,NONE,CEX
4878,RERS17pb114,PT,5,StableMarking,00,FALSE,2,NONE,CEX
4879,RERS17pb114,PT,6,StableMarking,00,FALSE,2,NONE,CEX
4880,RERS17pb114,PT,7,StableMarking,00,FALSE,2,NONE,CEX
4881,RERS17pb114,PT,8,StableMarking,00,FALSE,2,NONE,CEX
4882,RERS17pb114,PT,9,StableMarking,00,FALSE,2,NONE,CEX
4883,RERS17pb115,PT,1,StableMarking,00,FALSE,2,NUPN,CEX
4884,RERS17pb115,PT,2,StableMarking,00,FALSE,2,NONE,CEX
4885,RERS17pb115,PT,3,StableMarking,00,FALSE,2,NONE,CEX
4886,RERS17pb115,PT,4,StableMarking,00,FALSE,2,NONE,CEX
4887,RERS17pb115,PT,5,StableMarking,00,FALSE,2,NONE,CEX
4888,RERS17pb115,PT,6,StableMarking,00,FALSE,2,NONE,CEX
4889,RERS17pb115,PT,7,StableMarking,00,FALSE,2,NONE,CEX
4890,RERS17pb115,PT,8,StableMarking,00,FALSE,2,NONE,CEX
4891,RERS17pb115,PT,9,StableMarking,00,FALSE,2,NONE,CEX
4892,RERS2020,PT,pb101,StableMarking,00,TRUE,3,NUPN,INV
4893,RERS2020,PT,pb103,StableMarking,00,TRUE,3,NUPN,INV
4894,ResAllocation,PT,R002C002,StableMarking,00,FALSE,3,GEN,CEX
4895,ResAllocation,PT,R003C002,StableMarking,00,FALSE,3,GEN,CEX
4896,ResAllocation,PT,R003C003,StableMarking,00,FALSE,3,GEN,CEX
4897,ResAllocation,PT,R003C005,StableMarking,00,FALSE,3,GEN,CEX
4898,ResAllocation,PT,R003C010,StableMarking,00,FALSE,3,GEN,CEX
4899,ResAllocation,PT,R003C015,StableMarking,00,FALSE,3,GEN,CEX
4900,ResAllocation,PT,R003C020,StableMarking,00,FALSE,3,GEN,CEX
4901,ResAllocation,PT,R003C050,StableMarking,00,FALSE,3,GEN,CEX
4902,ResAllocation,PT,R003C100,StableMarking,00,FALSE,2,GEN,CEX
4903,ResAllocation,PT,R005C002,StableMarking,00,FALSE,3,GEN,CEX
4904,ResAllocation,PT,R010C002,StableMarking,00,FALSE,3,GEN,CEX
4905,ResAllocation,PT,R015C002,StableMarking,00,FALSE,3,GEN,CEX
4906,ResAllocation,PT,R020C002,StableMarking,00,FALSE,3,GEN,CEX
4907,ResAllocation,PT,R050C002,StableMarking,00,FALSE,3,GEN,CEX
4908,ResAllocation,PT,R100C002,StableMarking,00,FALSE,3,GEN,CEX
4909,ResIsolation,PT,N08P1,StableMarking,00,FALSE,3,NONE,CEX
4910,ResIsolation,PT,N08P2,StableMarking,00,FALSE,3,NONE,CEX
4911,ResIsolation,PT,N08P3,StableMarking,00,FALSE,3,NONE,CEX
4912,ResIsolation,PT,N08P4,StableMarking,00,FALSE,2,NONE,CEX
4913,ResIsolation,PT,N08P5,StableMarking,00,FALSE,2,NONE,CEX
4914,ResIsolation,PT,N09P1,StableMarking,00,FALSE,3,NONE,CEX
4915,ResIsolation,PT,N09P2,StableMarking,00,FALSE,3,NONE,CEX
4916,ResIsolation,PT,N09P3,StableMarking,00,FALSE,2,NONE,CEX
4917,ResIsolation,PT,N09P4,StableMarking,00,FALSE,2,NONE,CEX
4918,ResIsolation,PT,N10P1,StableMarking,00,FALSE,2,NONE,CEX
4919,ResIsolation,PT,N10P2,StableMarking,00,FALSE,2,NONE,CEX
4920,ResIsolation,PT,N10P3,StableMarking,00,FALSE,2,NONE,CEX
4921,ResIsolation,PT,N11P1,StableMarking,00,FALSE,2,NONE,CEX
4922,ResIsolation,PT,N11P2,StableMarking,00,FALSE,2,NONE,CEX
4923,ResIsolation,PT,N11P3,StableMarking,00,FALSE,2,NONE,CEX
4924,ResIsolation,PT,N12P1,StableMarking,00,FALSE,2,NONE,CEX
4925,ResIsolation,PT,N12P2,StableMarking,00,FALSE,2,NONE,CEX
4926,Ring,PT,none,StableMarking,00,TRUE,3,GEN,INV
4927,RingSingleMessageInMbox,PT,d0m005,StableMarking,00,TRUE,3,NONE,INV
4928,RingSingleMessageInMbox,PT,d0m010,StableMarking,00,TRUE,3,NONE,INV
4929,RingSingleMessageInMbox,PT,d0m020,StableMarking,00,TRUE,3,NONE,INV
4930,RingSingleMessageInMbox,PT,d0m040,StableMarking,00,TRUE,3,NONE,INV
4931,RingSingleMessageInMbox,PT,d0m080,StableMarking,00,TRUE,3,NONE,INV
4932,RingSingleMessageInMbox,PT,d0m160,StableMarking,00,TRUE,3,NONE,INV
4933,RingSingleMessageInMbox,PT,d1m005,StableMarking,00,TRUE,3,NONE,INV
4934,RingSingleMessageInMbox,PT,d1m010,StableMarking,00,TRUE,3,NONE,INV
4935,RingSingleMessageInMbox,PT,d1m020,StableMarking,00,TRUE,3,NONE,INV
4936,RingSingleMessageInMbox,PT,d1m040,StableMarking,00,TRUE,3,NONE,INV
4937,RingSingleMessageInMbox,PT,d1m080,StableMarking,00,TRUE,3,NONE,INV
4938,RingSingleMessageInMbox,PT,d1m160,StableMarking,00,TRUE,3,NONE,INV
4939,RingSingleMessageInMbox,PT,d2m005,StableMarking,00,TRUE,3,NONE,INV
4940,RingSingleMessageInMbox,PT,d2m010,StableMarking,00,TRUE,3,NONE,INV
4941,RingSingleMessageInMbox,PT,d2m020,StableMarking,00,TRUE,3,NONE,INV
4942,RingSingleMessageInMbox,PT,d2m040,StableMarking,00,TRUE,3,NONE,INV
4943,RingSingleMessageInMbox,PT,d2m080,StableMarking,00,TRUE,3,NONE,INV
4944,RingSingleMessageInMbox,PT,d2m160,StableMarking,00,TRUE,3,NONE,INV
4945,RobotManipulation,PT,00001,StableMarking,00,FALSE,3,NONE,CEX
4946,RobotManipulation,PT,00002,StableMarking,00,FALSE,3,NONE,CEX
4947,RobotManipulation,PT,00005,StableMarking,00,FALSE,3,NONE,CEX
4948,RobotManipulation,PT,00010,StableMarking,00,FALSE,3,NONE,CEX
4949,RobotManipulation,PT,00020,StableMarking,00,FALSE,3,NONE,CEX
4950,RobotManipulation,PT,00050,StableMarking,00,FALSE,3,NONE,CEX
4951,RobotManipulation,PT,00100,StableMarking,00,FALSE,3,NONE,CEX
4952,RobotManipulation,PT,00200,StableMarking,00,FALSE,3,NONE,CEX
4953,RobotManipulation,PT,00500,StableMarking,00,FALSE,3,NONE,CEX
4954,RobotManipulation,PT,01000,StableMarking,00,FALSE,3,NONE,CEX
4955,RobotManipulation,PT,02000,StableMarking,00,FALSE,3,NONE,CEX
4956,RobotManipulation,PT,05000,StableMarking,00,FALSE,3,NONE,CEX
4957,RobotManipulation,PT,10000,StableMarking,00,FALSE,3,NONE,CEX
4958,RwMutex,PT,r0010w0010,StableMarking,00,FALSE,3,GEN,CEX
4959,RwMutex,PT,r0010w0020,StableMarking,00,FALSE,3,GEN,CEX
4960,RwMutex,PT,r0010w0050,StableMarking,00,FALSE,3,GEN,CEX
4961,RwMutex,PT,r0010w0100,StableMarking,00,FALSE,3,GEN,CEX
4962,RwMutex,PT,r0010w0500,StableMarking,00,FALSE,3,GEN,CEX
4963,RwMutex,PT,r0010w1000,StableMarking,00,FALSE,3,GEN,CEX
4964,RwMutex,PT,r0010w2000,StableMarking,00,FALSE,3,GEN,CEX
4965,RwMutex,PT,r0020w0010,StableMarking,00,FALSE,3,GEN,CEX
4966,RwMutex,PT,r0100w0010,StableMarking,00,FALSE,3,GEN,CEX
4967,RwMutex,PT,r0500w0010,StableMarking,00,FALSE,3,GEN,CEX
4968,RwMutex,PT,r1000w0010,StableMarking,00,FALSE,3,GEN,CEX
4969,RwMutex,PT,r2000w0010,StableMarking,00,FALSE,3,GEN,CEX
4970,SafeBus,COL,03,StableMarking,00,TRUE,3,NONE,INV
4971,SafeBus,COL,06,StableMarking,00,TRUE,3,NONE,INV
4972,SafeBus,COL,10,StableMarking,00,TRUE,3,NONE,INV
4973,SafeBus,COL,15,StableMarking,00,TRUE,3,NONE,INV
4974,SafeBus,COL,20,StableMarking,00,TRUE,3,NONE,INV
4975,SafeBus,COL,50,StableMarking,00,TRUE,3,NONE,INV
4976,SafeBus,COL,80,StableMarking,00,TRUE,3,NONE,INV
4977,SafeBus,PT,03,StableMarking,00,TRUE,3,GEN,INV
4978,SafeBus,PT,06,StableMarking,00,TRUE,3,GEN,INV
4979,SafeBus,PT,10,StableMarking,00,TRUE,3,GEN,INV
4980,SafeBus,PT,15,StableMarking,00,TRUE,3,GEN,INV
4981,SafeBus,PT,20,StableMarking,00,TRUE,3,GEN,INV
4982,SatelliteMemory,PT,X00100Y0003,StableMarking,00,TRUE,3,NONE,INV
4983,SatelliteMemory,PT,X01000Y0032,StableMarking,00,TRUE,3,NONE,INV
4984,SatelliteMemory,PT,X01500Y0046,StableMarking,00,TRUE,3,NONE,INV
4985,SatelliteMemory,PT,X03000Y0094,StableMarking,00,TRUE,3,NONE,INV
4986,SatelliteMemory,PT,X65535Y2048,StableMarking,00,TRUE,3,NONE,INV
4987,SemanticWebServices,PT,S064P06,StableMarking,00,TRUE,3,NONE,INV
4988,SemanticWebServices,PT,S064P09,StableMarking,00,TRUE,3,NONE,INV
4989,SemanticWebServices,PT,S064P12,StableMarking,00,TRUE,3,NONE,INV
4990,SemanticWebServices,PT,S064P15,StableMarking,00,TRUE,3,NONE,INV
4991,SemanticWebServices,PT,S064P18,StableMarking,00,TRUE,3,NONE,INV
4992,SemanticWebServices,PT,S128P06,StableMarking,00,TRUE,3,NONE,INV
4993,SemanticWebServices,PT,S128P09,StableMarking,00,TRUE,3,NONE,INV
4994,SemanticWebServices,PT,S128P12,StableMarking,00,TRUE,3,NONE,INV
4995,SemanticWebServices,PT,S128P15,StableMarking,00,TRUE,3,NONE,INV
4996,SemanticWebServices,PT,S128P18,StableMarking,00,TRUE,3,NONE,INV
4997,SemanticWebServices,PT,S256P06,StableMarking,00,TRUE,3,NONE,INV
4998,SemanticWebServices,PT,S256P09,StableMarking,00,TRUE,3,NONE,INV
4999,SemanticWebServices,PT,S256P12,StableMarking,00,TRUE,3,NONE,INV
5000,SemanticWebServices,PT,S256P15,StableMarking,00,TRUE,3,NONE,INV
5001,SemanticWebServices,PT,S256P18,StableMarking,00,TRUE,3,NONE,INV
5002,ServersAndClients,PT,100020,StableMarking,00,FALSE,3,GEN,CEX
5003,ServersAndClients,PT,100040,StableMarking,00,FALSE,3,GEN,CEX
5004,ServersAndClients,PT,100080,StableMarking,00,FALSE,3,GEN,CEX
5005,ServersAndClients,PT,100160,StableMarking,00,FALSE,3,GEN,CEX
5006,ServersAndClients,PT,100320,StableMarking,00,FALSE,3,GEN,CEX
5007,ServersAndClients,PT,200040,StableMarking,00,FALSE,3,GEN,CEX
5008,ServersAndClients,PT,200080,StableMarking,00,FALSE,3,GEN,CEX
5009,ServersAndClients,PT,200160,StableMarking,00,FALSE,3,GEN,CEX
5010,SharedMemory,COL,000005,StableMarking,00,FALSE,3,NONE,CEX
5011,SharedMemory,COL,000010,StableMarking,00,FALSE,3,NONE,CEX
5012,SharedMemory,COL,000020,StableMarking,00,FALSE,3,NONE,CEX
5013,SharedMemory,COL,000050,StableMarking,00,FALSE,3,NONE,CEX
5014,SharedMemory,COL,000100,StableMarking,00,FALSE,3,NONE,CEX
5015,SharedMemory,COL,000200,StableMarking,00,FALSE,3,NONE,CEX
5016,SharedMemory,COL,000500,StableMarking,00,FALSE,2,NONE,CEX
5017,SharedMemory,COL,001000,StableMarking,00,FALSE,2,NONE,CEX
5018,SharedMemory,PT,000005,StableMarking,00,FALSE,3,GEN,CEX
5019,SharedMemory,PT,000010,StableMarking,00,FALSE,3,GEN,CEX
5020,SharedMemory,PT,000020,StableMarking,00,FALSE,3,GEN,CEX
5021,SharedMemory,PT,000050,StableMarking,00,FALSE,3,GEN,CEX
5022,SharedMemory,PT,000100,StableMarking,00,FALSE,3,GEN,CEX
5023,SharedMemory,PT,000200,StableMarking,00,FALSE,2,GEN,CEX
5024,ShieldIIPs,PT,001A,StableMarking,00,FALSE,3,NUPN,CEX
5025,ShieldIIPs,PT,001B,StableMarking,00,FALSE,3,NUPN,CEX
5026,ShieldIIPs,PT,002A,StableMarking,00,FALSE,3,NUPN,CEX
5027,ShieldIIPs,PT,002B,StableMarking,00,FALSE,3,NUPN,CEX
5028,ShieldIIPs,PT,003A,StableMarking,00,FALSE,3,NUPN,CEX
5029,ShieldIIPs,PT,003B,StableMarking,00,FALSE,3,NUPN,CEX
5030,ShieldIIPs,PT,004A,StableMarking,00,FALSE,3,NUPN,CEX
5031,ShieldIIPs,PT,004B,StableMarking,00,FALSE,3,NUPN,CEX
5032,ShieldIIPs,PT,005A,StableMarking,00,FALSE,3,NUPN,CEX
5033,ShieldIIPs,PT,005B,StableMarking,00,FALSE,3,NUPN,CEX
5034,ShieldIIPs,PT,010A,StableMarking,00,FALSE,3,NUPN,CEX
5035,ShieldIIPs,PT,010B,StableMarking,00,FALSE,2,NUPN,CEX
5036,ShieldIIPs,PT,020A,StableMarking,00,FALSE,3,NUPN,CEX
5037,ShieldIIPs,PT,020B,StableMarking,00,FALSE,3,NUPN,CEX
5038,ShieldIIPs,PT,030A,StableMarking,00,FALSE,3,NUPN,CEX
5039,ShieldIIPs,PT,030B,StableMarking,00,FALSE,3,NUPN,CEX
5040,ShieldIIPs,PT,040A,StableMarking,00,FALSE,3,NUPN,CEX
5041,ShieldIIPs,PT,040B,StableMarking,00,FALSE,2,NUPN,CEX
5042,ShieldIIPs,PT,050A,StableMarking,00,FALSE,3,NUPN,CEX
5043,ShieldIIPs,PT,050B,StableMarking,00,FALSE,3,NUPN,CEX
5044,ShieldIIPs,PT,100A,StableMarking,00,FALSE,3,NUPN,CEX
5045,ShieldIIPs,PT,100B,StableMarking,00,FALSE,2,NUPN,CEX
5046,ShieldIIPt,PT,001A,StableMarking,00,FALSE,3,NUPN,CEX
5047,ShieldIIPt,PT,001B,StableMarking,00,FALSE,3,NUPN,CEX
5048,ShieldIIPt,PT,002A,StableMarking,00,FALSE,3,NUPN,CEX
5049,ShieldIIPt,PT,002B,StableMarking,00,FALSE,3,NUPN,CEX
5050,ShieldIIPt,PT,003A,StableMarking,00,FALSE,3,NUPN,CEX
5051,ShieldIIPt,PT,003B,StableMarking,00,FALSE,3,NUPN,CEX
5052,ShieldIIPt,PT,004A,StableMarking,00,FALSE,3,NUPN,CEX
5053,ShieldIIPt,PT,004B,StableMarking,00,FALSE,3,NUPN,CEX
5054,ShieldIIPt,PT,005A,StableMarking,00,FALSE,3,NUPN,CEX
5055,ShieldIIPt,PT,005B,StableMarking,00,FALSE,3,NUPN,CEX
5056,ShieldIIPt,PT,010A,StableMarking,00,FALSE,3,NUPN,CEX
5057,ShieldIIPt,PT,010B,StableMarking,00,FALSE,3,NUPN,CEX
5058,ShieldIIPt,PT,020A,StableMarking,00,FALSE,3,NUPN,CEX
5059,ShieldIIPt,PT,020B,StableMarking,00,FALSE,3,NUPN,CEX
5060,ShieldIIPt,PT,030A,StableMarking,00,FALSE,3,NUPN,CEX
5061,ShieldIIPt,PT,030B,StableMarking,00,FALSE,2,NUPN,CEX
5062,ShieldIIPt,PT,040A,StableMarking,00,FALSE,3,NUPN,CEX
5063,ShieldIIPt,PT,050A,StableMarking,00,FALSE,3,NUPN,CEX
5064,ShieldIIPt,PT,100A,StableMarking,00,FALSE,3,NUPN,CEX
5065,ShieldPPPs,PT,001A,StableMarking,00,FALSE,3,NUPN,CEX
5066,ShieldPPPs,PT,001B,StableMarking,00,FALSE,3,NUPN,CEX
5067,ShieldPPPs,PT,002A,StableMarking,00,FALSE,3,NUPN,CEX
5068,ShieldPPPs,PT,002B,StableMarking,00,FALSE,3,NUPN,CEX
5069,ShieldPPPs,PT,003A,StableMarking,00,FALSE,3,NUPN,CEX
5070,ShieldPPPs,PT,003B,StableMarking,00,FALSE,3,NUPN,CEX
5071,ShieldPPPs,PT,004A,StableMarking,00,FALSE,3,NUPN,CEX
5072,ShieldPPPs,PT,004B,StableMarking,00,FALSE,3,NUPN,CEX
5073,ShieldPPPs,PT,005A,StableMarking,00,FALSE,3,NUPN,CEX
5074,ShieldPPPs,PT,005B,StableMarking,00,FALSE,3,NUPN,CEX
5075,ShieldPPPs,PT,010A,StableMarking,00,FALSE,3,NUPN,CEX
5076,ShieldPPPs,PT,010B,StableMarking,00,FALSE,3,NUPN,CEX
5077,ShieldPPPs,PT,020A,StableMarking,00,FALSE,3,NUPN,CEX
5078,ShieldPPPs,PT,020B,StableMarking,00,FALSE,3,NUPN,CEX
5079,ShieldPPPs,PT,030A,StableMarking,00,FALSE,3,NUPN,CEX
5080,ShieldPPPs,PT,030B,StableMarking,00,FALSE,3,NUPN,CEX
5081,ShieldPPPs,PT,040A,StableMarking,00,FALSE,3,NUPN,CEX
5082,ShieldPPPs,PT,040B,StableMarking,00,FALSE,3,NUPN,CEX
5083,ShieldPPPs,PT,050A,StableMarking,00,FALSE,3,NUPN,CEX
5084,ShieldPPPs,PT,050B,StableMarking,00,FALSE,3,NUPN,CEX
5085,ShieldPPPs,PT,100A,StableMarking,00,FALSE,3,NUPN,CEX
5086,ShieldPPPs,PT,100B,StableMarking,00,FALSE,3,NUPN,CEX
5087,ShieldPPPt,PT,001A,StableMarking,00,FALSE,3,NUPN,CEX
5088,ShieldPPPt,PT,001B,StableMarking,00,FALSE,3,NUPN,CEX
5089,ShieldPPPt,PT,002A,StableMarking,00,FALSE,3,NUPN,CEX
5090,ShieldPPPt,PT,002B,StableMarking,00,FALSE,3,NUPN,CEX
5091,ShieldPPPt,PT,003A,StableMarking,00,FALSE,3,NUPN,CEX
5092,ShieldPPPt,PT,003B,StableMarking,00,FALSE,3,NUPN,CEX
5093,ShieldPPPt,PT,004A,StableMarking,00,FALSE,3,NUPN,CEX
5094,ShieldPPPt,PT,004B,StableMarking,00,FALSE,3,NUPN,CEX
5095,ShieldPPPt,PT,005A,StableMarking,00,FALSE,3,NUPN,CEX
5096,ShieldPPPt,PT,005B,StableMarking,00,FALSE,3,NUPN,CEX
5097,ShieldPPPt,PT,010A,StableMarking,00,FALSE,3,NUPN,CEX
5098,ShieldPPPt,PT,010B,StableMarking,00,FALSE,3,NUPN,CEX
5099,ShieldPPPt,PT,020A,StableMarking,00,FALSE,3,NUPN,CEX
5100,ShieldPPPt,PT,020B,StableMarking,00,FALSE,3,NUPN,CEX
5101,ShieldPPPt,PT,030A,StableMarking,00,FALSE,3,NUPN,CEX
5102,ShieldPPPt,PT,030B,StableMarking,00,FALSE,2,NUPN,CEX
5103,ShieldPPPt,PT,040A,StableMarking,00,FALSE,3,NUPN,CEX
5104,ShieldPPPt,PT,050A,StableMarking,00,FALSE,3,NUPN,CEX
5105,ShieldPPPt,PT,100A,StableMarking,00,FALSE,3,NUPN,CEX
5106,ShieldRVs,PT,001A,StableMarking,00,FALSE,3,NUPN,CEX
5107,ShieldRVs,PT,001B,StableMarking,00,FALSE,3,NUPN,CEX
5108,ShieldRVs,PT,002A,StableMarking,00,FALSE,3,NUPN,CEX
5109,ShieldRVs,PT,002B,StableMarking,00,FALSE,3,NUPN,CEX
5110,ShieldRVs,PT,003A,StableMarking,00,FALSE,3,NUPN,CEX
5111,ShieldRVs,PT,003B,StableMarking,00,FALSE,3,NUPN,CEX
5112,ShieldRVs,PT,004A,StableMarking,00,FALSE,3,NUPN,CEX
5113,ShieldRVs,PT,004B,StableMarking,00,FALSE,3,NUPN,CEX
5114,ShieldRVs,PT,005A,StableMarking,00,FALSE,3,NUPN,CEX
5115,ShieldRVs,PT,005B,StableMarking,00,FALSE,2,NUPN,CEX
5116,ShieldRVs,PT,010A,StableMarking,00,FALSE,3,NUPN,CEX
5117,ShieldRVs,PT,010B,StableMarking,00,FALSE,3,NUPN,CEX
5118,ShieldRVs,PT,020A,StableMarking,00,FALSE,3,NUPN,CEX
5119,ShieldRVs,PT,020B,StableMarking,00,FALSE,2,NUPN,CEX
5120,ShieldRVs,PT,030A,StableMarking,00,FALSE,3,NUPN,CEX
5121,ShieldRVs,PT,030B,StableMarking,00,FALSE,2,NUPN,CEX
5122,ShieldRVs,PT,040A,StableMarking,00,FALSE,3,NUPN,CEX
5123,ShieldRVs,PT,040B,StableMarking,00,FALSE,2,NUPN,CEX
5124,ShieldRVs,PT,050A,StableMarking,00,FALSE,3,NUPN,CEX
5125,ShieldRVs,PT,050B,StableMarking,00,FALSE,2,NUPN,CEX
5126,ShieldRVs,PT,100A,StableMarking,00,FALSE,3,NUPN,CEX
5127,ShieldRVs,PT,100B,StableMarking,00,FALSE,2,NUPN,CEX
5128,ShieldRVt,PT,001A,StableMarking,00,FALSE,3,NUPN,CEX
5129,ShieldRVt,PT,001B,StableMarking,00,FALSE,3,NUPN,CEX
5130,ShieldRVt,PT,002A,StableMarking,00,FALSE,3,NUPN,CEX
5131,ShieldRVt,PT,002B,StableMarking,00,FALSE,3,NUPN,CEX
5132,ShieldRVt,PT,003A,StableMarking,00,FALSE,3,NUPN,CEX
5133,ShieldRVt,PT,003B,StableMarking,00,FALSE,3,NUPN,CEX
5134,ShieldRVt,PT,004A,StableMarking,00,FALSE,3,NUPN,CEX
5135,ShieldRVt,PT,004B,StableMarking,00,FALSE,3,NUPN,CEX
5136,ShieldRVt,PT,005A,StableMarking,00,FALSE,3,NUPN,CEX
5137,ShieldRVt,PT,005B,StableMarking,00,FALSE,3,NUPN,CEX
5138,ShieldRVt,PT,010A,StableMarking,00,FALSE,3,NUPN,CEX
5139,ShieldRVt,PT,010B,StableMarking,00,FALSE,3,NUPN,CEX
5140,ShieldRVt,PT,020A,StableMarking,00,FALSE,3,NUPN,CEX
5141,ShieldRVt,PT,020B,StableMarking,00,FALSE,3,NUPN,CEX
5142,ShieldRVt,PT,030A,StableMarking,00,FALSE,3,NUPN,CEX
5143,ShieldRVt,PT,030B,StableMarking,00,FALSE,2,NUPN,CEX
5144,ShieldRVt,PT,040A,StableMarking,00,FALSE,3,NUPN,CEX
5145,ShieldRVt,PT,040B,StableMarking,00,FALSE,2,NUPN,CEX
5146,ShieldRVt,PT,050A,StableMarking,00,FALSE,3,NUPN,CEX
5147,ShieldRVt,PT,050B,StableMarking,00,FALSE,2,NUPN,CEX
5148,ShieldRVt,PT,100A,StableMarking,00,FALSE,3,NUPN,CEX
5149,SieveSingleMsgMbox,PT,d0m04,StableMarking,00,TRUE,3,NONE,INV
5150,SieveSingleMsgMbox,PT,d0m06,StableMarking,00,TRUE,3,NONE,INV
5151,SieveSingleMsgMbox,PT,d0m18,StableMarking,00,TRUE,3,NONE,INV
5152,SieveSingleMsgMbox,PT,d0m36,StableMarking,00,TRUE,3,NONE,INV
5153,SieveSingleMsgMbox,PT,d0m64,StableMarking,00,TRUE,3,NONE,INV
5154,SieveSingleMsgMbox,PT,d0m96,StableMarking,00,TRUE,3,NONE,INV
5155,SieveSingleMsgMbox,PT,d1m04,StableMarking,00,TRUE,3,NONE,INV
5156,SieveSingleMsgMbox,PT,d1m06,StableMarking,00,TRUE,3,NONE,INV
5157,SieveSingleMsgMbox,PT,d1m18,StableMarking,00,TRUE,3,NONE,INV
5158,SieveSingleMsgMbox,PT,d1m36,StableMarking,00,TRUE,3,NONE,INV
5159,SieveSingleMsgMbox,PT,d1m64,StableMarking,00,TRUE,3,NONE,INV
5160,SieveSingleMsgMbox,PT,d1m96,StableMarking,00,TRUE,3,NONE,INV
5161,SieveSingleMsgMbox,PT,d2m04,StableMarking,00,TRUE,3,NONE,INV
5162,SieveSingleMsgMbox,PT,d2m06,StableMarking,00,TRUE,3,NONE,INV
5163,SieveSingleMsgMbox,PT,d2m18,StableMarking,00,TRUE,3,NONE,INV
5164,SieveSingleMsgMbox,PT,d2m36,StableMarking,00,TRUE,3,NONE,INV
5165,SieveSingleMsgMbox,PT,d2m64,StableMarking,00,TRUE,3,NONE,INV
5166,SieveSingleMsgMbox,PT,d2m96,StableMarking,00,TRUE,3,NONE,INV
5167,SimpleLoadBal,PT,02,StableMarking,00,FALSE,3,GEN,CEX
5168,SimpleLoadBal,PT,05,StableMarking,00,TRUE,3,GEN,INV
5169,SimpleLoadBal,PT,10,StableMarking,00,TRUE,2,GEN,INV
5170,SimpleLoadBal,PT,15,StableMarking,00,TRUE,2,GEN,INV
5171,SimpleLoadBal,PT,20,StableMarking,00,TRUE,2,GEN,INV
5172,SmallOperatingSystem,PT,MT0016DC0008,StableMarking,00,FALSE,3,NONE,CEX
5173,SmallOperatingSystem,PT,MT0032DC0008,StableMarking,00,FALSE,3,NONE,CEX
5174,SmallOperatingSystem,PT,MT0032DC0016,StableMarking,00,FALSE,3,NONE,CEX
5175,SmallOperatingSystem,PT,MT0064DC0016,StableMarking,00,FALSE,3,NONE,CEX
5176,SmallOperatingSystem,PT,MT0064DC0032,StableMarking,00,FALSE,3,NONE,CEX
5177,SmallOperatingSystem,PT,MT0128DC0032,StableMarking,00,FALSE,3,NONE,CEX
5178,SmallOperatingSystem,PT,MT0128DC0064,StableMarking,00,FALSE,3,NONE,CEX
5179,SmallOperatingSystem,PT,MT0256DC0064,StableMarking,00,FALSE,3,NONE,CEX
5180,SmallOperatingSystem,PT,MT0256DC0128,StableMarking,00,FALSE,3,NONE,CEX
5181,SmallOperatingSystem,PT,MT0512DC0128,StableMarking,00,FALSE,3,NONE,CEX
5182,SmallOperatingSystem,PT,MT0512DC0256,StableMarking,00,FALSE,3,NONE,CEX
5183,SmallOperatingSystem,PT,MT1024DC0256,StableMarking,00,FALSE,3,NONE,CEX
5184,SmallOperatingSystem,PT,MT1024DC0512,StableMarking,00,FALSE,3,NONE,CEX
5185,SmallOperatingSystem,PT,MT2048DC0512,StableMarking,00,FALSE,3,NONE,CEX
5186,SmallOperatingSystem,PT,MT2048DC1024,StableMarking,00,FALSE,3,NONE,CEX
5187,SmallOperatingSystem,PT,MT4096DC1024,StableMarking,00,FALSE,3,NONE,CEX
5188,SmallOperatingSystem,PT,MT4096DC2048,StableMarking,00,FALSE,3,NONE,CEX
5189,SmallOperatingSystem,PT,MT8192DC2048,StableMarking,00,FALSE,3,NONE,CEX
5190,SmallOperatingSystem,PT,MT8192DC4096,StableMarking,00,FALSE,3,NONE,CEX
5191,SmartHome,PT,01,StableMarking,00,FALSE,3,NUPN,CEX
5192,SmartHome,PT,02,StableMarking,00,FALSE,3,NUPN,CEX
5193,SmartHome,PT,03,StableMarking,00,FALSE,3,NUPN,CEX
5194,SmartHome,PT,04,StableMarking,00,TRUE,3,NUPN,INV
5195,SmartHome,PT,05,StableMarking,00,TRUE,3,NUPN,INV
5196,SmartHome,PT,06,StableMarking,00,TRUE,3,NUPN,INV
5197,SmartHome,PT,07,StableMarking,00,TRUE,3,NUPN,INV
5198,SmartHome,PT,08,StableMarking,00,TRUE,3,NUPN,INV
5199,SmartHome,PT,09,StableMarking,00,TRUE,3,NUPN,INV
5200,SmartHome,PT,10,StableMarking,00,TRUE,3,NUPN,INV
5201,SmartHome,PT,11,StableMarking,00,TRUE,3,NUPN,INV
5202,SmartHome,PT,12,StableMarking,00,TRUE,3,NUPN,INV
5203,SmartHome,PT,13,StableMarking,00,TRUE,3,NUPN,INV
5204,SmartHome,PT,14,StableMarking,00,TRUE,3,NUPN,INV
5205,SmartHome,PT,15,StableMarking,00,TRUE,3,NUPN,INV
5206,SmartHome,PT,16,StableMarking,00,TRUE,3,NUPN,INV
5207,SmartHome,PT,17,StableMarking,00,TRUE,3,NUPN,INV
5208,SmartHome,PT,18,StableMarking,00,TRUE,3,NUPN,INV
5209,SmartHome,PT,19,StableMarking,00,TRUE,3,NUPN,INV
5210,Solitaire,PT,EngCT7x7,StableMarking,00,FALSE,3,NONE,CEX
5211,Solitaire,PT,EngNC7x7,StableMarking,00,FALSE,3,GEN,CEX
5212,Solitaire,PT,FrnCT7x7,StableMarking,00,FALSE,3,NONE,CEX
5213,Solitaire,PT,FrnNC7x7,StableMarking,00,FALSE,3,GEN,CEX
5214,Solitaire,PT,SqrCT5x5,StableMarking,00,FALSE,3,NONE,CEX
5215,Solitaire,PT,SqrNC5x5,StableMarking,00,FALSE,3,GEN,CEX
5216,SquareGrid,PT,020102,StableMarking,00,FALSE,3,NONE,CEX
5217,SquareGrid,PT,040204,StableMarking,00,FALSE,3,NONE,CEX
5218,SquareGrid,PT,080408,StableMarking,00,FALSE,3,NONE,CEX
5219,SquareGrid,PT,100510,StableMarking,00,FALSE,3,NONE,CEX
5220,SquareGrid,PT,130613,StableMarking,00,FALSE,3,NONE,CEX
5221,StigmergyCommit,PT,02a,StableMarking,00,FALSE,3,NUPN,CEX
5222,StigmergyCommit,PT,02b,StableMarking,00,FALSE,3,NUPN,CEX
5223,StigmergyCommit,PT,03a,StableMarking,00,FALSE,3,NUPN,CEX
5224,StigmergyCommit,PT,03b,StableMarking,00,FALSE,2,NUPN,CEX
5225,StigmergyCommit,PT,04a,StableMarking,00,FALSE,3,NUPN,CEX
5226,StigmergyCommit,PT,04b,StableMarking,00,FALSE,2,NUPN,CEX
5227,StigmergyCommit,PT,05a,StableMarking,00,FALSE,3,NUPN,CEX
5228,StigmergyCommit,PT,05b,StableMarking,00,FALSE,2,NUPN,CEX
5229,StigmergyCommit,PT,06a,StableMarking,00,FALSE,3,NUPN,CEX
5230,StigmergyCommit,PT,06b,StableMarking,00,FALSE,2,NUPN,CEX
5231,StigmergyCommit,PT,07a,StableMarking,00,FALSE,3,NUPN,CEX
5232,StigmergyCommit,PT,07b,StableMarking,00,FALSE,2,NUPN,CEX
5233,StigmergyCommit,PT,08a,StableMarking,00,FALSE,3,NUPN,CEX
5234,StigmergyCommit,PT,08b,StableMarking,00,FALSE,2,NUPN,CEX
5235,StigmergyCommit,PT,09a,StableMarking,00,FALSE,3,NUPN,CEX
5236,StigmergyCommit,PT,09b,StableMarking,00,FALSE,2,NUPN,CEX
5237,StigmergyCommit,PT,10a,StableMarking,00,FALSE,3,NUPN,CEX
5238,StigmergyCommit,PT,11a,StableMarking,00,FALSE,2,NUPN,CEX
5239,StigmergyElection,PT,02a,StableMarking,00,FALSE,3,NUPN,CEX
5240,StigmergyElection,PT,02b,StableMarking,00,FALSE,3,NUPN,CEX
5241,StigmergyElection,PT,03a,StableMarking,00,FALSE,3,NUPN,CEX
5242,StigmergyElection,PT,03b,StableMarking,00,FALSE,3,NUPN,CEX
5243,StigmergyElection,PT,04a,StableMarking,00,FALSE,3,NUPN,CEX
5244,StigmergyElection,PT,04b,StableMarking,00,FALSE,3,NUPN,CEX
5245,StigmergyElection,PT,05a,StableMarking,00,FALSE,3,NUPN,CEX
5246,StigmergyElection,PT,05b,StableMarking,00,FALSE,2,NUPN,CEX
5247,StigmergyElection,PT,06a,StableMarking,00,FALSE,3,NUPN,CEX
5248,StigmergyElection,PT,06b,StableMarking,00,FALSE,2,NUPN,CEX
5249,StigmergyElection,PT,07a,StableMarking,00,FALSE,3,NUPN,CEX
5250,StigmergyElection,PT,07b,StableMarking,00,FALSE,2,NUPN,CEX
5251,StigmergyElection,PT,08a,StableMarking,00,FALSE,3,NUPN,CEX
5252,StigmergyElection,PT,08b,StableMarking,00,FALSE,2,NUPN,CEX
5253,StigmergyElection,PT,09a,StableMarking,00,FALSE,3,NUPN,CEX
5254,StigmergyElection,PT,09b,StableMarking,00,FALSE,2,NUPN,CEX
5255,StigmergyElection,PT,10a,StableMarking,00,FALSE,3,NUPN,CEX
5256,StigmergyElection,PT,10b,StableMarking,00,FALSE,2,NUPN,CEX
5257,StigmergyElection,PT,11a,StableMarking,00,FALSE,2,NUPN,CEX
5258,Sudoku,COL,AN01,StableMarking,00,FALSE,3,NONE,CEX
5259,Sudoku,COL,AN02,StableMarking,00,FALSE,3,NONE,CEX
5260,Sudoku,COL,AN03,StableMarking,00,FALSE,3,NONE,CEX
5261,Sudoku,COL,AN04,StableMarking,00,FALSE,3,NONE,CEX
5262,Sudoku,COL,AN05,StableMarking,00,FALSE,3,NONE,CEX
5263,Sudoku,COL,AN06,StableMarking,00,FALSE,3,NONE,CEX
5264,Sudoku,COL,AN07,StableMarking,00,FALSE,3,NONE,CEX
5265,Sudoku,COL,AN08,StableMarking,00,FALSE,3,NONE,CEX
5266,Sudoku,COL,AN09,StableMarking,00,FALSE,3,NONE,CEX
5267,Sudoku,COL,AN10,StableMarking,00,FALSE,3,NONE,CEX
5268,Sudoku,COL,AN11,StableMarking,00,FALSE,3,NONE,CEX
5269,Sudoku,COL,AN12,StableMarking,00,FALSE,3,NONE,CEX
5270,Sudoku,COL,AN13,StableMarking,00,FALSE,3,NONE,CEX
5271,Sudoku,COL,AN14,StableMarking,00,FALSE,3,NONE,CEX
5272,Sudoku,COL,AN15,StableMarking,00,FALSE,3,NONE,CEX
5273,Sudoku,COL,AN16,StableMarking,00,FALSE,3,NONE,CEX
5274,Sudoku,COL,BN01,StableMarking,00,FALSE,3,NONE,CEX
5275,Sudoku,COL,BN04,StableMarking,00,FALSE,3,NONE,CEX
5276,Sudoku,COL,BN09,StableMarking,00,FALSE,3,NONE,CEX
5277,Sudoku,COL,BN16,StableMarking,00,FALSE,3,NONE,CEX
5278,Sudoku,PT,AN01,StableMarking,00,FALSE,3,GEN,CEX
5279,Sudoku,PT,AN02,StableMarking,00,FALSE,3,GEN,CEX
5280,Sudoku,PT,AN03,StableMarking,00,FALSE,3,GEN,CEX
5281,Sudoku,PT,AN04,StableMarking,00,FALSE,3,GEN,CEX
5282,Sudoku,PT,AN05,StableMarking,00,FALSE,3,GEN,CEX
5283,Sudoku,PT,AN06,StableMarking,00,FALSE,3,GEN,CEX
5284,Sudoku,PT,AN07,StableMarking,00,FALSE,3,GEN,CEX
5285,Sudoku,PT,AN08,StableMarking,00,FALSE,3,GEN,CEX
5286,Sudoku,PT,AN09,StableMarking,00,FALSE,3,GEN,CEX
5287,Sudoku,PT,AN10,StableMarking,00,FALSE,3,GEN,CEX
5288,Sudoku,PT,AN11,StableMarking,00,FALSE,3,GEN,CEX
5289,Sudoku,PT,AN12,StableMarking,00,FALSE,3,GEN,CEX
5290,Sudoku,PT,AN13,StableMarking,00,FALSE,3,GEN,CEX
5291,Sudoku,PT,AN14,StableMarking,00,FALSE,3,GEN,CEX
5292,Sudoku,PT,AN15,StableMarking,00,FALSE,3,GEN,CEX
5293,Sudoku,PT,AN16,StableMarking,00,FALSE,3,GEN,CEX
5294,Sudoku,PT,BN01,StableMarking,00,FALSE,3,GEN,CEX
5295,Sudoku,PT,BN04,StableMarking,00,FALSE,3,GEN,CEX
5296,Sudoku,PT,BN09,StableMarking,00,FALSE,3,GEN,CEX
5297,Sudoku,PT,BN16,StableMarking,00,FALSE,3,GEN,CEX
5298,SwimmingPool,PT,01,StableMarking,00,FALSE,3,NONE,CEX
5299,SwimmingPool,PT,02,StableMarking,00,FALSE,3,NONE,CEX
5300,SwimmingPool,PT,03,StableMarking,00,FALSE,3,NONE,CEX
5301,SwimmingPool,PT,04,StableMarking,00,FALSE,3,NONE,CEX
5302,SwimmingPool,PT,05,StableMarking,00,FALSE,3,NONE,CEX
5303,SwimmingPool,PT,06,StableMarking,00,FALSE,3,NONE,CEX
5304,SwimmingPool,PT,07,StableMarking,00,FALSE,3,NONE,CEX
5305,SwimmingPool,PT,08,StableMarking,00,FALSE,3,NONE,CEX
5306,SwimmingPool,PT,09,StableMarking,00,FALSE,3,NONE,CEX
5307,SwimmingPool,PT,10,StableMarking,00,FALSE,3,NONE,CEX
5308,Szymanski,PT,a02,StableMarking,00,TRUE,3,NONE,INV
5309,Szymanski,PT,a04,StableMarking,00,TRUE,3,NONE,INV
5310,Szymanski,PT,a06,StableMarking,00,TRUE,3,NONE,INV
5311,Szymanski,PT,a08,StableMarking,00,TRUE,3,NONE,INV
5312,Szymanski,PT,a10,StableMarking,00,TRUE,3,NONE,INV
5313,Szymanski,PT,a12,StableMarking,00,TRUE,3,NONE,INV
5314,Szymanski,PT,b02,StableMarking,00,TRUE,3,NONE,INV
5315,Szymanski,PT,b04,StableMarking,00,TRUE,3,NONE,INV
5316,Szymanski,PT,b06,StableMarking,00,TRUE,3,NONE,INV
5317,Szymanski,PT,b08,StableMarking,00,TRUE,3,NONE,INV
5318,Szymanski,PT,b10,StableMarking,00,TRUE,3,NONE,INV
5319,Szymanski,PT,b12,StableMarking,00,TRUE,3,NONE,INV
5320,TCPcondis,PT,05,StableMarking,00,FALSE,3,NONE,CEX
5321,TCPcondis,PT,10,StableMarking,00,FALSE,3,NONE,CEX
5322,TCPcondis,PT,15,StableMarking,00,FALSE,3,NONE,CEX
5323,TCPcondis,PT,20,StableMarking,00,FALSE,3,NONE,CEX
5324,TCPcondis,PT,25,StableMarking,00,FALSE,3,NONE,CEX
5325,TCPcondis,PT,30,StableMarking,00,FALSE,3,NONE,CEX
5326,TCPcondis,PT,35,StableMarking,00,FALSE,3,NONE,CEX
5327,TCPcondis,PT,40,StableMarking,00,FALSE,3,NONE,CEX
5328,TCPcondis,PT,50,StableMarking,00,FALSE,3,NONE,CEX
5329,TokenRing,COL,005,StableMarking,00,TRUE,3,NONE,INV
5330,TokenRing,COL,010,StableMarking,00,TRUE,3,NONE,INV
5331,TokenRing,COL,015,StableMarking,00,TRUE,3,NONE,INV
5332,TokenRing,COL,020,StableMarking,00,TRUE,3,NONE,INV
5333,TokenRing,COL,030,StableMarking,00,TRUE,3,NONE,INV
5334,TokenRing,COL,040,StableMarking,00,TRUE,3,NONE,INV
5335,TokenRing,COL,050,StableMarking,00,TRUE,3,NONE,INV
5336,TokenRing,COL,100,StableMarking,00,TRUE,3,NONE,INV
5337,TokenRing,COL,200,StableMarking,00,TRUE,2,NONE,INV
5338,TokenRing,COL,500,StableMarking,00,TRUE,2,NONE,INV
5339,TokenRing,PT,005,StableMarking,00,FALSE,3,GEN,CEX
5340,TokenRing,PT,010,StableMarking,00,FALSE,3,GEN,CEX
5341,TokenRing,PT,015,StableMarking,00,FALSE,3,GEN,CEX
5342,TokenRing,PT,020,StableMarking,00,FALSE,3,GEN,CEX
5343,TokenRing,PT,030,StableMarking,00,FALSE,3,GEN,CEX
5344,TokenRing,PT,040,StableMarking,00,FALSE,3,GEN,CEX
5345,TokenRing,PT,050,StableMarking,00,FALSE,3,GEN,CEX
5346,TriangularGrid,PT,1200,StableMarking,00,FALSE,3,NONE,CEX
5347,TriangularGrid,PT,1500,StableMarking,00,FALSE,3,NONE,CEX
5348,TriangularGrid,PT,2011,StableMarking,00,FALSE,3,NONE,CEX
5349,TriangularGrid,PT,3011,StableMarking,00,FALSE,3,NONE,CEX
5350,TriangularGrid,PT,3026,StableMarking,00,FALSE,3,NONE,CEX
5351,TriangularGrid,PT,4022,StableMarking,00,FALSE,3,NONE,CEX
5352,TriangularGrid,PT,5020,StableMarking,00,FALSE,3,NONE,CEX
5353,TriangularGrid,PT,5046,StableMarking,00,FALSE,3,NONE,CEX
5354,TwoPhaseLocking,PT,nC00004vD,StableMarking,00,FALSE,3,NONE,CEX
5355,TwoPhaseLocking,PT,nC00004vN,StableMarking,00,FALSE,3,NONE,CEX
5356,TwoPhaseLocking,PT,nC00010vD,StableMarking,00,FALSE,3,NONE,CEX
5357,TwoPhaseLocking,PT,nC00010vN,StableMarking,00,FALSE,3,NONE,CEX
5358,TwoPhaseLocking,PT,nC00020vD,StableMarking,00,FALSE,3,NONE,CEX
5359,TwoPhaseLocking,PT,nC00020vN,StableMarking,00,FALSE,3,NONE,CEX
5360,TwoPhaseLocking,PT,nC00050vD,StableMarking,00,FALSE,3,NONE,CEX
5361,TwoPhaseLocking,PT,nC00050vN,StableMarking,00,FALSE,3,NONE,CEX
5362,TwoPhaseLocking,PT,nC00100vD,StableMarking,00,FALSE,3,NONE,CEX
5363,TwoPhaseLocking,PT,nC00100vN,StableMarking,00,FALSE,3,NONE,CEX
5364,TwoPhaseLocking,PT,nC00200vD,StableMarking,00,FALSE,3,NONE,CEX
5365,TwoPhaseLocking,PT,nC00200vN,StableMarking,00,FALSE,3,NONE,CEX
5366,TwoPhaseLocking,PT,nC00500vD,StableMarking,00,FALSE,3,NONE,CEX
5367,TwoPhaseLocking,PT,nC00500vN,StableMarking,00,FALSE,3,NONE,CEX
5368,TwoPhaseLocking,PT,nC01000vD,StableMarking,00,FALSE,3,NONE,CEX
5369,TwoPhaseLocking,PT,nC01000vN,StableMarking,00,FALSE,3,NONE,CEX
5370,TwoPhaseLocking,PT,nC02000vD,StableMarking,00,FALSE,3,NONE,CEX
5371,TwoPhaseLocking,PT,nC02000vN,StableMarking,00,FALSE,3,NONE,CEX
5372,TwoPhaseLocking,PT,nC05000vD,StableMarking,00,FALSE,3,NONE,CEX
5373,TwoPhaseLocking,PT,nC05000vN,StableMarking,00,FALSE,3,NONE,CEX
5374,TwoPhaseLocking,PT,nC10000vD,StableMarking,00,FALSE,3,NONE,CEX
5375,TwoPhaseLocking,PT,nC10000vN,StableMarking,00,FALSE,3,NONE,CEX
5376,UtahNoC,PT,none,StableMarking,00,FALSE,3,NUPN,CEX
5377,UtilityControlRoom,COL,Z2T3N04,StableMarking,00,FALSE,3,NONE,CEX
5378,UtilityControlRoom,COL,Z2T3N06,StableMarking,00,FALSE,3,NONE,CEX
5379,UtilityControlRoom,COL,Z2T3N08,StableMarking,00,FALSE,3,NONE,CEX
5380,UtilityControlRoom,COL,Z2T3N10,StableMarking,00,FALSE,3,NONE,CEX
5381,UtilityControlRoom,COL,Z2T4N02,StableMarking,00,FALSE,3,NONE,CEX
5382,UtilityControlRoom,COL,Z2T4N04,StableMarking,00,FALSE,3,NONE,CEX
5383,UtilityControlRoom,COL,Z2T4N06,StableMarking,00,FALSE,3,NONE,CEX
5384,UtilityControlRoom,COL,Z2T4N08,StableMarking,00,FALSE,3,NONE,CEX
5385,UtilityControlRoom,COL,Z2T4N10,StableMarking,00,FALSE,3,NONE,CEX
5386,UtilityControlRoom,COL,Z4T3N06,StableMarking,00,FALSE,3,NONE,CEX
5387,UtilityControlRoom,COL,Z4T3N08,StableMarking,00,FALSE,3,NONE,CEX
5388,UtilityControlRoom,COL,Z4T3N10,StableMarking,00,FALSE,3,NONE,CEX
5389,UtilityControlRoom,COL,Z4T4N02,StableMarking,00,FALSE,3,NONE,CEX
5390,UtilityControlRoom,COL,Z4T4N04,StableMarking,00,FALSE,3,NONE,CEX
5391,UtilityControlRoom,COL,Z4T4N06,StableMarking,00,FALSE,3,NONE,CEX
5392,UtilityControlRoom,COL,Z4T4N08,StableMarking,00,FALSE,3,NONE,CEX
5393,UtilityControlRoom,COL,Z4T4N10,StableMarking,00,FALSE,3,NONE,CEX
5394,UtilityControlRoom,PT,Z2T3N04,StableMarking,00,FALSE,3,NONE,CEX
5395,UtilityControlRoom,PT,Z2T3N06,StableMarking,00,FALSE,3,NONE,CEX
5396,UtilityControlRoom,PT,Z2T3N08,StableMarking,00,FALSE,3,NONE,CEX
5397,UtilityControlRoom,PT,Z2T3N10,StableMarking,00,FALSE,3,NONE,CEX
5398,UtilityControlRoom,PT,Z2T4N02,StableMarking,00,FALSE,3,NONE,CEX
5399,UtilityControlRoom,PT,Z2T4N04,StableMarking,00,FALSE,3,NONE,CEX
5400,UtilityControlRoom,PT,Z2T4N06,StableMarking,00,FALSE,3,NONE,CEX
5401,UtilityControlRoom,PT,Z2T4N08,StableMarking,00,FALSE,3,NONE,CEX
5402,UtilityControlRoom,PT,Z2T4N10,StableMarking,00,FALSE,3,NONE,CEX
5403,UtilityControlRoom,PT,Z4T3N06,StableMarking,00,FALSE,3,NONE,CEX
5404,UtilityControlRoom,PT,Z4T3N08,StableMarking,00,FALSE,3,NONE,CEX
5405,UtilityControlRoom,PT,Z4T3N10,StableMarking,00,FALSE,3,NONE,CEX
5406,UtilityControlRoom,PT,Z4T4N02,StableMarking,00,FALSE,3,NONE,CEX
5407,UtilityControlRoom,PT,Z4T4N04,StableMarking,00,FALSE,3,NONE,CEX
5408,UtilityControlRoom,PT,Z4T4N06,StableMarking,00,FALSE,3,NONE,CEX
5409,UtilityControlRoom,PT,Z4T4N08,StableMarking,00,FALSE,3,NONE,CEX
5410,UtilityControlRoom,PT,Z4T4N10,StableMarking,00,FALSE,3,NONE,CEX
5411,Vasy2003,PT,none,StableMarking,00,FALSE,3,NUPN,CEX
5412,VehicularWifi,COL,none,StableMarking,00,TRUE,3,NONE,INV
5413,ViralEpidemic,PT,S02D1C1A10,StableMarking,00,FALSE,3,GEN,CEX
5414,ViralEpidemic,PT,S02D1C1A12,StableMarking,00,FALSE,2,GEN,CEX
5415,ViralEpidemic,PT,S03D1C1A02,StableMarking,00,FALSE,3,GEN,CEX
5416,ViralEpidemic,PT,S03D1C1A04,StableMarking,00,FALSE,3,GEN,CEX
5417,ViralEpidemic,PT,S03D1C1A06,StableMarking,00,FALSE,3,GEN,CEX
5418,ViralEpidemic,PT,S03D1C1A08,StableMarking,00,FALSE,2,GEN,CEX
5419,ViralEpidemic,PT,S04D1C1A02,StableMarking,00,FALSE,3,GEN,CEX
5420,ViralEpidemic,PT,S04D1C1A03,StableMarking,00,FALSE,3,GEN,CEX
5421,ViralEpidemic,PT,S04D1C1A04,StableMarking,00,FALSE,3,GEN,CEX
5422,ViralEpidemic,PT,S04D1C1A06,StableMarking,00,FALSE,2,GEN,CEX
5423,ViralEpidemic,PT,S08D1C2A02,StableMarking,00,FALSE,3,NONE,CEX
5424,ViralEpidemic,PT,S08D1C2A04,StableMarking,00,FALSE,2,NONE,CEX
5425,ViralEpidemic,PT,S16D2C4A01,StableMarking,00,FALSE,3,NONE,CEX
5426,ViralEpidemic,PT,S16D2C4A02,StableMarking,00,FALSE,3,NONE,CEX
5427,ViralEpidemic,PT,S16D2C4A03,StableMarking,00,FALSE,2,NONE,CEX
5428,ZombiesAndSurvivors,PT,Circular04005005,StableMarking,00,FALSE,3,NONE,CEX
5429,ZombiesAndSurvivors,PT,Circular04100100,StableMarking,00,FALSE,3,NONE,CEX
5430,ZombiesAndSurvivors,PT,Circular32050050,StableMarking,00,FALSE,3,NONE,CEX
5431,ZombiesAndSurvivors,PT,Circular64010010,StableMarking,00,FALSE,3,NONE,CEX
5432,ZombiesAndSurvivors,PT,Circular8100100,StableMarking,00,FALSE,3,NONE,CEX
5433,ZombiesAndSurvivors,PT,Heawood140505,StableMarking,00,FALSE,3,NONE,CEX
5434,ZombiesAndSurvivors,PT,Heawood146060,StableMarking,00,FALSE,3,NONE,CEX
5435,ZombiesAndSurvivors,PT,Heawood172525,StableMarking,00,FALSE,3,NONE,CEX
5436,ZombiesAndSurvivors,PT,Heawood175050,StableMarking,00,FALSE,3,NONE,CEX
5437,ZombiesAndSurvivors,PT,Heawood381515,StableMarking,00,FALSE,3,NONE,CEX
5438,ZombiesAndSurvivors,PT,Kneser210702005005,StableMarking,00,FALSE,3,NONE,CEX
5439,ZombiesAndSurvivors,PT,Kneser210702060060,StableMarking,00,FALSE,3,NONE,CEX
5440,ZombiesAndSurvivors,PT,Kneser210702080080,StableMarking,00,FALSE,3,NONE,CEX
5441,ZombiesAndSurvivors,PT,Kneser350703060060,StableMarking,00,FALSE,3,NONE,CEX
5442,ZombiesAndSurvivors,PT,Kneser350703100100,StableMarking,00,FALSE,3,NONE,CEX
5443,ErlangenMainframeV1,PT,aP09C09,StableMarking,00,FALSE,3,NONE,CEX
5444,ErlangenMainframeV1,PT,aP10C08,StableMarking,00,FALSE,3,NONE,CEX
5445,ErlangenMainframeV1,PT,aP11C06,StableMarking,00,FALSE,3,NONE,CEX
5446,ErlangenMainframeV1,PT,aP12C04,StableMarking,00,FALSE,3,NONE,CEX
5447,ErlangenMainframeV1,PT,aP13C02,StableMarking,00,FALSE,3,NONE,CEX
5448,ErlangenMainframeV1,PT,aP14C01,StableMarking,00,FALSE,3,NONE,CEX
5449,ErlangenMainframeV1,PT,bP01C01,StableMarking,00,FALSE,3,NONE,CEX
5450,ErlangenMainframeV1,PT,bP02C02,StableMarking,00,FALSE,3,NONE,CEX
5451,ErlangenMainframeV1,PT,bP03C03,StableMarking,00,FALSE,3,NONE,CEX
5452,ErlangenMainframeV1,PT,bP04C04,StableMarking,00,FALSE,3,NONE,CEX
5453,ErlangenMainframeV1,PT,bP05C05,StableMarking,00,FALSE,3,NONE,CEX
5454,ErlangenMainframeV1,PT,bP06C06,StableMarking,00,FALSE,3,NONE,CEX
5455,ErlangenMainframeV1,PT,bP07C07,StableMarking,00,FALSE,3,NONE,CEX
5456,ErlangenMainframeV1,PT,bP08C08,StableMarking,00,FALSE,3,NONE,CEX
5457,ErlangenMainframeV1,PT,bP09C09,StableMarking,00,FALSE,2,NONE,CEX
5458,ErlangenMainframeV1,PT,bP10C08,StableMarking,00,FALSE,2,NONE,CEX
5459,ErlangenMainframeV1,PT,bP11C06,StableMarking,00,FALSE,2,NONE,CEX
5460,ErlangenMainframeV1,PT,bP12C04,StableMarking,00,FALSE,2,NONE,CEX
5461,ErlangenMainframeV1,PT,bP13C02,StableMarking,00,FALSE,2,NONE,CEX
5462,ErlangenMainframeV1,PT,bP14C01,StableMarking,00,FALSE,2,NONE,CEX
5463,ErlangenMainframeV2,PT,aP09C09,StableMarking,00,FALSE,3,NONE,CEX
5464,ErlangenMainframeV2,PT,aP10C08,StableMarking,00,FALSE,3,NONE,CEX
5465,ErlangenMainframeV2,PT,aP11C06,StableMarking,00,FALSE,3,NONE,CEX
5466,ErlangenMainframeV2,PT,aP12C04,StableMarking,00,FALSE,3,NONE,CEX
5467,ErlangenMainframeV2,PT,aP13C02,StableMarking,00,FALSE,3,NONE,CEX
5468,ErlangenMainframeV2,PT,aP14C01,StableMarking,00,FALSE,3,NONE,CEX
5469,ErlangenMainframeV2,PT,bP01C01,StableMarking,00,FALSE,3,NONE,CEX
5470,ErlangenMainframeV2,PT,bP02C02,StableMarking,00,FALSE,3,NONE,CEX
5471,ErlangenMainframeV2,PT,bP03C03,StableMarking,00,FALSE,3,NONE,CEX
5472,ErlangenMainframeV2,PT,bP04C04,StableMarking,00,FALSE,3,NONE,CEX
5473,ErlangenMainframeV2,PT,bP05C05,StableMarking,00,FALSE,3,NONE,CEX
5474,ErlangenMainframeV2,PT,bP06C06,StableMarking,00,FALSE,3,NONE,CEX
5475,ErlangenMainframeV2,PT,bP07C07,StableMarking,00,FALSE,3,NONE,CEX
5476,ErlangenMainframeV2,PT,bP08C08,StableMarking,00,FALSE,3,NONE,CEX
5477,ErlangenMainframeV2,PT,bP09C09,StableMarking,00,FALSE,2,NONE,CEX
5478,ErlangenMainframeV2,PT,bP10C08,StableMarking,00,FALSE,2,NONE,CEX
5479,ErlangenMainframeV2,PT,bP11C06,StableMarking,00,FALSE,2,NONE,CEX
5480,ErlangenMainframeV2,PT,bP12C04,StableMarking,00,FALSE,2,NONE,CEX
5481,ErlangenMainframeV2,PT,bP13C02,StableMarking,00,FALSE,2,NONE,CEX
5482,ErlangenMainframeV2,PT,bP14C01,StableMarking,00,FALSE,2,NONE,CEX
5483,FileSystem,PT,N02I05B05,StableMarking,00,TRUE,3,NONE,INV
5484,FileSystem,PT,N02I10B08,StableMarking,00,TRUE,3,NONE,INV
5485,FileSystem,PT,N02I10B10,StableMarking,00,TRUE,3,NONE,INV
5486,FileSystem,PT,N02I15B15,StableMarking,00,TRUE,3,NONE,INV
5487,FileSystem,PT,N03I10B08,StableMarking,00,TRUE,3,NONE,INV
5488,FileSystem,PT,N03I10B10,StableMarking,00,TRUE,3,NONE,INV
5489,FileSystem,PT,N03I10B15,StableMarking,00,TRUE,3,NONE,INV
5490,FileSystem,PT,N05I10B10,StableMarking,00,TRUE,3,NONE,INV
5491,FileSystem,PT,N05I10B15,StableMarking,00,TRUE,3,NONE,INV
5492,FileSystem,PT,N08I32B26,StableMarking,00,TRUE,3,NONE,INV
5493,LastZero,COL,N08,StableMarking,00,TRUE,3,NONE,INV
5494,LastZero,COL,N10,StableMarking,00,TRUE,3,NONE,INV
5495,LastZero,COL,N12,StableMarking,00,TRUE,3,NONE,INV
5496,LastZero,COL,N14,StableMarking,00,TRUE,3,NONE,INV
5497,LastZero,COL,N16,StableMarking,00,TRUE,3,NONE,INV
5498,LastZero,COL,N18,StableMarking,00,TRUE,3,NONE,INV
5499,LastZero,COL,N20,StableMarking,00,TRUE,3,NONE,INV
5500,LastZero,COL,N22,StableMarking,00,TRUE,3,NONE,INV
5501,LastZero,COL,N24,StableMarking,00,TRUE,3,NONE,INV
5502,LastZero,COL,N26,StableMarking,00,TRUE,3,NONE,INV
5503,LastZero,PT,N08,StableMarking,00,TRUE,3,NONE,INV
5504,LastZero,PT,N10,StableMarking,00,TRUE,3,NONE,INV
5505,LastZero,PT,N12,StableMarking,00,TRUE,3,NONE,INV
5506,LastZero,PT,N14,StableMarking,00,TRUE,3,NONE,INV
5507,LastZero,PT,N16,StableMarking,00,TRUE,3,NONE,INV
5508,LastZero,PT,N18,StableMarking,00,TRUE,3,NONE,INV
5509,LastZero,PT,N20,StableMarking,00,TRUE,3,NONE,INV
5510,LastZero,PT,N22,StableMarking,00,TRUE,3,NONE,INV
5511,LastZero,PT,N24,StableMarking,00,TRUE,3,NONE,INV
5512,LastZero,PT,N26,StableMarking,00,TRUE,3,NONE,INV
5513,SupplyChain,PT,00002,StableMarking,00,FALSE,3,NONE,CEX
5514,SupplyChain,PT,00005,StableMarking,00,FALSE,3,NONE,CEX
5515,SupplyChain,PT,00010,StableMarking,00,FALSE,3,NONE,CEX
5516,SupplyChain,PT,00020,StableMarking,00,FALSE,3,NONE,CEX
5517,SupplyChain,PT,00050,StableMarking,00,FALSE,3,NONE,CEX
5518,SupplyChain,PT,00100,StableMarking,00,TRUE,2,NONE,INV
5519,SupplyChain,PT,00200,StableMarking,00,TRUE,2,NONE,INV
5520,SupplyChain,PT,00500,StableMarking,00,TRUE,2,NONE,INV
5521,SupplyChain,PT,01000,StableMarking,00,TRUE,2,NONE,INV
5522,SupplyChain,PT,02000,StableMarking,00,TRUE,2,NONE,INV
5523,SupplyChain,PT,03000,StableMarking,00,TRUE,2,NONE,INV
5524,SupplyChain,PT,04000,StableMarking,00,TRUE,2,NONE,INV
5525,SupplyChain,PT,05000,StableMarking,00,TRUE,2,NONE,INV
5526,SupplyChain,PT,06000,StableMarking,00,TRUE,2,NONE,INV
5527,DoubleExponent,PT,020,StableMarking,00,TRUE,1,NONE,INV
5528,DoubleExponent,PT,200,StableMarking,00,TRUE,1,NONE,INV
5529,GPPP,PT,C0010N1000000000,StableMarking,00,FALSE,1,NONE,CEX
5530,MultiCrashLeafsetExtension,PT,S16C04,StableMarking,00,TRUE,1,NONE,INV
5531,MultiCrashLeafsetExtension,PT,S16C06,StableMarking,00,TRUE,1,NONE,INV
5532,MultiCrashLeafsetExtension,PT,S16C07,StableMarking,00,TRUE,1,NONE,INV
5533,MultiCrashLeafsetExtension,PT,S24C03,StableMarking,00,TRUE,1,NONE,INV
5534,MultiCrashLeafsetExtension,PT,S24C04,StableMarking,00,TRUE,1,NONE,INV
5535,MultiCrashLeafsetExtension,PT,S24C05,StableMarking,00,TRUE,1,NONE,INV
5536,MultiCrashLeafsetExtension,PT,S32C02,StableMarking,00,TRUE,1,NONE,INV
5537,MultiCrashLeafsetExtension,PT,S32C03,StableMarking,00,TRUE,1,NONE,INV
5538,MultiCrashLeafsetExtension,PT,S32C04,StableMarking,00,TRUE,1,NONE,INV
5539,RERS2020,PT,pb102,StableMarking,00,TRUE,1,NUPN,INV
5540,RERS2020,PT,pb104,StableMarking,00,TRUE,1,NUPN,INV
5541,RERS2020,PT,pb105,StableMarking,00,TRUE,1,NUPN,INV
5542,RERS2020,PT,pb106,StableMarking,00,TRUE,1,NUPN,INV
5543,RERS2020,PT,pb107,StableMarking,00,TRUE,2,NUPN,INV
5544,RERS2020,PT,pb109,StableMarking,00,TRUE,1,NUPN,INV
5545,ServersAndClients,PT,200320,StableMarking,00,FALSE,1,GEN,CEX
5546,ServersAndClients,PT,400080,StableMarking,00,FALSE,2,GEN,CEX
5547,ServersAndClients,PT,400160,StableMarking,00,FALSE,1,GEN,CEX
5548,FileSystem,COL,N02I05B05,StableMarking,00,TRUE,1,NONE,INV
5549,FileSystem,COL,N02I10B08,StableMarking,00,TRUE,1,NONE,INV
5550,FileSystem,COL,N02I10B10,StableMarking,00,TRUE,1,NONE,INV
5551,FileSystem,COL,N02I15B15,StableMarking,00,TRUE,1,NONE,INV
5552,FileSystem,COL,N03I10B08,StableMarking,00,TRUE,1,NONE,INV
5553,FileSystem,COL,N03I10B10,StableMarking,00,TRUE,1,NONE,INV
5554,FileSystem,COL,N03I10B15,StableMarking,00,TRUE,1,NONE,INV
5555,FileSystem,COL,N05I10B10,StableMarking,00,TRUE,1,NONE,INV
5556,FileSystem,COL,N05I10B15,StableMarking,00,TRUE,1,NONE,INV
5557,FileSystem,COL,N08I32B26,StableMarking,00,TRUE,1,NONE,INV
5558,BlocksWorld,PT,12,StableMarking,00,TRUE,1,NONE,INV
5559,BlocksWorld,PT,13,StableMarking,00,TRUE,1,NONE,INV
5560,MedleyB,PT,B12,StableMarking,00,FALSE,1,NONE,CEX
5561,ResIsolation,PT,N10P4,StableMarking,00,FALSE,1,NONE,CEX
5562,StigmergyCommit,PT,11b,StableMarking,00,TRUE,1,NUPN,INV
5563,AirplaneLD,COL,0010,Liveness,00,FALSE,3,NONE,CEX
5564,AirplaneLD,COL,0020,Liveness,00,FALSE,3,NONE,CEX
5565,AirplaneLD,COL,0050,Liveness,00,FALSE,3,NONE,CEX
5566,AirplaneLD,COL,0100,Liveness,00,FALSE,3,NONE,CEX
5567,AirplaneLD,COL,0200,Liveness,00,FALSE,3,NONE,CEX
5568,AirplaneLD,COL,0500,Liveness,00,FALSE,3,NONE,CEX
5569,AirplaneLD,COL,1000,Liveness,00,FALSE,3,NONE,CEX
5570,AirplaneLD,COL,2000,Liveness,00,FALSE,3,NONE,CEX
5571,AirplaneLD,COL,4000,Liveness,00,FALSE,3,NONE,CEX
5572,AirplaneLD,PT,0010,Liveness,00,FALSE,3,GEN,CEX
5573,AirplaneLD,PT,0020,Liveness,00,FALSE,3,GEN,CEX
5574,AirplaneLD,PT,0050,Liveness,00,FALSE,3,GEN,CEX
5575,AirplaneLD,PT,0100,Liveness,00,FALSE,3,GEN,CEX
5576,AirplaneLD,PT,0200,Liveness,00,FALSE,3,GEN,CEX
5577,AirplaneLD,PT,0500,Liveness,00,FALSE,3,GEN,CEX
5578,AirplaneLD,PT,1000,Liveness,00,FALSE,3,GEN,CEX
5579,AirplaneLD,PT,2000,Liveness,00,FALSE,3,GEN,CEX
5580,AirplaneLD,PT,4000,Liveness,00,FALSE,3,GEN,CEX
5581,Anderson,PT,04,Liveness,00,TRUE,3,NUPN,INV
5582,Angiogenesis,PT,01,Liveness,00,FALSE,3,GEN,CEX
5583,Angiogenesis,PT,05,Liveness,00,FALSE,3,NONE,CEX
5584,Angiogenesis,PT,10,Liveness,00,FALSE,3,NONE,CEX
5585,Angiogenesis,PT,15,Liveness,00,FALSE,2,NONE,CEX
5586,Angiogenesis,PT,20,Liveness,00,FALSE,3,NONE,CEX
5587,Angiogenesis,PT,25,Liveness,00,FALSE,2,NONE,CEX
5588,Angiogenesis,PT,50,Liveness,00,FALSE,3,NONE,CEX
5589,ARMCacheCoherence,PT,none,Liveness,00,FALSE,2,NUPN,CEX
5590,ASLink,PT,01a,Liveness,00,FALSE,3,NUPN,CEX
5591,ASLink,PT,01b,Liveness,00,FALSE,3,NUPN,CEX
5592,ASLink,PT,02a,Liveness,00,FALSE,3,NUPN,CEX
5593,ASLink,PT,02b,Liveness,00,FALSE,3,NUPN,CEX
5594,ASLink,PT,03a,Liveness,00,FALSE,3,NUPN,CEX
5595,ASLink,PT,03b,Liveness,00,FALSE,3,NUPN,CEX
5596,ASLink,PT,04a,Liveness,00,FALSE,3,NUPN,CEX
5597,ASLink,PT,04b,Liveness,00,FALSE,3,NUPN,CEX
5598,ASLink,PT,05a,Liveness,00,FALSE,3,NUPN,CEX
5599,ASLink,PT,05b,Liveness,00,FALSE,3,NUPN,CEX
5600,ASLink,PT,06a,Liveness,00,FALSE,3,NUPN,CEX
5601,ASLink,PT,06b,Liveness,00,FALSE,3,NUPN,CEX
5602,ASLink,PT,07a,Liveness,00,FALSE,3,NUPN,CEX
5603,ASLink,PT,07b,Liveness,00,FALSE,3,NUPN,CEX
5604,ASLink,PT,08a,Liveness,00,FALSE,3,NUPN,CEX
5605,ASLink,PT,08b,Liveness,00,FALSE,3,NUPN,CEX
5606,ASLink,PT,09a,Liveness,00,FALSE,3,NUPN,CEX
5607,ASLink,PT,09b,Liveness,00,FALSE,3,NUPN,CEX
5608,ASLink,PT,10a,Liveness,00,FALSE,3,NUPN,CEX
5609,ASLink,PT,10b,Liveness,00,FALSE,3,NUPN,CEX
5610,AutoFlight,PT,01a,Liveness,00,FALSE,3,NUPN,CEX
5611,AutoFlight,PT,01b,Liveness,00,FALSE,3,NUPN,CEX
5612,AutoFlight,PT,02a,Liveness,00,FALSE,3,NUPN,CEX
5613,AutoFlight,PT,02b,Liveness,00,FALSE,3,NUPN,CEX
5614,AutoFlight,PT,03a,Liveness,00,FALSE,3,NUPN,CEX
5615,AutoFlight,PT,03b,Liveness,00,FALSE,3,NUPN,CEX
5616,AutoFlight,PT,04a,Liveness,00,FALSE,3,NUPN,CEX
5617,AutoFlight,PT,04b,Liveness,00,FALSE,3,NUPN,CEX
5618,AutoFlight,PT,05a,Liveness,00,FALSE,3,NUPN,CEX
5619,AutoFlight,PT,05b,Liveness,00,FALSE,3,NUPN,CEX
5620,AutoFlight,PT,06a,Liveness,00,FALSE,3,NUPN,CEX
5621,AutoFlight,PT,06b,Liveness,00,FALSE,3,NUPN,CEX
5622,AutoFlight,PT,12a,Liveness,00,FALSE,3,NUPN,CEX
5623,AutoFlight,PT,12b,Liveness,00,FALSE,3,NUPN,CEX
5624,AutoFlight,PT,24a,Liveness,00,FALSE,3,NUPN,CEX
5625,AutoFlight,PT,24b,Liveness,00,FALSE,3,NUPN,CEX
5626,AutoFlight,PT,48a,Liveness,00,FALSE,3,NUPN,CEX
5627,AutoFlight,PT,48b,Liveness,00,FALSE,3,NUPN,CEX
5628,AutoFlight,PT,96a,Liveness,00,FALSE,3,NUPN,CEX
5629,AutoFlight,PT,96b,Liveness,00,FALSE,3,NUPN,CEX
5630,AutonomousCar,PT,01a,Liveness,00,FALSE,3,NUPN,CEX
5631,AutonomousCar,PT,01b,Liveness,00,FALSE,3,NUPN,CEX
5632,AutonomousCar,PT,02a,Liveness,00,FALSE,3,NUPN,CEX
5633,AutonomousCar,PT,02b,Liveness,00,FALSE,3,NUPN,CEX
5634,AutonomousCar,PT,03a,Liveness,00,FALSE,3,NUPN,CEX
5635,AutonomousCar,PT,03b,Liveness,00,FALSE,3,NUPN,CEX
5636,AutonomousCar,PT,04a,Liveness,00,FALSE,3,NUPN,CEX
5637,AutonomousCar,PT,04b,Liveness,00,FALSE,3,NUPN,CEX
5638,AutonomousCar,PT,05a,Liveness,00,FALSE,3,NUPN,CEX
5639,AutonomousCar,PT,05b,Liveness,00,FALSE,3,NUPN,CEX
5640,AutonomousCar,PT,06a,Liveness,00,FALSE,3,NUPN,CEX
5641,AutonomousCar,PT,06b,Liveness,00,FALSE,3,NUPN,CEX
5642,AutonomousCar,PT,07a,Liveness,00,FALSE,3,NUPN,CEX
5643,AutonomousCar,PT,07b,Liveness,00,FALSE,3,NUPN,CEX
5644,AutonomousCar,PT,08a,Liveness,00,FALSE,3,NUPN,CEX
5645,AutonomousCar,PT,08b,Liveness,00,FALSE,3,NUPN,CEX
5646,AutonomousCar,PT,09a,Liveness,00,FALSE,3,NUPN,CEX
5647,AutonomousCar,PT,09b,Liveness,00,FALSE,3,NUPN,CEX
5648,AutonomousCar,PT,10a,Liveness,00,FALSE,3,NUPN,CEX
5649,AutonomousCar,PT,10b,Liveness,00,FALSE,3,NUPN,CEX
5650,BART,COL,002,Liveness,00,FALSE,3,NONE,CEX
5651,BART,COL,005,Liveness,00,FALSE,3,NONE,CEX
5652,BART,COL,010,Liveness,00,FALSE,3,NONE,CEX
5653,BART,COL,020,Liveness,00,FALSE,3,NONE,CEX
5654,BART,COL,030,Liveness,00,FALSE,3,NONE,CEX
5655,BART,COL,040,Liveness,00,FALSE,3,NONE,CEX
5656,BART,COL,050,Liveness,00,FALSE,3,NONE,CEX
5657,BART,COL,060,Liveness,00,FALSE,2,NONE,CEX
5658,BART,PT,002,Liveness,00,TRUE,3,GEN,INV
5659,BART,PT,005,Liveness,00,TRUE,2,GEN,INV
5660,BART,PT,010,Liveness,00,TRUE,2,GEN,INV
5661,BART,PT,020,Liveness,00,TRUE,2,GEN,INV
5662,BART,PT,030,Liveness,00,TRUE,2,GEN,INV
5663,BART,PT,040,Liveness,00,TRUE,2,GEN,INV
5664,BART,PT,050,Liveness,00,TRUE,2,GEN,INV
5665,BART,PT,060,Liveness,00,TRUE,2,GEN,INV
5666,BlocksWorld,PT,01,Liveness,00,FALSE,3,NONE,CEX
5667,BlocksWorld,PT,02,Liveness,00,FALSE,3,NONE,CEX
5668,BlocksWorld,PT,03,Liveness,00,FALSE,3,NONE,CEX
5669,BlocksWorld,PT,04,Liveness,00,FALSE,3,NONE,CEX
5670,BlocksWorld,PT,05,Liveness,00,FALSE,3,NONE,CEX
5671,BlocksWorld,PT,06,Liveness,00,FALSE,3,NONE,CEX
5672,BlocksWorld,PT,07,Liveness,00,FALSE,3,NONE,CEX
5673,BlocksWorld,PT,08,Liveness,00,FALSE,3,NONE,CEX
5674,BlocksWorld,PT,09,Liveness,00,FALSE,3,NONE,CEX
5675,BlocksWorld,PT,10,Liveness,00,FALSE,3,NONE,CEX
5676,BlocksWorld,PT,12,Liveness,00,FALSE,3,NONE,CEX
5677,BlocksWorld,PT,13,Liveness,00,FALSE,3,NONE,CEX
5678,BlocksWorld,PT,14,Liveness,00,FALSE,3,NONE,CEX
5679,BlocksWorld,PT,15,Liveness,00,FALSE,3,NONE,CEX
5680,BlocksWorld,PT,16,Liveness,00,FALSE,3,NONE,CEX
5681,BlocksWorld,PT,17,Liveness,00,FALSE,3,NONE,CEX
5682,BlocksWorld,PT,18,Liveness,00,FALSE,3,NONE,CEX
5683,BlocksWorld,PT,19,Liveness,00,FALSE,3,NONE,CEX
5684,BlocksWorld,PT,20,Liveness,00,FALSE,3,NONE,CEX
5685,BridgeAndVehicles,COL,V04P05N02,Liveness,00,FALSE,3,NONE,CEX
5686,BridgeAndVehicles,COL,V10P10N10,Liveness,00,FALSE,3,NONE,CEX
5687,BridgeAndVehicles,COL,V20P10N10,Liveness,00,FALSE,3,NONE,CEX
5688,BridgeAndVehicles,COL,V20P10N20,Liveness,00,FALSE,3,NONE,CEX
5689,BridgeAndVehicles,COL,V20P10N50,Liveness,00,FALSE,3,NONE,CEX
5690,BridgeAndVehicles,COL,V20P20N10,Liveness,00,FALSE,3,NONE,CEX
5691,BridgeAndVehicles,COL,V20P20N20,Liveness,00,FALSE,3,NONE,CEX
5692,BridgeAndVehicles,COL,V20P20N50,Liveness,00,FALSE,3,NONE,CEX
5693,BridgeAndVehicles,COL,V50P20N10,Liveness,00,FALSE,3,NONE,CEX
5694,BridgeAndVehicles,COL,V50P20N20,Liveness,00,FALSE,3,NONE,CEX
5695,BridgeAndVehicles,COL,V50P20N50,Liveness,00,FALSE,3,NONE,CEX
5696,BridgeAndVehicles,COL,V50P50N10,Liveness,00,FALSE,3,NONE,CEX
5697,BridgeAndVehicles,COL,V50P50N20,Liveness,00,FALSE,3,NONE,CEX
5698,BridgeAndVehicles,COL,V50P50N50,Liveness,00,FALSE,3,NONE,CEX
5699,BridgeAndVehicles,COL,V80P20N10,Liveness,00,FALSE,3,NONE,CEX
5700,BridgeAndVehicles,COL,V80P20N20,Liveness,00,FALSE,3,NONE,CEX
5701,BridgeAndVehicles,COL,V80P20N50,Liveness,00,FALSE,3,NONE,CEX
5702,BridgeAndVehicles,COL,V80P50N10,Liveness,00,FALSE,3,NONE,CEX
5703,BridgeAndVehicles,COL,V80P50N20,Liveness,00,FALSE,3,NONE,CEX
5704,BridgeAndVehicles,COL,V80P50N50,Liveness,00,FALSE,3,NONE,CEX
5705,BridgeAndVehicles,PT,V04P05N02,Liveness,00,FALSE,3,NONE,CEX
5706,BridgeAndVehicles,PT,V10P10N10,Liveness,00,FALSE,3,NONE,CEX
5707,BridgeAndVehicles,PT,V20P10N10,Liveness,00,FALSE,3,NONE,CEX
5708,BridgeAndVehicles,PT,V20P10N20,Liveness,00,FALSE,3,NONE,CEX
5709,BridgeAndVehicles,PT,V20P10N50,Liveness,00,FALSE,3,NONE,CEX
5710,BridgeAndVehicles,PT,V20P20N10,Liveness,00,FALSE,3,NONE,CEX
5711,BridgeAndVehicles,PT,V20P20N20,Liveness,00,FALSE,3,NONE,CEX
5712,BridgeAndVehicles,PT,V20P20N50,Liveness,00,FALSE,3,NONE,CEX
5713,BridgeAndVehicles,PT,V50P20N10,Liveness,00,FALSE,3,NONE,CEX
5714,BridgeAndVehicles,PT,V50P20N20,Liveness,00,FALSE,3,NONE,CEX
5715,BridgeAndVehicles,PT,V50P20N50,Liveness,00,FALSE,3,NONE,CEX
5716,BridgeAndVehicles,PT,V50P50N10,Liveness,00,FALSE,3,NONE,CEX
5717,BridgeAndVehicles,PT,V50P50N20,Liveness,00,FALSE,3,NONE,CEX
5718,BridgeAndVehicles,PT,V50P50N50,Liveness,00,FALSE,3,NONE,CEX
5719,BridgeAndVehicles,PT,V80P20N10,Liveness,00,FALSE,3,NONE,CEX
5720,BridgeAndVehicles,PT,V80P20N20,Liveness,00,FALSE,3,NONE,CEX
5721,BridgeAndVehicles,PT,V80P20N50,Liveness,00,FALSE,2,NONE,CEX
5722,BridgeAndVehicles,PT,V80P50N10,Liveness,00,FALSE,3,NONE,CEX
5723,BridgeAndVehicles,PT,V80P50N20,Liveness,00,FALSE,3,NONE,CEX
5724,BridgeAndVehicles,PT,V80P50N50,Liveness,00,FALSE,2,NONE,CEX
5725,BugTracking,PT,q3m002,Liveness,00,FALSE,3,NONE,CEX
5726,BugTracking,PT,q3m004,Liveness,00,FALSE,3,NONE,CEX
5727,BugTracking,PT,q3m008,Liveness,00,FALSE,3,NONE,CEX
5728,BugTracking,PT,q3m016,Liveness,00,FALSE,3,NONE,CEX
5729,BugTracking,PT,q3m032,Liveness,00,FALSE,3,NONE,CEX
5730,BugTracking,PT,q3m064,Liveness,00,FALSE,3,NONE,CEX
5731,BugTracking,PT,q3m128,Liveness,00,FALSE,3,NONE,CEX
5732,BugTracking,PT,q3m256,Liveness,00,FALSE,3,NONE,CEX
5733,BugTracking,PT,q8m002,Liveness,00,FALSE,3,NONE,CEX
5734,BugTracking,PT,q8m004,Liveness,00,FALSE,3,NONE,CEX
5735,BugTracking,PT,q8m008,Liveness,00,FALSE,3,NONE,CEX
5736,BugTracking,PT,q8m016,Liveness,00,FALSE,3,NONE,CEX
5737,BugTracking,PT,q8m032,Liveness,00,FALSE,3,NONE,CEX
5738,BugTracking,PT,q8m064,Liveness,00,FALSE,3,NONE,CEX
5739,BugTracking,PT,q8m128,Liveness,00,FALSE,3,NONE,CEX
5740,BugTracking,PT,q8m256,Liveness,00,FALSE,3,NONE,CEX
5741,BusinessProcesses,PT,01,Liveness,00,FALSE,3,NUPN,CEX
5742,BusinessProcesses,PT,02,Liveness,00,FALSE,3,NUPN,CEX
5743,BusinessProcesses,PT,03,Liveness,00,FALSE,3,NUPN,CEX
5744,BusinessProcesses,PT,04,Liveness,00,FALSE,3,NUPN,CEX
5745,BusinessProcesses,PT,05,Liveness,00,FALSE,3,NUPN,CEX
5746,BusinessProcesses,PT,06,Liveness,00,FALSE,3,NUPN,CEX
5747,BusinessProcesses,PT,07,Liveness,00,FALSE,3,NUPN,CEX
5748,BusinessProcesses,PT,08,Liveness,00,FALSE,3,NUPN,CEX
5749,BusinessProcesses,PT,09,Liveness,00,FALSE,3,NUPN,CEX
5750,BusinessProcesses,PT,10,Liveness,00,FALSE,3,NUPN,CEX
5751,BusinessProcesses,PT,11,Liveness,00,FALSE,3,NUPN,CEX
5752,BusinessProcesses,PT,12,Liveness,00,FALSE,3,NUPN,CEX
5753,BusinessProcesses,PT,13,Liveness,00,FALSE,3,NUPN,CEX
5754,BusinessProcesses,PT,14,Liveness,00,FALSE,3,NUPN,CEX
5755,BusinessProcesses,PT,15,Liveness,00,FALSE,3,NUPN,CEX
5756,BusinessProcesses,PT,16,Liveness,00,FALSE,3,NUPN,CEX
5757,BusinessProcesses,PT,17,Liveness,00,FALSE,3,NUPN,CEX
5758,BusinessProcesses,PT,18,Liveness,00,FALSE,3,NUPN,CEX
5759,BusinessProcesses,PT,19,Liveness,00,FALSE,3,NUPN,CEX
5760,BusinessProcesses,PT,20,Liveness,00,FALSE,3,NUPN,CEX
5761,CANConstruction,PT,005,Liveness,00,FALSE,3,NONE,CEX
5762,CANConstruction,PT,010,Liveness,00,FALSE,3,NONE,CEX
5763,CANConstruction,PT,020,Liveness,00,FALSE,3,NONE,CEX
5764,CANConstruction,PT,030,Liveness,00,FALSE,3,NONE,CEX
5765,CANConstruction,PT,040,Liveness,00,FALSE,3,NONE,CEX
5766,CANConstruction,PT,050,Liveness,00,FALSE,3,NONE,CEX
5767,CANConstruction,PT,060,Liveness,00,FALSE,3,NONE,CEX
5768,CANConstruction,PT,070,Liveness,00,FALSE,3,NONE,CEX
5769,CANConstruction,PT,080,Liveness,00,FALSE,3,NONE,CEX
5770,CANConstruction,PT,090,Liveness,00,FALSE,3,NONE,CEX
5771,CANConstruction,PT,100,Liveness,00,FALSE,3,NONE,CEX
5772,CANInsertWithFailure,PT,005,Liveness,00,FALSE,3,NONE,CEX
5773,CANInsertWithFailure,PT,010,Liveness,00,FALSE,3,NONE,CEX
5774,CANInsertWithFailure,PT,020,Liveness,00,FALSE,3,NONE,CEX
5775,CANInsertWithFailure,PT,030,Liveness,00,FALSE,3,NONE,CEX
5776,CANInsertWithFailure,PT,040,Liveness,00,FALSE,2,NONE,CEX
5777,CANInsertWithFailure,PT,050,Liveness,00,FALSE,2,NONE,CEX
5778,CANInsertWithFailure,PT,060,Liveness,00,FALSE,2,NONE,CEX
5779,CANInsertWithFailure,PT,070,Liveness,00,FALSE,2,NONE,CEX
5780,CANInsertWithFailure,PT,080,Liveness,00,FALSE,2,NONE,CEX
5781,CANInsertWithFailure,PT,090,Liveness,00,FALSE,2,NONE,CEX
5782,CANInsertWithFailure,PT,100,Liveness,00,FALSE,2,NONE,CEX
5783,Champagne,PT,H04T0R,Liveness,00,FALSE,3,NONE,CEX
5784,Champagne,PT,H04T1U,Liveness,00,FALSE,3,NONE,CEX
5785,Champagne,PT,H04T2O,Liveness,00,FALSE,3,NONE,CEX
5786,Champagne,PT,H05T0R,Liveness,00,FALSE,3,NONE,CEX
5787,Champagne,PT,H05T1U,Liveness,00,FALSE,3,NONE,CEX
5788,Champagne,PT,H05T2O,Liveness,00,FALSE,3,NONE,CEX
5789,Champagne,PT,H06T0R,Liveness,00,FALSE,3,NONE,CEX
5790,Champagne,PT,H06T1U,Liveness,00,FALSE,3,NONE,CEX
5791,Champagne,PT,H06T2O,Liveness,00,FALSE,3,NONE,CEX
5792,Champagne,PT,H07T0R,Liveness,00,FALSE,3,NONE,CEX
5793,Champagne,PT,H07T1U,Liveness,00,FALSE,3,NONE,CEX
5794,Champagne,PT,H07T2O,Liveness,00,FALSE,3,NONE,CEX
5795,Champagne,PT,H08T0R,Liveness,00,FALSE,3,NONE,CEX
5796,Champagne,PT,H08T1U,Liveness,00,FALSE,3,NONE,CEX
5797,Champagne,PT,H08T2O,Liveness,00,FALSE,3,NONE,CEX
5798,Champagne,PT,H09T0R,Liveness,00,FALSE,3,NONE,CEX
5799,Champagne,PT,H09T1U,Liveness,00,FALSE,3,NONE,CEX
5800,Champagne,PT,H09T2O,Liveness,00,FALSE,3,NONE,CEX
5801,Champagne,PT,H10T0R,Liveness,00,FALSE,3,NONE,CEX
5802,Champagne,PT,H10T1U,Liveness,00,FALSE,3,NONE,CEX
5803,Champagne,PT,H10T2O,Liveness,00,FALSE,3,NONE,CEX
5804,CircadianClock,PT,000001,Liveness,00,TRUE,3,GEN,INV
5805,CircadianClock,PT,000010,Liveness,00,TRUE,3,NONE,INV
5806,CircadianClock,PT,000100,Liveness,00,TRUE,2,NONE,INV
5807,CircadianClock,PT,001000,Liveness,00,TRUE,2,NONE,INV
5808,CircularTrains,PT,012,Liveness,00,TRUE,3,NONE,INV
5809,CircularTrains,PT,024,Liveness,00,TRUE,3,NONE,INV
5810,CircularTrains,PT,048,Liveness,00,TRUE,3,NONE,INV
5811,CircularTrains,PT,096,Liveness,00,TRUE,3,NONE,INV
5812,CircularTrains,PT,192,Liveness,00,TRUE,3,NONE,INV
5813,CircularTrains,PT,384,Liveness,00,TRUE,2,NONE,INV
5814,ClientsAndServers,PT,N0001P0,Liveness,00,FALSE,3,NONE,CEX
5815,ClientsAndServers,PT,N0002P0,Liveness,00,FALSE,3,NONE,CEX
5816,ClientsAndServers,PT,N0002P1,Liveness,00,TRUE,3,NONE,INV
5817,ClientsAndServers,PT,N0005P0,Liveness,00,FALSE,3,NONE,CEX
5818,ClientsAndServers,PT,N0005P1,Liveness,00,FALSE,3,NONE,CEX
5819,ClientsAndServers,PT,N0010P0,Liveness,00,FALSE,3,NONE,CEX
5820,ClientsAndServers,PT,N0010P1,Liveness,00,FALSE,3,NONE,CEX
5821,ClientsAndServers,PT,N0010P2,Liveness,00,FALSE,3,NONE,CEX
5822,ClientsAndServers,PT,N0020P0,Liveness,00,FALSE,3,NONE,CEX
5823,ClientsAndServers,PT,N0020P1,Liveness,00,FALSE,3,NONE,CEX
5824,ClientsAndServers,PT,N0020P2,Liveness,00,FALSE,3,NONE,CEX
5825,ClientsAndServers,PT,N0020P3,Liveness,00,FALSE,3,NONE,CEX
5826,ClientsAndServers,PT,N0020P4,Liveness,00,FALSE,3,NONE,CEX
5827,ClientsAndServers,PT,N0050P0,Liveness,00,FALSE,3,NONE,CEX
5828,ClientsAndServers,PT,N0100P0,Liveness,00,FALSE,3,NONE,CEX
5829,ClientsAndServers,PT,N0200P0,Liveness,00,FALSE,2,NONE,CEX
5830,ClientsAndServers,PT,N0500P0,Liveness,00,FALSE,2,NONE,CEX
5831,ClientsAndServers,PT,N1000P0,Liveness,00,FALSE,2,NONE,CEX
5832,ClientsAndServers,PT,N2000P0,Liveness,00,FALSE,2,NONE,CEX
5833,ClientsAndServers,PT,N5000P0,Liveness,00,FALSE,2,NONE,CEX
5834,CloudDeployment,PT,2a,Liveness,00,FALSE,3,NUPN,CEX
5835,CloudDeployment,PT,2b,Liveness,00,FALSE,3,NUPN,CEX
5836,CloudDeployment,PT,3a,Liveness,00,FALSE,3,NUPN,CEX
5837,CloudDeployment,PT,3b,Liveness,00,FALSE,3,NUPN,CEX
5838,CloudDeployment,PT,4a,Liveness,00,FALSE,3,NUPN,CEX
5839,CloudDeployment,PT,4b,Liveness,00,FALSE,3,NUPN,CEX
5840,CloudDeployment,PT,5a,Liveness,00,FALSE,3,NUPN,CEX
5841,CloudDeployment,PT,5b,Liveness,00,FALSE,3,NUPN,CEX
5842,CloudDeployment,PT,6a,Liveness,00,FALSE,3,NUPN,CEX
5843,CloudDeployment,PT,6b,Liveness,00,FALSE,3,NUPN,CEX
5844,CloudDeployment,PT,7a,Liveness,00,FALSE,3,NUPN,CEX
5845,CloudDeployment,PT,7b,Liveness,00,FALSE,3,NUPN,CEX
5846,CloudOpsManagement,PT,00002by00001,Liveness,00,FALSE,3,NONE,CEX
5847,CloudOpsManagement,PT,00005by00002,Liveness,00,FALSE,3,NONE,CEX
5848,CloudOpsManagement,PT,00010by00005,Liveness,00,FALSE,3,NONE,CEX
5849,CloudOpsManagement,PT,00020by00010,Liveness,00,FALSE,3,NONE,CEX
5850,CloudOpsManagement,PT,00040by00020,Liveness,00,FALSE,3,NONE,CEX
5851,CloudOpsManagement,PT,00080by00040,Liveness,00,FALSE,3,NONE,CEX
5852,CloudReconfiguration,PT,301,Liveness,00,FALSE,3,NUPN,CEX
5853,CloudReconfiguration,PT,302,Liveness,00,FALSE,3,NUPN,CEX
5854,CloudReconfiguration,PT,303,Liveness,00,FALSE,3,NUPN,CEX
5855,CloudReconfiguration,PT,304,Liveness,00,FALSE,3,NUPN,CEX
5856,CloudReconfiguration,PT,305,Liveness,00,FALSE,3,NUPN,CEX
5857,CloudReconfiguration,PT,306,Liveness,00,FALSE,3,NUPN,CEX
5858,CloudReconfiguration,PT,307,Liveness,00,FALSE,3,NUPN,CEX
5859,CloudReconfiguration,PT,308,Liveness,00,FALSE,3,NUPN,CEX
5860,CloudReconfiguration,PT,309,Liveness,00,FALSE,3,NUPN,CEX
5861,CloudReconfiguration,PT,310,Liveness,00,FALSE,3,NUPN,CEX
5862,CloudReconfiguration,PT,311,Liveness,00,FALSE,3,NUPN,CEX
5863,CloudReconfiguration,PT,312,Liveness,00,FALSE,3,NUPN,CEX
5864,CloudReconfiguration,PT,313,Liveness,00,FALSE,3,NUPN,CEX
5865,CloudReconfiguration,PT,314,Liveness,00,FALSE,3,NUPN,CEX
5866,CloudReconfiguration,PT,316,Liveness,00,FALSE,3,NUPN,CEX
5867,CloudReconfiguration,PT,317,Liveness,00,FALSE,3,NUPN,CEX
5868,CloudReconfiguration,PT,318,Liveness,00,FALSE,3,NUPN,CEX
5869,CloudReconfiguration,PT,319,Liveness,00,FALSE,3,NUPN,CEX
5870,CloudReconfiguration,PT,320,Liveness,00,FALSE,3,NUPN,CEX
5871,CloudReconfiguration,PT,401,Liveness,00,FALSE,3,NUPN,CEX
5872,CloudReconfiguration,PT,402,Liveness,00,FALSE,3,NUPN,CEX
5873,CO4,PT,01,Liveness,00,FALSE,3,NONE,CEX
5874,CO4,PT,02,Liveness,00,FALSE,3,NONE,CEX
5875,CO4,PT,03,Liveness,00,FALSE,3,NONE,CEX
5876,CO4,PT,04,Liveness,00,FALSE,3,NONE,CEX
5877,CO4,PT,05,Liveness,00,FALSE,3,NONE,CEX
5878,CO4,PT,06,Liveness,00,FALSE,3,NONE,CEX
5879,CO4,PT,07,Liveness,00,FALSE,3,NONE,CEX
5880,CO4,PT,08,Liveness,00,FALSE,3,NONE,CEX
5881,CO4,PT,09,Liveness,00,FALSE,3,NONE,CEX
5882,CO4,PT,10,Liveness,00,FALSE,3,NONE,CEX
5883,CO4,PT,11,Liveness,00,FALSE,3,NONE,CEX
5884,CO4,PT,12,Liveness,00,FALSE,3,NONE,CEX
5885,CO4,PT,13,Liveness,00,FALSE,3,NONE,CEX
5886,CO4,PT,14,Liveness,00,FALSE,3,NONE,CEX
5887,CO4,PT,15,Liveness,00,FALSE,3,NONE,CEX
5888,CO4,PT,16,Liveness,00,FALSE,3,NONE,CEX
5889,CO4,PT,17,Liveness,00,FALSE,3,NONE,CEX
5890,CO4,PT,18,Liveness,00,FALSE,3,NONE,CEX
5891,CO4,PT,19,Liveness,00,FALSE,3,NONE,CEX
5892,CO4,PT,20,Liveness,00,FALSE,3,NONE,CEX
5893,CO4,PT,21,Liveness,00,FALSE,3,NONE,CEX
5894,CopsAndRobbers,PT,CRL005X001,Liveness,00,FALSE,3,NONE,CEX
5895,CopsAndRobbers,PT,CRL015X005,Liveness,00,FALSE,3,NONE,CEX
5896,CopsAndRobbers,PT,CRL023X004,Liveness,00,FALSE,3,NONE,CEX
5897,CopsAndRobbers,PT,CRL025X003,Liveness,00,FALSE,3,NONE,CEX
5898,CopsAndRobbers,PT,HRL014X002,Liveness,00,FALSE,3,NONE,CEX
5899,CopsAndRobbers,PT,HRL017X005,Liveness,00,FALSE,3,NONE,CEX
5900,CopsAndRobbers,PT,HRL020X006,Liveness,00,FALSE,3,NONE,CEX
5901,CopsAndRobbers,PT,HRL023X006,Liveness,00,FALSE,3,NONE,CEX
5902,CopsAndRobbers,PT,KFL010N005K002X001,Liveness,00,FALSE,3,NONE,CEX
5903,CopsAndRobbers,PT,KFL028N008K002X005,Liveness,00,FALSE,2,NONE,CEX
5904,CopsAndRobbers,PT,KFL036N009K002X003,Liveness,00,FALSE,3,NONE,CEX
5905,CopsAndRobbers,PT,KFL084N009K003X002,Liveness,00,FALSE,3,NONE,CEX
5906,CryptoMiner,COL,D03N000,Liveness,00,FALSE,3,NONE,CEX
5907,CryptoMiner,COL,D03N010,Liveness,00,FALSE,3,NONE,CEX
5908,CryptoMiner,COL,D03N100,Liveness,00,FALSE,3,NONE,CEX
5909,CryptoMiner,COL,D05N000,Liveness,00,FALSE,3,NONE,CEX
5910,CryptoMiner,COL,D05N100,Liveness,00,FALSE,3,NONE,CEX
5911,CryptoMiner,COL,D05N250,Liveness,00,FALSE,3,NONE,CEX
5912,CryptoMiner,COL,D10N000,Liveness,00,FALSE,3,NONE,CEX
5913,CryptoMiner,COL,D10N100,Liveness,00,FALSE,3,NONE,CEX
5914,CryptoMiner,COL,D20N100,Liveness,00,FALSE,3,NONE,CEX
5915,CryptoMiner,PT,D03N000,Liveness,00,FALSE,3,NONE,CEX
5916,CryptoMiner,PT,D03N010,Liveness,00,FALSE,3,NONE,CEX
5917,CryptoMiner,PT,D03N100,Liveness,00,FALSE,3,NONE,CEX
5918,CryptoMiner,PT,D05N000,Liveness,00,FALSE,3,NONE,CEX
5919,CryptoMiner,PT,D05N100,Liveness,00,FALSE,3,NONE,CEX
5920,CryptoMiner,PT,D05N250,Liveness,00,FALSE,3,NONE,CEX
5921,CryptoMiner,PT,D10N000,Liveness,00,FALSE,3,NONE,CEX
5922,CryptoMiner,PT,D10N100,Liveness,00,FALSE,3,NONE,CEX
5923,CryptoMiner,PT,D20N100,Liveness,00,FALSE,3,NONE,CEX
5924,CSRepetitions,COL,02,Liveness,00,FALSE,3,NONE,CEX
5925,CSRepetitions,COL,03,Liveness,00,FALSE,3,NONE,CEX
5926,CSRepetitions,COL,04,Liveness,00,FALSE,3,NONE,CEX
5927,CSRepetitions,COL,05,Liveness,00,FALSE,3,NONE,CEX
5928,CSRepetitions,COL,07,Liveness,00,FALSE,3,NONE,CEX
5929,CSRepetitions,COL,10,Liveness,00,FALSE,3,NONE,CEX
5930,CSRepetitions,PT,02,Liveness,00,FALSE,3,NONE,CEX
5931,CSRepetitions,PT,03,Liveness,00,FALSE,3,NONE,CEX
5932,CSRepetitions,PT,04,Liveness,00,FALSE,3,NONE,CEX
5933,CSRepetitions,PT,05,Liveness,00,FALSE,3,NONE,CEX
5934,CSRepetitions,PT,07,Liveness,00,FALSE,3,NONE,CEX
5935,CSRepetitions,PT,10,Liveness,00,FALSE,2,NONE,CEX
5936,DatabaseWithMutex,COL,02,Liveness,00,TRUE,3,NONE,INV
5937,DatabaseWithMutex,COL,04,Liveness,00,TRUE,2,NONE,INV
5938,DatabaseWithMutex,PT,02,Liveness,00,TRUE,3,GEN,INV
5939,DatabaseWithMutex,PT,04,Liveness,00,TRUE,2,GEN,INV
5940,DatabaseWithMutex,PT,10,Liveness,00,TRUE,2,GEN,INV
5941,DBSingleClientW,PT,d0m04,Liveness,00,FALSE,3,NONE,CEX
5942,DBSingleClientW,PT,d0m05,Liveness,00,FALSE,3,NONE,CEX
5943,DBSingleClientW,PT,d0m06,Liveness,00,FALSE,3,NONE,CEX
5944,DBSingleClientW,PT,d0m07,Liveness,00,FALSE,3,NONE,CEX
5945,DBSingleClientW,PT,d0m08,Liveness,00,FALSE,3,NONE,CEX
5946,DBSingleClientW,PT,d0m09,Liveness,00,FALSE,3,NONE,CEX
5947,DBSingleClientW,PT,d0m10,Liveness,00,FALSE,3,NONE,CEX
5948,DBSingleClientW,PT,d1m04,Liveness,00,FALSE,3,NONE,CEX
5949,DBSingleClientW,PT,d1m05,Liveness,00,FALSE,3,NONE,CEX
5950,DBSingleClientW,PT,d1m06,Liveness,00,FALSE,3,NONE,CEX
5951,DBSingleClientW,PT,d1m07,Liveness,00,FALSE,3,NONE,CEX
5952,DBSingleClientW,PT,d1m08,Liveness,00,FALSE,3,NONE,CEX
5953,DBSingleClientW,PT,d1m09,Liveness,00,FALSE,3,NONE,CEX
5954,DBSingleClientW,PT,d1m10,Liveness,00,FALSE,3,NONE,CEX
5955,DBSingleClientW,PT,d2m04,Liveness,00,FALSE,3,NONE,CEX
5956,DBSingleClientW,PT,d2m05,Liveness,00,FALSE,3,NONE,CEX
5957,DBSingleClientW,PT,d2m06,Liveness,00,FALSE,3,NONE,CEX
5958,DBSingleClientW,PT,d2m07,Liveness,00,FALSE,3,NONE,CEX
5959,DBSingleClientW,PT,d2m08,Liveness,00,FALSE,3,NONE,CEX
5960,DBSingleClientW,PT,d2m09,Liveness,00,FALSE,3,NONE,CEX
5961,DBSingleClientW,PT,d2m10,Liveness,00,FALSE,3,NONE,CEX
5962,Dekker,PT,010,Liveness,00,TRUE,3,GEN,INV
5963,Dekker,PT,015,Liveness,00,TRUE,3,GEN,INV
5964,Dekker,PT,020,Liveness,00,TRUE,2,GEN,INV
5965,Dekker,PT,050,Liveness,00,TRUE,2,GEN,INV
5966,Dekker,PT,100,Liveness,00,TRUE,2,GEN,INV
5967,Dekker,PT,200,Liveness,00,TRUE,2,GEN,INV
5968,DES,PT,00a,Liveness,00,FALSE,3,NUPN,CEX
5969,DES,PT,00b,Liveness,00,FALSE,3,NUPN,CEX
5970,DES,PT,01a,Liveness,00,FALSE,3,NUPN,CEX
5971,DES,PT,01b,Liveness,00,FALSE,3,NUPN,CEX
5972,DES,PT,02a,Liveness,00,FALSE,3,NUPN,CEX
5973,DES,PT,02b,Liveness,00,FALSE,3,NUPN,CEX
5974,DES,PT,05a,Liveness,00,FALSE,3,NUPN,CEX
5975,DES,PT,05b,Liveness,00,FALSE,3,NUPN,CEX
5976,DES,PT,10a,Liveness,00,FALSE,3,NUPN,CEX
5977,DES,PT,10b,Liveness,00,FALSE,3,NUPN,CEX
5978,DES,PT,20a,Liveness,00,FALSE,3,NUPN,CEX
5979,DES,PT,20b,Liveness,00,FALSE,3,NUPN,CEX
5980,DES,PT,30a,Liveness,00,FALSE,3,NUPN,CEX
5981,DES,PT,30b,Liveness,00,FALSE,3,NUPN,CEX
5982,DES,PT,40a,Liveness,00,FALSE,3,NUPN,CEX
5983,DES,PT,40b,Liveness,00,FALSE,3,NUPN,CEX
5984,DES,PT,50a,Liveness,00,FALSE,3,NUPN,CEX
5985,DES,PT,50b,Liveness,00,FALSE,3,NUPN,CEX
5986,DES,PT,60a,Liveness,00,FALSE,3,NUPN,CEX
5987,DES,PT,60b,Liveness,00,FALSE,3,NUPN,CEX
5988,Diffusion2D,PT,D05N010,Liveness,00,TRUE,3,NONE,INV
5989,Diffusion2D,PT,D05N050,Liveness,00,TRUE,3,NONE,INV
5990,Diffusion2D,PT,D05N100,Liveness,00,TRUE,3,NONE,INV
5991,Diffusion2D,PT,D05N150,Liveness,00,TRUE,3,NONE,INV
5992,Diffusion2D,PT,D05N200,Liveness,00,TRUE,3,NONE,INV
5993,Diffusion2D,PT,D05N250,Liveness,00,TRUE,3,NONE,INV
5994,Diffusion2D,PT,D05N300,Liveness,00,TRUE,3,NONE,INV
5995,Diffusion2D,PT,D05N350,Liveness,00,TRUE,3,NONE,INV
5996,Diffusion2D,PT,D10N010,Liveness,00,TRUE,3,NONE,INV
5997,Diffusion2D,PT,D10N050,Liveness,00,TRUE,3,NONE,INV
5998,Diffusion2D,PT,D10N100,Liveness,00,TRUE,3,NONE,INV
5999,Diffusion2D,PT,D10N150,Liveness,00,TRUE,3,NONE,INV
6000,Diffusion2D,PT,D10N200,Liveness,00,TRUE,3,NONE,INV
6001,Diffusion2D,PT,D20N010,Liveness,00,TRUE,3,NONE,INV
6002,Diffusion2D,PT,D20N050,Liveness,00,TRUE,3,NONE,INV
6003,Diffusion2D,PT,D20N100,Liveness,00,TRUE,3,NONE,INV
6004,Diffusion2D,PT,D20N150,Liveness,00,TRUE,3,NONE,INV
6005,Diffusion2D,PT,D30N010,Liveness,00,TRUE,3,NONE,INV
6006,Diffusion2D,PT,D30N050,Liveness,00,TRUE,3,NONE,INV
6007,Diffusion2D,PT,D30N100,Liveness,00,TRUE,3,NONE,INV
6008,Diffusion2D,PT,D30N150,Liveness,00,TRUE,3,NONE,INV
6009,Diffusion2D,PT,D40N010,Liveness,00,TRUE,3,NONE,INV
6010,Diffusion2D,PT,D40N050,Liveness,00,TRUE,3,NONE,INV
6011,Diffusion2D,PT,D40N100,Liveness,00,TRUE,3,NONE,INV
6012,Diffusion2D,PT,D40N150,Liveness,00,TRUE,3,NONE,INV
6013,Diffusion2D,PT,D50N010,Liveness,00,TRUE,3,NONE,INV
6014,Diffusion2D,PT,D50N050,Liveness,00,TRUE,3,NONE,INV
6015,Diffusion2D,PT,D50N100,Liveness,00,TRUE,3,NONE,INV
6016,Diffusion2D,PT,D50N150,Liveness,00,TRUE,3,NONE,INV
6017,DiscoveryGPU,PT,06a,Liveness,00,FALSE,3,NUPN,CEX
6018,DiscoveryGPU,PT,06b,Liveness,00,FALSE,3,NUPN,CEX
6019,DiscoveryGPU,PT,07a,Liveness,00,FALSE,3,NUPN,CEX
6020,DiscoveryGPU,PT,07b,Liveness,00,FALSE,3,NUPN,CEX
6021,DiscoveryGPU,PT,08a,Liveness,00,FALSE,3,NUPN,CEX
6022,DiscoveryGPU,PT,08b,Liveness,00,FALSE,3,NUPN,CEX
6023,DiscoveryGPU,PT,09a,Liveness,00,FALSE,3,NUPN,CEX
6024,DiscoveryGPU,PT,09b,Liveness,00,FALSE,3,NUPN,CEX
6025,DiscoveryGPU,PT,10a,Liveness,00,FALSE,3,NUPN,CEX
6026,DiscoveryGPU,PT,10b,Liveness,00,FALSE,3,NUPN,CEX
6027,DiscoveryGPU,PT,11a,Liveness,00,FALSE,3,NUPN,CEX
6028,DiscoveryGPU,PT,11b,Liveness,00,FALSE,3,NUPN,CEX
6029,DiscoveryGPU,PT,12a,Liveness,00,FALSE,3,NUPN,CEX
6030,DiscoveryGPU,PT,12b,Liveness,00,FALSE,3,NUPN,CEX
6031,DiscoveryGPU,PT,13a,Liveness,00,FALSE,3,NUPN,CEX
6032,DiscoveryGPU,PT,13b,Liveness,00,FALSE,3,NUPN,CEX
6033,DiscoveryGPU,PT,14a,Liveness,00,FALSE,3,NUPN,CEX
6034,DiscoveryGPU,PT,14b,Liveness,00,FALSE,3,NUPN,CEX
6035,DiscoveryGPU,PT,15a,Liveness,00,FALSE,3,NUPN,CEX
6036,DiscoveryGPU,PT,15b,Liveness,00,FALSE,3,NUPN,CEX
6037,DLCflexbar,PT,2a,Liveness,00,FALSE,3,NUPN,CEX
6038,DLCflexbar,PT,2b,Liveness,00,FALSE,3,NUPN,CEX
6039,DLCflexbar,PT,3a,Liveness,00,FALSE,3,NUPN,CEX
6040,DLCflexbar,PT,3b,Liveness,00,FALSE,3,NUPN,CEX
6041,DLCflexbar,PT,4a,Liveness,00,FALSE,3,NUPN,CEX
6042,DLCflexbar,PT,4b,Liveness,00,FALSE,3,NUPN,CEX
6043,DLCflexbar,PT,5a,Liveness,00,FALSE,3,NUPN,CEX
6044,DLCflexbar,PT,5b,Liveness,00,FALSE,3,NUPN,CEX
6045,DLCflexbar,PT,6a,Liveness,00,FALSE,3,NUPN,CEX
6046,DLCflexbar,PT,6b,Liveness,00,FALSE,3,NUPN,CEX
6047,DLCflexbar,PT,7a,Liveness,00,FALSE,3,NUPN,CEX
6048,DLCflexbar,PT,7b,Liveness,00,FALSE,3,NUPN,CEX
6049,DLCflexbar,PT,8a,Liveness,00,FALSE,3,NUPN,CEX
6050,DLCflexbar,PT,8b,Liveness,00,FALSE,3,NUPN,CEX
6051,DLCround,PT,03a,Liveness,00,FALSE,3,NUPN,CEX
6052,DLCround,PT,03b,Liveness,00,FALSE,3,NUPN,CEX
6053,DLCround,PT,04a,Liveness,00,FALSE,3,NUPN,CEX
6054,DLCround,PT,04b,Liveness,00,FALSE,3,NUPN,CEX
6055,DLCround,PT,05a,Liveness,00,FALSE,3,NUPN,CEX
6056,DLCround,PT,05b,Liveness,00,FALSE,3,NUPN,CEX
6057,DLCround,PT,06a,Liveness,00,FALSE,3,NUPN,CEX
6058,DLCround,PT,06b,Liveness,00,FALSE,3,NUPN,CEX
6059,DLCround,PT,07a,Liveness,00,FALSE,3,NUPN,CEX
6060,DLCround,PT,07b,Liveness,00,FALSE,3,NUPN,CEX
6061,DLCround,PT,08a,Liveness,00,FALSE,3,NUPN,CEX
6062,DLCround,PT,08b,Liveness,00,FALSE,3,NUPN,CEX
6063,DLCround,PT,09a,Liveness,00,FALSE,3,NUPN,CEX
6064,DLCround,PT,09b,Liveness,00,FALSE,3,NUPN,CEX
6065,DLCround,PT,10a,Liveness,00,FALSE,3,NUPN,CEX
6066,DLCround,PT,10b,Liveness,00,FALSE,3,NUPN,CEX
6067,DLCround,PT,11a,Liveness,00,FALSE,3,NUPN,CEX
6068,DLCround,PT,11b,Liveness,00,FALSE,3,NUPN,CEX
6069,DLCround,PT,12a,Liveness,00,FALSE,3,NUPN,CEX
6070,DLCround,PT,12b,Liveness,00,FALSE,3,NUPN,CEX
6071,DLCround,PT,13a,Liveness,00,FALSE,3,NUPN,CEX
6072,DLCround,PT,13b,Liveness,00,FALSE,3,NUPN,CEX
6073,DLCshifumi,PT,2a,Liveness,00,FALSE,3,NUPN,CEX
6074,DLCshifumi,PT,2b,Liveness,00,FALSE,3,NUPN,CEX
6075,DLCshifumi,PT,3a,Liveness,00,FALSE,3,NUPN,CEX
6076,DLCshifumi,PT,3b,Liveness,00,FALSE,3,NUPN,CEX
6077,DLCshifumi,PT,4a,Liveness,00,FALSE,3,NUPN,CEX
6078,DLCshifumi,PT,4b,Liveness,00,FALSE,3,NUPN,CEX
6079,DLCshifumi,PT,5a,Liveness,00,FALSE,3,NUPN,CEX
6080,DLCshifumi,PT,5b,Liveness,00,FALSE,3,NUPN,CEX
6081,DLCshifumi,PT,6a,Liveness,00,FALSE,3,NUPN,CEX
6082,DLCshifumi,PT,6b,Liveness,00,FALSE,3,NUPN,CEX
6083,DNAwalker,PT,01track12Block1,Liveness,00,FALSE,3,NONE,CEX
6084,DNAwalker,PT,02track12Block2,Liveness,00,FALSE,3,NONE,CEX
6085,DNAwalker,PT,03track12BlockBoth,Liveness,00,FALSE,3,NONE,CEX
6086,DNAwalker,PT,04track28LL,Liveness,00,FALSE,3,NONE,CEX
6087,DNAwalker,PT,05track28LR,Liveness,00,FALSE,3,NONE,CEX
6088,DNAwalker,PT,08ringLL,Liveness,00,FALSE,3,NONE,CEX
6089,DNAwalker,PT,09ringLR,Liveness,00,FALSE,3,NONE,CEX
6090,DNAwalker,PT,12ringLLLarge,Liveness,00,FALSE,3,NONE,CEX
6091,DNAwalker,PT,14ringLRLarge,Liveness,00,FALSE,3,NONE,CEX
6092,DNAwalker,PT,16redondantChoiceR,Liveness,00,FALSE,3,NONE,CEX
6093,DNAwalker,PT,18lozangeBlock,Liveness,00,FALSE,3,NONE,CEX
6094,DoubleExponent,PT,001,Liveness,00,FALSE,3,NONE,CEX
6095,DoubleExponent,PT,002,Liveness,00,FALSE,3,NONE,CEX
6096,DoubleExponent,PT,003,Liveness,00,FALSE,3,NONE,CEX
6097,DoubleExponent,PT,004,Liveness,00,FALSE,3,NONE,CEX
6098,DoubleExponent,PT,010,Liveness,00,FALSE,3,NONE,CEX
6099,DoubleExponent,PT,020,Liveness,00,FALSE,3,NONE,CEX
6100,DoubleExponent,PT,100,Liveness,00,FALSE,3,NONE,CEX
6101,DoubleExponent,PT,200,Liveness,00,FALSE,3,NONE,CEX
6102,DoubleLock,PT,p1s1,Liveness,00,FALSE,3,NONE,CEX
6103,DoubleLock,PT,p1s2,Liveness,00,FALSE,3,NONE,CEX
6104,DoubleLock,PT,p1s3,Liveness,00,FALSE,3,NONE,CEX
6105,DoubleLock,PT,p2s1,Liveness,00,FALSE,3,NONE,CEX
6106,DoubleLock,PT,p2s2,Liveness,00,FALSE,3,NONE,CEX
6107,DoubleLock,PT,p3s1,Liveness,00,FALSE,3,NONE,CEX
6108,DoubleLock,PT,p3s2,Liveness,00,FALSE,3,NONE,CEX
6109,DoubleLock,PT,p3s3,Liveness,00,FALSE,3,NONE,CEX
6110,DrinkVendingMachine,COL,02,Liveness,00,FALSE,3,NONE,CEX
6111,DrinkVendingMachine,COL,10,Liveness,00,TRUE,2,NONE,INV
6112,DrinkVendingMachine,PT,02,Liveness,00,FALSE,3,NONE,CEX
6113,DrinkVendingMachine,PT,10,Liveness,00,FALSE,3,NONE,CEX
6114,Echo,PT,d02r09,Liveness,00,FALSE,3,GEN,CEX
6115,Echo,PT,d02r11,Liveness,00,FALSE,3,GEN,CEX
6116,Echo,PT,d02r15,Liveness,00,FALSE,3,GEN,CEX
6117,Echo,PT,d02r19,Liveness,00,FALSE,3,GEN,CEX
6118,Echo,PT,d03r03,Liveness,00,FALSE,3,GEN,CEX
6119,Echo,PT,d03r05,Liveness,00,FALSE,3,GEN,CEX
6120,Echo,PT,d03r07,Liveness,00,FALSE,3,GEN,CEX
6121,Echo,PT,d04r03,Liveness,00,FALSE,3,GEN,CEX
6122,Echo,PT,d05r03,Liveness,00,FALSE,3,GEN,CEX
6123,EGFr,PT,02010,Liveness,00,FALSE,3,GEN,CEX
6124,EGFr,PT,10420,Liveness,00,FALSE,3,GEN,CEX
6125,EGFr,PT,10421,Liveness,00,FALSE,3,NONE,CEX
6126,EisenbergMcGuire,PT,03,Liveness,00,TRUE,3,NUPN,INV
6127,EisenbergMcGuire,PT,04,Liveness,00,TRUE,3,NUPN,INV
6128,Election2020,PT,none,Liveness,00,FALSE,3,NONE,CEX
6129,EnergyBus,PT,none,Liveness,00,FALSE,3,NUPN,CEX
6130,Eratosthenes,PT,010,Liveness,00,FALSE,3,NONE,CEX
6131,Eratosthenes,PT,020,Liveness,00,FALSE,3,NONE,CEX
6132,Eratosthenes,PT,050,Liveness,00,FALSE,3,NONE,CEX
6133,Eratosthenes,PT,100,Liveness,00,FALSE,3,NONE,CEX
6134,Eratosthenes,PT,200,Liveness,00,FALSE,3,NONE,CEX
6135,Eratosthenes,PT,500,Liveness,00,FALSE,3,NONE,CEX
6136,ERK,PT,000001,Liveness,00,TRUE,3,GEN,INV
6137,ERK,PT,000010,Liveness,00,TRUE,3,NONE,INV
6138,ERK,PT,000100,Liveness,00,TRUE,2,NONE,INV
6139,ERK,PT,001000,Liveness,00,TRUE,2,NONE,INV
6140,ErlangenMainframeV0,PT,0404,Liveness,00,FALSE,3,NONE,CEX
6141,ErlangenMainframeV0,PT,0505,Liveness,00,FALSE,3,NONE,CEX
6142,ErlangenMainframeV0,PT,0606,Liveness,00,FALSE,3,NONE,CEX
6143,ErlangenMainframeV0,PT,0707,Liveness,00,FALSE,3,NONE,CEX
6144,ErlangenMainframeV0,PT,0808,Liveness,00,FALSE,3,NONE,CEX
6145,ErlangenMainframeV0,PT,0909,Liveness,00,FALSE,2,NONE,CEX
6146,ErlangenMainframeV0,PT,1005,Liveness,00,FALSE,3,NONE,CEX
6147,ErlangenMainframeV0,PT,1006,Liveness,00,FALSE,3,NONE,CEX
6148,ErlangenMainframeV0,PT,1007,Liveness,00,FALSE,2,NONE,CEX
6149,ErlangenMainframeV0,PT,1008,Liveness,00,FALSE,2,NONE,CEX
6150,ErlangenMainframeV0,PT,1104,Liveness,00,FALSE,3,NONE,CEX
6151,ErlangenMainframeV0,PT,1105,Liveness,00,FALSE,2,NONE,CEX
6152,ErlangenMainframeV0,PT,1106,Liveness,00,FALSE,2,NONE,CEX
6153,ErlangenMainframeV0,PT,1201,Liveness,00,FALSE,3,NONE,CEX
6154,ErlangenMainframeV0,PT,1202,Liveness,00,FALSE,3,NONE,CEX
6155,ErlangenMainframeV0,PT,1203,Liveness,00,FALSE,2,NONE,CEX
6156,ErlangenMainframeV0,PT,1204,Liveness,00,FALSE,2,NONE,CEX
6157,ErlangenMainframeV0,PT,1301,Liveness,00,FALSE,3,NONE,CEX
6158,ErlangenMainframeV0,PT,1302,Liveness,00,FALSE,2,NONE,CEX
6159,ErlangenMainframeV0,PT,1400,Liveness,00,FALSE,3,NONE,CEX
6160,FamilyReunion,COL,L00010M0001C001P001G001,Liveness,00,FALSE,3,NONE,CEX
6161,FamilyReunion,COL,L00020M0002C001P001G001,Liveness,00,FALSE,3,NONE,CEX
6162,FamilyReunion,COL,L00050M0005C002P002G001,Liveness,00,FALSE,2,NONE,CEX
6163,FamilyReunion,COL,L00100M0010C005P005G002,Liveness,00,FALSE,2,NONE,CEX
6164,FamilyReunion,COL,L00200M0020C010P010G005,Liveness,00,FALSE,2,NONE,CEX
6165,FamilyReunion,COL,L00400M0040C020P020G001,Liveness,00,FALSE,2,NONE,CEX
6166,FamilyReunion,COL,L00800M0080C040P040G020,Liveness,00,FALSE,2,NONE,CEX
6167,FamilyReunion,COL,L01200M0120C060P060G030,Liveness,00,FALSE,2,NONE,CEX
6168,FamilyReunion,COL,L03000M0300G150P150G075,Liveness,00,FALSE,2,NONE,CEX
6169,FamilyReunion,COL,L05000M0500C250P250G125,Liveness,00,FALSE,2,NONE,CEX
6170,FamilyReunion,COL,L08000M0800C400P400G200,Liveness,00,FALSE,2,NONE,CEX
6171,FamilyReunion,COL,L12000M1200C600P600G300,Liveness,00,FALSE,2,NONE,CEX
6172,FamilyReunion,PT,L00010M0001C001P001G001,Liveness,00,FALSE,3,NONE,CEX
6173,FamilyReunion,PT,L00020M0002C001P001G001,Liveness,00,FALSE,3,NONE,CEX
6174,FamilyReunion,PT,L00050M0005C002P002G001,Liveness,00,FALSE,3,NONE,CEX
6175,FamilyReunion,PT,L00100M0010C005P005G002,Liveness,00,FALSE,3,NONE,CEX
6176,FamilyReunion,PT,L00200M0020C010P010G005,Liveness,00,FALSE,2,NONE,CEX
6177,FamilyReunion,PT,L00400M0040C020P020G001,Liveness,00,FALSE,2,NONE,CEX
6178,FireWire,PT,01,Liveness,00,FALSE,3,NONE,CEX
6179,FireWire,PT,02,Liveness,00,FALSE,3,NONE,CEX
6180,FireWire,PT,03,Liveness,00,FALSE,3,NONE,CEX
6181,FireWire,PT,04,Liveness,00,FALSE,3,NONE,CEX
6182,FireWire,PT,05,Liveness,00,FALSE,3,NONE,CEX
6183,FireWire,PT,06,Liveness,00,FALSE,3,NONE,CEX
6184,FireWire,PT,07,Liveness,00,FALSE,3,NONE,CEX
6185,FireWire,PT,08,Liveness,00,FALSE,3,NONE,CEX
6186,FireWire,PT,09,Liveness,00,FALSE,3,NONE,CEX
6187,FireWire,PT,10,Liveness,00,FALSE,3,NONE,CEX
6188,FireWire,PT,11,Liveness,00,FALSE,3,NONE,CEX
6189,FireWire,PT,12,Liveness,00,FALSE,3,NONE,CEX
6190,FireWire,PT,13,Liveness,00,FALSE,3,NONE,CEX
6191,FireWire,PT,14,Liveness,00,FALSE,3,NONE,CEX
6192,FireWire,PT,15,Liveness,00,FALSE,3,NONE,CEX
6193,FireWire,PT,16,Liveness,00,FALSE,3,NONE,CEX
6194,FireWire,PT,17,Liveness,00,FALSE,3,NONE,CEX
6195,FireWire,PT,18,Liveness,00,FALSE,3,NONE,CEX
6196,FireWire,PT,19,Liveness,00,FALSE,3,NONE,CEX
6197,FireWire,PT,20,Liveness,00,FALSE,3,NONE,CEX
6198,FlexibleBarrier,PT,04a,Liveness,00,FALSE,3,NUPN,CEX
6199,FlexibleBarrier,PT,04b,Liveness,00,FALSE,3,NUPN,CEX
6200,FlexibleBarrier,PT,06a,Liveness,00,FALSE,3,NUPN,CEX
6201,FlexibleBarrier,PT,06b,Liveness,00,FALSE,3,NUPN,CEX
6202,FlexibleBarrier,PT,08a,Liveness,00,FALSE,3,NUPN,CEX
6203,FlexibleBarrier,PT,08b,Liveness,00,FALSE,3,NUPN,CEX
6204,FlexibleBarrier,PT,10a,Liveness,00,FALSE,3,NUPN,CEX
6205,FlexibleBarrier,PT,10b,Liveness,00,FALSE,3,NUPN,CEX
6206,FlexibleBarrier,PT,12a,Liveness,00,FALSE,3,NUPN,CEX
6207,FlexibleBarrier,PT,12b,Liveness,00,FALSE,3,NUPN,CEX
6208,FlexibleBarrier,PT,14a,Liveness,00,FALSE,3,NUPN,CEX
6209,FlexibleBarrier,PT,14b,Liveness,00,FALSE,3,NUPN,CEX
6210,FlexibleBarrier,PT,16a,Liveness,00,FALSE,3,NUPN,CEX
6211,FlexibleBarrier,PT,16b,Liveness,00,FALSE,3,NUPN,CEX
6212,FlexibleBarrier,PT,18a,Liveness,00,FALSE,3,NUPN,CEX
6213,FlexibleBarrier,PT,18b,Liveness,00,FALSE,3,NUPN,CEX
6214,FlexibleBarrier,PT,20a,Liveness,00,FALSE,3,NUPN,CEX
6215,FlexibleBarrier,PT,20b,Liveness,00,FALSE,3,NUPN,CEX
6216,FlexibleBarrier,PT,22a,Liveness,00,FALSE,3,NUPN,CEX
6217,FlexibleBarrier,PT,22b,Liveness,00,FALSE,3,NUPN,CEX
6218,FMS,PT,00002,Liveness,00,TRUE,3,NONE,INV
6219,FMS,PT,00005,Liveness,00,TRUE,3,NONE,INV
6220,FMS,PT,00010,Liveness,00,TRUE,2,NONE,INV
6221,FMS,PT,00020,Liveness,00,TRUE,2,NONE,INV
6222,FMS,PT,00050,Liveness,00,TRUE,2,NONE,INV
6223,FMS,PT,00100,Liveness,00,TRUE,2,NONE,INV
6224,FMS,PT,00200,Liveness,00,TRUE,2,NONE,INV
6225,FMS,PT,00500,Liveness,00,TRUE,2,NONE,INV
6226,FMS,PT,01000,Liveness,00,TRUE,2,NONE,INV
6227,FMS,PT,02000,Liveness,00,TRUE,2,NONE,INV
6228,FunctionPointer,PT,a002,Liveness,00,FALSE,3,NONE,CEX
6229,FunctionPointer,PT,a004,Liveness,00,FALSE,3,NONE,CEX
6230,FunctionPointer,PT,a008,Liveness,00,FALSE,3,NONE,CEX
6231,FunctionPointer,PT,a016,Liveness,00,FALSE,3,NONE,CEX
6232,FunctionPointer,PT,a032,Liveness,00,FALSE,3,NONE,CEX
6233,FunctionPointer,PT,a064,Liveness,00,FALSE,3,NONE,CEX
6234,FunctionPointer,PT,a128,Liveness,00,FALSE,3,NONE,CEX
6235,FunctionPointer,PT,b002,Liveness,00,FALSE,3,NONE,CEX
6236,FunctionPointer,PT,b004,Liveness,00,FALSE,3,NONE,CEX
6237,FunctionPointer,PT,b008,Liveness,00,FALSE,3,NONE,CEX
6238,FunctionPointer,PT,b016,Liveness,00,FALSE,3,NONE,CEX
6239,FunctionPointer,PT,b032,Liveness,00,FALSE,3,NONE,CEX
6240,FunctionPointer,PT,b064,Liveness,00,FALSE,3,NONE,CEX
6241,FunctionPointer,PT,b128,Liveness,00,FALSE,3,NONE,CEX
6242,FunctionPointer,PT,c002,Liveness,00,FALSE,3,NONE,CEX
6243,FunctionPointer,PT,c004,Liveness,00,FALSE,3,NONE,CEX
6244,FunctionPointer,PT,c008,Liveness,00,FALSE,3,NONE,CEX
6245,FunctionPointer,PT,c016,Liveness,00,FALSE,3,NONE,CEX
6246,FunctionPointer,PT,c032,Liveness,00,FALSE,3,NONE,CEX
6247,FunctionPointer,PT,c064,Liveness,00,FALSE,3,NONE,CEX
6248,FunctionPointer,PT,c128,Liveness,00,FALSE,3,NONE,CEX
6249,GlobalResAllocation,COL,03,Liveness,00,TRUE,3,NONE,INV
6250,GlobalResAllocation,COL,05,Liveness,00,TRUE,2,NONE,INV
6251,GlobalResAllocation,PT,03,Liveness,00,FALSE,3,NONE,CEX
6252,GlobalResAllocation,PT,05,Liveness,00,FALSE,3,NONE,CEX
6253,GPPP,PT,C0001N0000000001,Liveness,00,TRUE,3,NONE,INV
6254,GPPP,PT,C0001N0000000010,Liveness,00,TRUE,3,NONE,INV
6255,GPPP,PT,C0001N0000000100,Liveness,00,TRUE,2,NONE,INV
6256,GPPP,PT,C0001N0000001000,Liveness,00,TRUE,2,NONE,INV
6257,GPPP,PT,C0001N0000010000,Liveness,00,TRUE,2,NONE,INV
6258,GPPP,PT,C0001N0000100000,Liveness,00,TRUE,2,NONE,INV
6259,GPPP,PT,C0010N0000000010,Liveness,00,FALSE,3,NONE,CEX
6260,GPPP,PT,C0010N0000000100,Liveness,00,FALSE,3,NONE,CEX
6261,GPPP,PT,C0100N0000000010,Liveness,00,FALSE,3,NONE,CEX
6262,GPPP,PT,C0100N0000000100,Liveness,00,FALSE,3,NONE,CEX
6263,GPPP,PT,C0100N0000001000,Liveness,00,FALSE,3,NONE,CEX
6264,GPPP,PT,C0100N0000010000,Liveness,00,FALSE,3,NONE,CEX
6265,GPPP,PT,C0100N0000100000,Liveness,00,FALSE,3,NONE,CEX
6266,GPPP,PT,C1000N0000000010,Liveness,00,FALSE,3,NONE,CEX
6267,GPPP,PT,C1000N0000000100,Liveness,00,FALSE,3,NONE,CEX
6268,GPPP,PT,C1000N0000001000,Liveness,00,FALSE,3,NONE,CEX
6269,GPUForwardProgress,PT,04a,Liveness,00,FALSE,3,NUPN,CEX
6270,GPUForwardProgress,PT,04b,Liveness,00,FALSE,3,NUPN,CEX
6271,GPUForwardProgress,PT,08a,Liveness,00,FALSE,3,NUPN,CEX
6272,GPUForwardProgress,PT,08b,Liveness,00,FALSE,3,NUPN,CEX
6273,GPUForwardProgress,PT,12a,Liveness,00,FALSE,3,NUPN,CEX
6274,GPUForwardProgress,PT,12b,Liveness,00,FALSE,3,NUPN,CEX
6275,GPUForwardProgress,PT,16a,Liveness,00,FALSE,3,NUPN,CEX
6276,GPUForwardProgress,PT,16b,Liveness,00,FALSE,3,NUPN,CEX
6277,GPUForwardProgress,PT,20a,Liveness,00,FALSE,3,NUPN,CEX
6278,GPUForwardProgress,PT,20b,Liveness,00,FALSE,3,NUPN,CEX
6279,GPUForwardProgress,PT,24a,Liveness,00,FALSE,3,NUPN,CEX
6280,GPUForwardProgress,PT,24b,Liveness,00,FALSE,3,NUPN,CEX
6281,GPUForwardProgress,PT,28a,Liveness,00,FALSE,3,NUPN,CEX
6282,GPUForwardProgress,PT,28b,Liveness,00,FALSE,3,NUPN,CEX
6283,GPUForwardProgress,PT,32a,Liveness,00,FALSE,3,NUPN,CEX
6284,GPUForwardProgress,PT,32b,Liveness,00,FALSE,3,NUPN,CEX
6285,GPUForwardProgress,PT,36a,Liveness,00,FALSE,3,NUPN,CEX
6286,GPUForwardProgress,PT,36b,Liveness,00,FALSE,3,NUPN,CEX
6287,GPUForwardProgress,PT,40a,Liveness,00,FALSE,3,NUPN,CEX
6288,GPUForwardProgress,PT,40b,Liveness,00,FALSE,3,NUPN,CEX
6289,HealthRecord,PT,01,Liveness,00,FALSE,3,NUPN,CEX
6290,HealthRecord,PT,02,Liveness,00,FALSE,3,NUPN,CEX
6291,HealthRecord,PT,03,Liveness,00,FALSE,3,NUPN,CEX
6292,HealthRecord,PT,04,Liveness,00,FALSE,3,NUPN,CEX
6293,HealthRecord,PT,05,Liveness,00,FALSE,3,NUPN,CEX
6294,HealthRecord,PT,06,Liveness,00,FALSE,3,NUPN,CEX
6295,HealthRecord,PT,07,Liveness,00,FALSE,3,NUPN,CEX
6296,HealthRecord,PT,08,Liveness,00,FALSE,3,NUPN,CEX
6297,HealthRecord,PT,09,Liveness,00,FALSE,3,NUPN,CEX
6298,HealthRecord,PT,10,Liveness,00,FALSE,3,NUPN,CEX
6299,HealthRecord,PT,11,Liveness,00,FALSE,3,NUPN,CEX
6300,HealthRecord,PT,12,Liveness,00,FALSE,3,NUPN,CEX
6301,HealthRecord,PT,13,Liveness,00,FALSE,3,NUPN,CEX
6302,HealthRecord,PT,14,Liveness,00,FALSE,3,NUPN,CEX
6303,HealthRecord,PT,15,Liveness,00,FALSE,3,NUPN,CEX
6304,HealthRecord,PT,16,Liveness,00,FALSE,3,NUPN,CEX
6305,HealthRecord,PT,17,Liveness,00,FALSE,3,NUPN,CEX
6306,HexagonalGrid,PT,110,Liveness,00,TRUE,3,NONE,INV
6307,HexagonalGrid,PT,126,Liveness,00,TRUE,3,NONE,INV
6308,HexagonalGrid,PT,226,Liveness,00,FALSE,2,NONE,CEX
6309,HexagonalGrid,PT,316,Liveness,00,FALSE,2,NONE,CEX
6310,HexagonalGrid,PT,410,Liveness,00,FALSE,2,NONE,CEX
6311,HexagonalGrid,PT,516,Liveness,00,FALSE,2,NONE,CEX
6312,HexagonalGrid,PT,816,Liveness,00,FALSE,2,NONE,CEX
6313,HirschbergSinclair,PT,05,Liveness,00,FALSE,3,NONE,CEX
6314,HirschbergSinclair,PT,10,Liveness,00,FALSE,3,NONE,CEX
6315,HirschbergSinclair,PT,15,Liveness,00,FALSE,3,NONE,CEX
6316,HirschbergSinclair,PT,20,Liveness,00,FALSE,3,NONE,CEX
6317,HirschbergSinclair,PT,25,Liveness,00,FALSE,3,NONE,CEX
6318,HirschbergSinclair,PT,30,Liveness,00,FALSE,3,NONE,CEX
6319,HirschbergSinclair,PT,35,Liveness,00,FALSE,3,NONE,CEX
6320,HirschbergSinclair,PT,40,Liveness,00,FALSE,3,NONE,CEX
6321,HirschbergSinclair,PT,45,Liveness,00,FALSE,3,NONE,CEX
6322,HirschbergSinclair,PT,50,Liveness,00,FALSE,3,NONE,CEX
6323,HospitalTriage,PT,none,Liveness,00,FALSE,3,NONE,CEX
6324,HouseConstruction,PT,00002,Liveness,00,FALSE,3,NONE,CEX
6325,HouseConstruction,PT,00005,Liveness,00,FALSE,3,NONE,CEX
6326,HouseConstruction,PT,00010,Liveness,00,FALSE,3,NONE,CEX
6327,HouseConstruction,PT,00020,Liveness,00,FALSE,3,NONE,CEX
6328,HouseConstruction,PT,00050,Liveness,00,FALSE,3,NONE,CEX
6329,HouseConstruction,PT,00100,Liveness,00,FALSE,3,NONE,CEX
6330,HouseConstruction,PT,00200,Liveness,00,FALSE,3,NONE,CEX
6331,HouseConstruction,PT,00500,Liveness,00,FALSE,3,NONE,CEX
6332,HouseConstruction,PT,01000,Liveness,00,FALSE,3,NONE,CEX
6333,HouseConstruction,PT,02000,Liveness,00,FALSE,3,NONE,CEX
6334,HouseConstruction,PT,04000,Liveness,00,FALSE,3,NONE,CEX
6335,HouseConstruction,PT,08000,Liveness,00,FALSE,3,NONE,CEX
6336,HouseConstruction,PT,16000,Liveness,00,FALSE,3,NONE,CEX
6337,HouseConstruction,PT,32000,Liveness,00,FALSE,3,NONE,CEX
6338,HypercubeGrid,PT,C3K4P4B12,Liveness,00,FALSE,2,NONE,CEX
6339,HypercubeGrid,PT,C4K3P3B12,Liveness,00,FALSE,2,NONE,CEX
6340,HypertorusGrid,PT,d2k1p8b00,Liveness,00,TRUE,3,NONE,INV
6341,HypertorusGrid,PT,d2k2p1b00,Liveness,00,FALSE,3,NONE,CEX
6342,HypertorusGrid,PT,d2k3p2b04,Liveness,00,FALSE,2,NONE,CEX
6343,HypertorusGrid,PT,d3k3p2b06,Liveness,00,FALSE,2,NONE,CEX
6344,HypertorusGrid,PT,d4k3p2b08,Liveness,00,FALSE,2,NONE,CEX
6345,IBM319,PT,none,Liveness,00,FALSE,3,GEN,CEX
6346,IBM5964,PT,none,Liveness,00,FALSE,3,NONE,CEX
6347,IBM703,PT,none,Liveness,00,FALSE,3,GEN,CEX
6348,IBMB2S565S3960,PT,none,Liveness,00,FALSE,3,NONE,CEX
6349,IOTPpurchase,PT,C01M01P01D01,Liveness,00,TRUE,3,GEN,INV
6350,IOTPpurchase,PT,C03M03P03D03,Liveness,00,TRUE,3,NONE,INV
6351,IOTPpurchase,PT,C05M04P03D02,Liveness,00,TRUE,3,NONE,INV
6352,IOTPpurchase,PT,C12M10P15D17,Liveness,00,TRUE,2,NONE,INV
6353,JoinFreeModules,PT,0003,Liveness,00,TRUE,3,NONE,INV
6354,JoinFreeModules,PT,0004,Liveness,00,FALSE,3,NONE,CEX
6355,JoinFreeModules,PT,0005,Liveness,00,FALSE,3,NONE,CEX
6356,JoinFreeModules,PT,0010,Liveness,00,TRUE,2,NONE,INV
6357,Kanban,PT,00005,Liveness,00,TRUE,3,NONE,INV
6358,Kanban,PT,00010,Liveness,00,TRUE,3,NONE,INV
6359,Kanban,PT,00020,Liveness,00,TRUE,3,NONE,INV
6360,Kanban,PT,00050,Liveness,00,TRUE,3,NONE,INV
6361,Kanban,PT,00100,Liveness,00,TRUE,3,NONE,INV
6362,Kanban,PT,00200,Liveness,00,TRUE,3,NONE,INV
6363,LamportFastMutEx,COL,2,Liveness,00,TRUE,3,NONE,INV
6364,LamportFastMutEx,COL,3,Liveness,00,TRUE,3,NONE,INV
6365,LamportFastMutEx,COL,4,Liveness,00,TRUE,3,NONE,INV
6366,LamportFastMutEx,PT,2,Liveness,00,FALSE,3,GEN,CEX
6367,LamportFastMutEx,PT,3,Liveness,00,FALSE,3,GEN,CEX
6368,LamportFastMutEx,PT,4,Liveness,00,FALSE,3,GEN,CEX
6369,LamportFastMutEx,PT,5,Liveness,00,FALSE,3,GEN,CEX
6370,LamportFastMutEx,PT,6,Liveness,00,FALSE,3,GEN,CEX
6371,LamportFastMutEx,PT,7,Liveness,00,FALSE,3,GEN,CEX
6372,LamportFastMutEx,PT,8,Liveness,00,FALSE,3,GEN,CEX
6373,LeafsetExtension,PT,S08C2,Liveness,00,FALSE,3,NONE,CEX
6374,LeafsetExtension,PT,S08C3,Liveness,00,FALSE,3,NONE,CEX
6375,LeafsetExtension,PT,S08C4,Liveness,00,FALSE,3,NONE,CEX
6376,LeafsetExtension,PT,S16C2,Liveness,00,FALSE,3,NONE,CEX
6377,LeafsetExtension,PT,S16C3,Liveness,00,FALSE,3,NONE,CEX
6378,LeafsetExtension,PT,S16C4,Liveness,00,FALSE,3,NONE,CEX
6379,LeafsetExtension,PT,S32C2,Liveness,00,FALSE,3,NONE,CEX
6380,LeafsetExtension,PT,S32C3,Liveness,00,FALSE,3,NONE,CEX
6381,LeafsetExtension,PT,S32C4,Liveness,00,FALSE,3,NONE,CEX
6382,LeafsetExtension,PT,S64C2,Liveness,00,FALSE,3,NONE,CEX
6383,LeafsetExtension,PT,S64C3,Liveness,00,FALSE,3,NONE,CEX
6384,LeafsetExtension,PT,S64C4,Liveness,00,FALSE,3,NONE,CEX
6385,MAPK,PT,00008,Liveness,00,TRUE,3,NONE,INV
6386,MAPK,PT,00020,Liveness,00,TRUE,2,NONE,INV
6387,MAPK,PT,00040,Liveness,00,TRUE,2,NONE,INV
6388,MAPK,PT,00080,Liveness,00,TRUE,2,NONE,INV
6389,MAPK,PT,00160,Liveness,00,TRUE,2,NONE,INV
6390,MAPK,PT,00320,Liveness,00,TRUE,2,NONE,INV
6391,MAPK,PT,00640,Liveness,00,TRUE,2,NONE,INV
6392,MAPK,PT,01280,Liveness,00,TRUE,2,NONE,INV
6393,MAPK,PT,02560,Liveness,00,TRUE,2,NONE,INV
6394,MAPK,PT,05120,Liveness,00,TRUE,2,NONE,INV
6395,MAPK,PT,10240,Liveness,00,TRUE,2,NONE,INV
6396,MAPKbis,PT,5310,Liveness,00,FALSE,3,GEN,CEX
6397,MAPKbis,PT,5320,Liveness,00,FALSE,3,GEN,CEX
6398,Medical,PT,02,Liveness,00,FALSE,3,NONE,CEX
6399,Medical,PT,04,Liveness,00,FALSE,3,NONE,CEX
6400,Medical,PT,06,Liveness,00,FALSE,3,NONE,CEX
6401,Medical,PT,08,Liveness,00,FALSE,3,NONE,CEX
6402,Medical,PT,10,Liveness,00,FALSE,3,NONE,CEX
6403,Medical,PT,12,Liveness,00,FALSE,3,NONE,CEX
6404,Medical,PT,14,Liveness,00,FALSE,3,NONE,CEX
6405,Medical,PT,16,Liveness,00,FALSE,3,NONE,CEX
6406,Medical,PT,18,Liveness,00,FALSE,3,NONE,CEX
6407,Medical,PT,20,Liveness,00,FALSE,3,NONE,CEX
6408,Medical,PT,22,Liveness,00,FALSE,3,NONE,CEX
6409,Medical,PT,24,Liveness,00,FALSE,3,NONE,CEX
6410,MedleyA,PT,01,Liveness,00,FALSE,3,NONE,CEX
6411,MedleyA,PT,02,Liveness,00,FALSE,3,NONE,CEX
6412,MedleyA,PT,03,Liveness,00,FALSE,3,NONE,CEX
6413,MedleyA,PT,04,Liveness,00,FALSE,3,NONE,CEX
6414,MedleyA,PT,05,Liveness,00,FALSE,3,NONE,CEX
6415,MedleyA,PT,06,Liveness,00,FALSE,3,NONE,CEX
6416,MedleyA,PT,07,Liveness,00,FALSE,3,NONE,CEX
6417,MedleyA,PT,08,Liveness,00,FALSE,3,NONE,CEX
6418,MedleyA,PT,09,Liveness,00,FALSE,3,NONE,CEX
6419,MedleyA,PT,10,Liveness,00,FALSE,3,NONE,CEX
6420,MedleyA,PT,11,Liveness,00,FALSE,3,NONE,CEX
6421,MedleyA,PT,12,Liveness,00,FALSE,3,NONE,CEX
6422,MedleyA,PT,13,Liveness,00,FALSE,3,NONE,CEX
6423,MedleyA,PT,14,Liveness,00,FALSE,3,NONE,CEX
6424,MedleyA,PT,15,Liveness,00,FALSE,3,NONE,CEX
6425,MedleyA,PT,16,Liveness,00,FALSE,3,NONE,CEX
6426,MedleyA,PT,17,Liveness,00,FALSE,3,NONE,CEX
6427,MedleyA,PT,18,Liveness,00,FALSE,3,NONE,CEX
6428,MedleyA,PT,19,Liveness,00,FALSE,3,NONE,CEX
6429,MedleyA,PT,20,Liveness,00,FALSE,3,NONE,CEX
6430,MedleyA,PT,21,Liveness,00,FALSE,3,NONE,CEX
6431,MedleyA,PT,22,Liveness,00,FALSE,3,NONE,CEX
6432,MedleyA,PT,23,Liveness,00,FALSE,3,NONE,CEX
6433,MedleyB,PT,B01,Liveness,00,FALSE,3,NONE,CEX
6434,MedleyB,PT,B02,Liveness,00,FALSE,3,NONE,CEX
6435,MedleyB,PT,B03,Liveness,00,FALSE,3,NONE,CEX
6436,MedleyB,PT,B04,Liveness,00,FALSE,3,NONE,CEX
6437,MedleyB,PT,B05,Liveness,00,FALSE,3,NONE,CEX
6438,MedleyB,PT,B06,Liveness,00,FALSE,3,NONE,CEX
6439,MedleyB,PT,B07,Liveness,00,FALSE,3,NONE,CEX
6440,MedleyB,PT,B08,Liveness,00,FALSE,3,NONE,CEX
6441,MedleyB,PT,B09,Liveness,00,FALSE,3,NONE,CEX
6442,MedleyB,PT,B10,Liveness,00,FALSE,3,NONE,CEX
6443,MedleyB,PT,B11,Liveness,00,FALSE,3,NONE,CEX
6444,MedleyB,PT,B12,Liveness,00,FALSE,2,NONE,CEX
6445,MedleyB,PT,B13,Liveness,00,FALSE,2,NONE,CEX
6446,MultiCrashLeafsetExtension,PT,S16C02,Liveness,00,FALSE,3,NONE,CEX
6447,MultiCrashLeafsetExtension,PT,S16C03,Liveness,00,FALSE,3,NONE,CEX
6448,MultiCrashLeafsetExtension,PT,S16C04,Liveness,00,FALSE,3,NONE,CEX
6449,MultiCrashLeafsetExtension,PT,S16C05,Liveness,00,FALSE,3,NONE,CEX
6450,MultiCrashLeafsetExtension,PT,S16C06,Liveness,00,FALSE,3,NONE,CEX
6451,MultiCrashLeafsetExtension,PT,S16C07,Liveness,00,FALSE,3,NONE,CEX
6452,MultiCrashLeafsetExtension,PT,S16C08,Liveness,00,FALSE,3,NONE,CEX
6453,MultiCrashLeafsetExtension,PT,S24C02,Liveness,00,FALSE,3,NONE,CEX
6454,MultiCrashLeafsetExtension,PT,S24C03,Liveness,00,FALSE,3,NONE,CEX
6455,MultiCrashLeafsetExtension,PT,S24C04,Liveness,00,FALSE,3,NONE,CEX
6456,MultiCrashLeafsetExtension,PT,S24C05,Liveness,00,FALSE,3,NONE,CEX
6457,MultiCrashLeafsetExtension,PT,S24C06,Liveness,00,FALSE,3,NONE,CEX
6458,MultiCrashLeafsetExtension,PT,S24C07,Liveness,00,FALSE,3,NONE,CEX
6459,MultiCrashLeafsetExtension,PT,S24C08,Liveness,00,FALSE,2,NONE,CEX
6460,MultiCrashLeafsetExtension,PT,S24C09,Liveness,00,FALSE,2,NONE,CEX
6461,MultiCrashLeafsetExtension,PT,S24C10,Liveness,00,FALSE,2,NONE,CEX
6462,MultiCrashLeafsetExtension,PT,S24C11,Liveness,00,FALSE,2,NONE,CEX
6463,MultiCrashLeafsetExtension,PT,S24C12,Liveness,00,FALSE,2,NONE,CEX
6464,MultiCrashLeafsetExtension,PT,S32C02,Liveness,00,FALSE,3,NONE,CEX
6465,MultiCrashLeafsetExtension,PT,S32C03,Liveness,00,FALSE,3,NONE,CEX
6466,MultiCrashLeafsetExtension,PT,S32C04,Liveness,00,FALSE,3,NONE,CEX
6467,MultiCrashLeafsetExtension,PT,S32C05,Liveness,00,FALSE,2,NONE,CEX
6468,MultiCrashLeafsetExtension,PT,S32C06,Liveness,00,FALSE,2,NONE,CEX
6469,MultiCrashLeafsetExtension,PT,S32C07,Liveness,00,FALSE,2,NONE,CEX
6470,MultiCrashLeafsetExtension,PT,S32C08,Liveness,00,FALSE,3,NONE,CEX
6471,MultiCrashLeafsetExtension,PT,S32C09,Liveness,00,FALSE,2,NONE,CEX
6472,MultiCrashLeafsetExtension,PT,S32C10,Liveness,00,FALSE,2,NONE,CEX
6473,MultiCrashLeafsetExtension,PT,S32C11,Liveness,00,FALSE,2,NONE,CEX
6474,MultiCrashLeafsetExtension,PT,S32C12,Liveness,00,FALSE,2,NONE,CEX
6475,MultiwaySync,PT,none,Liveness,00,FALSE,3,NUPN,CEX
6476,Murphy,COL,D1N010,Liveness,00,FALSE,3,NONE,CEX
6477,Murphy,COL,D2N050,Liveness,00,FALSE,2,NONE,CEX
6478,Murphy,COL,D2N100,Liveness,00,FALSE,2,NONE,CEX
6479,Murphy,COL,D3N050,Liveness,00,FALSE,2,NONE,CEX
6480,Murphy,COL,D4N025,Liveness,00,FALSE,2,NONE,CEX
6481,Murphy,COL,D4N050,Liveness,00,FALSE,2,NONE,CEX
6482,Murphy,PT,D1N010,Liveness,00,FALSE,3,NONE,CEX
6483,Murphy,PT,D2N050,Liveness,00,FALSE,2,NONE,CEX
6484,Murphy,PT,D2N100,Liveness,00,FALSE,2,NONE,CEX
6485,Murphy,PT,D3N050,Liveness,00,FALSE,2,NONE,CEX
6486,Murphy,PT,D4N025,Liveness,00,FALSE,2,NONE,CEX
6487,Murphy,PT,D4N050,Liveness,00,FALSE,2,NONE,CEX
6488,NeighborGrid,PT,d2n3m1c12,Liveness,00,TRUE,3,NONE,INV
6489,NeighborGrid,PT,d2n3m1t12,Liveness,00,TRUE,3,NONE,INV
6490,NeighborGrid,PT,d3n3m1t11,Liveness,00,TRUE,3,NONE,INV
6491,NeighborGrid,PT,d4n3m2c23,Liveness,00,TRUE,3,NONE,INV
6492,NeighborGrid,PT,d5n4m1t35,Liveness,00,TRUE,3,NONE,INV
6493,NeoElection,COL,2,Liveness,00,FALSE,3,NONE,CEX
6494,NeoElection,COL,3,Liveness,00,FALSE,3,NONE,CEX
6495,NeoElection,COL,4,Liveness,00,FALSE,3,NONE,CEX
6496,NeoElection,COL,5,Liveness,00,FALSE,3,NONE,CEX
6497,NeoElection,COL,6,Liveness,00,FALSE,3,NONE,CEX
6498,NeoElection,COL,7,Liveness,00,FALSE,3,NONE,CEX
6499,NeoElection,COL,8,Liveness,00,FALSE,3,NONE,CEX
6500,NeoElection,PT,2,Liveness,00,FALSE,3,GEN,CEX
6501,NeoElection,PT,3,Liveness,00,FALSE,3,GEN,CEX
6502,NeoElection,PT,4,Liveness,00,FALSE,3,GEN,CEX
6503,NeoElection,PT,5,Liveness,00,FALSE,3,GEN,CEX
6504,NeoElection,PT,6,Liveness,00,FALSE,3,GEN,CEX
6505,NeoElection,PT,7,Liveness,00,FALSE,3,GEN,CEX
6506,NeoElection,PT,8,Liveness,00,FALSE,3,GEN,CEX
6507,NoC3x3,PT,1A,Liveness,00,FALSE,3,NUPN,CEX
6508,NoC3x3,PT,1B,Liveness,00,FALSE,3,NUPN,CEX
6509,NoC3x3,PT,2A,Liveness,00,FALSE,3,NUPN,CEX
6510,NoC3x3,PT,2B,Liveness,00,FALSE,3,NUPN,CEX
6511,NoC3x3,PT,3A,Liveness,00,FALSE,3,NUPN,CEX
6512,NoC3x3,PT,3B,Liveness,00,FALSE,3,NUPN,CEX
6513,NoC3x3,PT,4A,Liveness,00,FALSE,3,NUPN,CEX
6514,NoC3x3,PT,4B,Liveness,00,FALSE,3,NUPN,CEX
6515,NoC3x3,PT,5A,Liveness,00,FALSE,3,NUPN,CEX
6516,NoC3x3,PT,5B,Liveness,00,FALSE,3,NUPN,CEX
6517,NoC3x3,PT,6A,Liveness,00,FALSE,3,NUPN,CEX
6518,NoC3x3,PT,6B,Liveness,00,FALSE,3,NUPN,CEX
6519,NoC3x3,PT,7A,Liveness,00,FALSE,3,NUPN,CEX
6520,NoC3x3,PT,7B,Liveness,00,FALSE,3,NUPN,CEX
6521,NoC3x3,PT,8A,Liveness,00,FALSE,3,NUPN,CEX
6522,NoC3x3,PT,8B,Liveness,00,FALSE,3,NUPN,CEX
6523,NQueens,PT,05,Liveness,00,FALSE,3,GEN,CEX
6524,NQueens,PT,08,Liveness,00,FALSE,3,GEN,CEX
6525,NQueens,PT,10,Liveness,00,FALSE,3,GEN,CEX
6526,NQueens,PT,12,Liveness,00,FALSE,3,GEN,CEX
6527,NQueens,PT,15,Liveness,00,FALSE,3,GEN,CEX
6528,NQueens,PT,20,Liveness,00,FALSE,3,GEN,CEX
6529,NQueens,PT,25,Liveness,00,FALSE,3,GEN,CEX
6530,NQueens,PT,30,Liveness,00,FALSE,3,GEN,CEX
6531,PaceMaker,PT,none,Liveness,00,FALSE,3,NONE,CEX
6532,ParamProductionCell,PT,0,Liveness,00,TRUE,3,GEN,INV
6533,ParamProductionCell,PT,1,Liveness,00,FALSE,3,GEN,CEX
6534,ParamProductionCell,PT,2,Liveness,00,TRUE,3,GEN,INV
6535,ParamProductionCell,PT,3,Liveness,00,TRUE,3,GEN,INV
6536,ParamProductionCell,PT,4,Liveness,00,TRUE,3,GEN,INV
6537,ParamProductionCell,PT,5,Liveness,00,TRUE,3,GEN,INV
6538,Parking,PT,104,Liveness,00,FALSE,3,NUPN,CEX
6539,Parking,PT,208,Liveness,00,FALSE,3,NUPN,CEX
6540,Parking,PT,416,Liveness,00,FALSE,3,NUPN,CEX
6541,Parking,PT,432,Liveness,00,FALSE,3,NUPN,CEX
6542,Parking,PT,832,Liveness,00,FALSE,2,NUPN,CEX
6543,Parking,PT,864,Liveness,00,FALSE,3,NUPN,CEX
6544,PermAdmissibility,COL,01,Liveness,00,FALSE,3,NONE,CEX
6545,PermAdmissibility,COL,02,Liveness,00,FALSE,3,NONE,CEX
6546,PermAdmissibility,COL,05,Liveness,00,FALSE,3,NONE,CEX
6547,PermAdmissibility,COL,10,Liveness,00,FALSE,3,NONE,CEX
6548,PermAdmissibility,COL,20,Liveness,00,FALSE,3,NONE,CEX
6549,PermAdmissibility,COL,50,Liveness,00,FALSE,3,NONE,CEX
6550,PermAdmissibility,PT,01,Liveness,00,FALSE,3,NONE,CEX
6551,PermAdmissibility,PT,02,Liveness,00,FALSE,3,NONE,CEX
6552,PermAdmissibility,PT,05,Liveness,00,FALSE,3,NONE,CEX
6553,PermAdmissibility,PT,10,Liveness,00,FALSE,3,NONE,CEX
6554,PermAdmissibility,PT,20,Liveness,00,FALSE,3,NONE,CEX
6555,PermAdmissibility,PT,50,Liveness,00,FALSE,3,NONE,CEX
6556,Peterson,COL,2,Liveness,00,FALSE,3,NONE,CEX
6557,Peterson,COL,3,Liveness,00,FALSE,3,NONE,CEX
6558,Peterson,PT,2,Liveness,00,FALSE,3,GEN,CEX
6559,Peterson,PT,3,Liveness,00,FALSE,3,GEN,CEX
6560,Peterson,PT,4,Liveness,00,FALSE,2,GEN,CEX
6561,PGCD,COL,D02N005,Liveness,00,FALSE,3,NONE,CEX
6562,PGCD,COL,D02N006,Liveness,00,TRUE,3,NONE,INV
6563,PGCD,COL,D03N050,Liveness,00,TRUE,2,NONE,INV
6564,PGCD,COL,D04N025,Liveness,00,FALSE,2,NONE,CEX
6565,PGCD,COL,D05N025,Liveness,00,FALSE,1,NONE,CEX
6566,PGCD,PT,D02N005,Liveness,00,FALSE,3,NONE,CEX
6567,PGCD,PT,D02N006,Liveness,00,TRUE,3,NONE,INV
6568,PGCD,PT,D02N100,Liveness,00,TRUE,2,NONE,INV
6569,PGCD,PT,D03N050,Liveness,00,TRUE,2,NONE,INV
6570,PGCD,PT,D04N025,Liveness,00,FALSE,2,NONE,CEX
6571,PGCD,PT,D04N050,Liveness,00,TRUE,2,NONE,INV
6572,PGCD,PT,D05N025,Liveness,00,FALSE,2,NONE,CEX
6573,PhaseVariation,PT,D02CS010,Liveness,00,FALSE,3,NONE,CEX
6574,PhaseVariation,PT,D02CS100,Liveness,00,FALSE,3,NONE,CEX
6575,PhaseVariation,PT,D05CS010,Liveness,00,FALSE,3,NONE,CEX
6576,PhaseVariation,PT,D05CS100,Liveness,00,FALSE,3,NONE,CEX
6577,PhaseVariation,PT,D10CS010,Liveness,00,FALSE,3,NONE,CEX
6578,PhaseVariation,PT,D10CS100,Liveness,00,FALSE,3,NONE,CEX
6579,PhaseVariation,PT,D20CS010,Liveness,00,FALSE,3,NONE,CEX
6580,PhaseVariation,PT,D20CS100,Liveness,00,FALSE,3,NONE,CEX
6581,PhaseVariation,PT,D30CS010,Liveness,00,FALSE,3,NONE,CEX
6582,PhaseVariation,PT,D30CS100,Liveness,00,FALSE,3,NONE,CEX
6583,Philosophers,COL,000005,Liveness,00,FALSE,3,NONE,CEX
6584,Philosophers,COL,000010,Liveness,00,FALSE,3,NONE,CEX
6585,Philosophers,COL,000020,Liveness,00,FALSE,3,NONE,CEX
6586,Philosophers,COL,000050,Liveness,00,FALSE,3,NONE,CEX
6587,Philosophers,COL,000100,Liveness,00,FALSE,3,NONE,CEX
6588,Philosophers,COL,000200,Liveness,00,FALSE,3,NONE,CEX
6589,Philosophers,COL,000500,Liveness,00,FALSE,3,NONE,CEX
6590,Philosophers,COL,001000,Liveness,00,FALSE,2,NONE,CEX
6591,Philosophers,PT,000005,Liveness,00,FALSE,3,GEN,CEX
6592,Philosophers,PT,000010,Liveness,00,FALSE,3,GEN,CEX
6593,Philosophers,PT,000020,Liveness,00,FALSE,3,GEN,CEX
6594,Philosophers,PT,000050,Liveness,00,FALSE,3,GEN,CEX
6595,Philosophers,PT,000100,Liveness,00,FALSE,2,GEN,CEX
6596,Philosophers,PT,000200,Liveness,00,FALSE,2,GEN,CEX
6597,Philosophers,PT,000500,Liveness,00,FALSE,2,GEN,CEX
6598,Philosophers,PT,001000,Liveness,00,FALSE,2,GEN,CEX
6599,PhilosophersDyn,COL,03,Liveness,00,FALSE,3,NONE,CEX
6600,PhilosophersDyn,COL,10,Liveness,00,FALSE,3,NONE,CEX
6601,PhilosophersDyn,COL,20,Liveness,00,FALSE,2,NONE,CEX
6602,PhilosophersDyn,PT,03,Liveness,00,FALSE,3,NONE,CEX
6603,PhilosophersDyn,PT,10,Liveness,00,FALSE,3,NONE,CEX
6604,PhilosophersDyn,PT,20,Liveness,00,FALSE,3,NONE,CEX
6605,Planning,PT,none,Liveness,00,FALSE,2,NONE,CEX
6606,PolyORBLF,COL,S02J04T06,Liveness,00,FALSE,2,NONE,CEX
6607,PolyORBLF,COL,S02J04T08,Liveness,00,FALSE,2,NONE,CEX
6608,PolyORBLF,COL,S02J04T10,Liveness,00,FALSE,2,NONE,CEX
6609,PolyORBLF,COL,S02J06T06,Liveness,00,FALSE,2,NONE,CEX
6610,PolyORBLF,COL,S02J06T08,Liveness,00,FALSE,2,NONE,CEX
6611,PolyORBLF,COL,S02J06T10,Liveness,00,FALSE,2,NONE,CEX
6612,PolyORBLF,COL,S04J04T06,Liveness,00,FALSE,3,NONE,CEX
6613,PolyORBLF,COL,S04J04T08,Liveness,00,FALSE,3,NONE,CEX
6614,PolyORBLF,COL,S04J04T10,Liveness,00,FALSE,2,NONE,CEX
6615,PolyORBLF,COL,S04J06T06,Liveness,00,FALSE,3,NONE,CEX
6616,PolyORBLF,COL,S04J06T08,Liveness,00,FALSE,3,NONE,CEX
6617,PolyORBLF,COL,S04J06T10,Liveness,00,FALSE,2,NONE,CEX
6618,PolyORBLF,COL,S06J04T04,Liveness,00,FALSE,3,NONE,CEX
6619,PolyORBLF,COL,S06J04T06,Liveness,00,FALSE,3,NONE,CEX
6620,PolyORBLF,COL,S06J04T08,Liveness,00,FALSE,3,NONE,CEX
6621,PolyORBLF,COL,S06J06T04,Liveness,00,FALSE,3,NONE,CEX
6622,PolyORBLF,COL,S06J06T06,Liveness,00,FALSE,3,NONE,CEX
6623,PolyORBLF,COL,S06J06T08,Liveness,00,FALSE,3,NONE,CEX
6624,PolyORBLF,PT,S02J04T06,Liveness,00,FALSE,3,NONE,CEX
6625,PolyORBLF,PT,S02J04T08,Liveness,00,FALSE,3,NONE,CEX
6626,PolyORBLF,PT,S02J04T10,Liveness,00,FALSE,3,NONE,CEX
6627,PolyORBLF,PT,S02J06T06,Liveness,00,FALSE,3,NONE,CEX
6628,PolyORBLF,PT,S02J06T08,Liveness,00,FALSE,3,NONE,CEX
6629,PolyORBLF,PT,S02J06T10,Liveness,00,FALSE,3,NONE,CEX
6630,PolyORBLF,PT,S04J04T06,Liveness,00,FALSE,3,NONE,CEX
6631,PolyORBLF,PT,S04J04T08,Liveness,00,FALSE,3,NONE,CEX
6632,PolyORBLF,PT,S04J04T10,Liveness,00,FALSE,3,NONE,CEX
6633,PolyORBLF,PT,S04J06T06,Liveness,00,FALSE,3,NONE,CEX
6634,PolyORBLF,PT,S04J06T08,Liveness,00,FALSE,3,NONE,CEX
6635,PolyORBLF,PT,S04J06T10,Liveness,00,FALSE,3,NONE,CEX
6636,PolyORBLF,PT,S06J04T04,Liveness,00,FALSE,3,NONE,CEX
6637,PolyORBLF,PT,S06J04T06,Liveness,00,FALSE,3,NONE,CEX
6638,PolyORBLF,PT,S06J04T08,Liveness,00,FALSE,3,NONE,CEX
6639,PolyORBLF,PT,S06J06T04,Liveness,00,FALSE,3,NONE,CEX
6640,PolyORBLF,PT,S06J06T06,Liveness,00,FALSE,3,NONE,CEX
6641,PolyORBLF,PT,S06J06T08,Liveness,00,FALSE,3,NONE,CEX
6642,PolyORBNT,COL,S05J20,Liveness,00,FALSE,3,NONE,CEX
6643,PolyORBNT,COL,S05J30,Liveness,00,FALSE,3,NONE,CEX
6644,PolyORBNT,COL,S05J40,Liveness,00,FALSE,3,NONE,CEX
6645,PolyORBNT,COL,S05J60,Liveness,00,FALSE,2,NONE,CEX
6646,PolyORBNT,COL,S05J80,Liveness,00,FALSE,2,NONE,CEX
6647,PolyORBNT,COL,S10J20,Liveness,00,FALSE,3,NONE,CEX
6648,PolyORBNT,COL,S10J30,Liveness,00,FALSE,3,NONE,CEX
6649,PolyORBNT,COL,S10J40,Liveness,00,FALSE,3,NONE,CEX
6650,PolyORBNT,COL,S10J60,Liveness,00,FALSE,3,NONE,CEX
6651,PolyORBNT,COL,S10J80,Liveness,00,FALSE,3,NONE,CEX
6652,PolyORBNT,PT,S05J20,Liveness,00,FALSE,3,NONE,CEX
6653,PolyORBNT,PT,S05J30,Liveness,00,FALSE,3,NONE,CEX
6654,PolyORBNT,PT,S05J40,Liveness,00,FALSE,3,NONE,CEX
6655,PolyORBNT,PT,S05J60,Liveness,00,FALSE,3,NONE,CEX
6656,PolyORBNT,PT,S05J80,Liveness,00,FALSE,3,NONE,CEX
6657,PolyORBNT,PT,S10J20,Liveness,00,FALSE,3,NONE,CEX
6658,PolyORBNT,PT,S10J30,Liveness,00,FALSE,3,NONE,CEX
6659,PolyORBNT,PT,S10J40,Liveness,00,FALSE,3,NONE,CEX
6660,PolyORBNT,PT,S10J60,Liveness,00,FALSE,3,NONE,CEX
6661,PolyORBNT,PT,S10J80,Liveness,00,FALSE,3,NONE,CEX
6662,ProductionCell,PT,none,Liveness,00,FALSE,3,NUPN,CEX
6663,QuasiCertifProtocol,COL,02,Liveness,00,FALSE,3,NONE,CEX
6664,QuasiCertifProtocol,COL,06,Liveness,00,FALSE,3,NONE,CEX
6665,QuasiCertifProtocol,COL,10,Liveness,00,FALSE,3,NONE,CEX
6666,QuasiCertifProtocol,COL,18,Liveness,00,FALSE,3,NONE,CEX
6667,QuasiCertifProtocol,COL,22,Liveness,00,FALSE,3,NONE,CEX
6668,QuasiCertifProtocol,COL,28,Liveness,00,FALSE,3,NONE,CEX
6669,QuasiCertifProtocol,COL,32,Liveness,00,FALSE,3,NONE,CEX
6670,QuasiCertifProtocol,PT,02,Liveness,00,FALSE,3,NONE,CEX
6671,QuasiCertifProtocol,PT,06,Liveness,00,FALSE,3,NONE,CEX
6672,QuasiCertifProtocol,PT,10,Liveness,00,FALSE,3,NONE,CEX
6673,QuasiCertifProtocol,PT,18,Liveness,00,FALSE,3,NONE,CEX
6674,QuasiCertifProtocol,PT,22,Liveness,00,FALSE,3,NONE,CEX
6675,QuasiCertifProtocol,PT,28,Liveness,00,FALSE,3,NONE,CEX
6676,QuasiCertifProtocol,PT,32,Liveness,00,FALSE,3,NONE,CEX
6677,Raft,PT,02,Liveness,00,FALSE,3,NUPN,CEX
6678,Raft,PT,03,Liveness,00,FALSE,3,NUPN,CEX
6679,Raft,PT,04,Liveness,00,FALSE,3,NUPN,CEX
6680,Raft,PT,05,Liveness,00,FALSE,3,NUPN,CEX
6681,Raft,PT,06,Liveness,00,FALSE,3,NUPN,CEX
6682,Raft,PT,07,Liveness,00,FALSE,3,NUPN,CEX
6683,Raft,PT,08,Liveness,00,FALSE,3,NUPN,CEX
6684,Raft,PT,09,Liveness,00,FALSE,3,NUPN,CEX
6685,Raft,PT,10,Liveness,00,FALSE,3,NUPN,CEX
6686,Railroad,PT,005,Liveness,00,FALSE,3,GEN,CEX
6687,Railroad,PT,010,Liveness,00,FALSE,3,GEN,CEX
6688,Railroad,PT,020,Liveness,00,FALSE,3,GEN,CEX
6689,Railroad,PT,050,Liveness,00,FALSE,3,GEN,CEX
6690,Railroad,PT,100,Liveness,00,FALSE,3,GEN,CEX
6691,Referendum,COL,0010,Liveness,00,FALSE,3,NONE,CEX
6692,Referendum,COL,0015,Liveness,00,FALSE,3,NONE,CEX
6693,Referendum,COL,0020,Liveness,00,FALSE,3,NONE,CEX
6694,Referendum,COL,0050,Liveness,00,FALSE,3,NONE,CEX
6695,Referendum,COL,0100,Liveness,00,FALSE,3,NONE,CEX
6696,Referendum,COL,0200,Liveness,00,FALSE,3,NONE,CEX
6697,Referendum,COL,0500,Liveness,00,FALSE,3,NONE,CEX
6698,Referendum,COL,1000,Liveness,00,FALSE,3,NONE,CEX
6699,Referendum,PT,0010,Liveness,00,FALSE,3,GEN,CEX
6700,Referendum,PT,0015,Liveness,00,FALSE,3,GEN,CEX
6701,Referendum,PT,0020,Liveness,00,FALSE,3,GEN,CEX
6702,Referendum,PT,0050,Liveness,00,FALSE,3,GEN,CEX
6703,Referendum,PT,0100,Liveness,00,FALSE,3,GEN,CEX
6704,Referendum,PT,0200,Liveness,00,FALSE,3,GEN,CEX
6705,Referendum,PT,0500,Liveness,00,FALSE,3,GEN,CEX
6706,Referendum,PT,1000,Liveness,00,FALSE,3,GEN,CEX
6707,RefineWMG,PT,002002,Liveness,00,TRUE,3,NONE,INV
6708,RefineWMG,PT,002003,Liveness,00,TRUE,3,NONE,INV
6709,RefineWMG,PT,005005,Liveness,00,TRUE,2,NONE,INV
6710,RefineWMG,PT,005006,Liveness,00,TRUE,2,NONE,INV
6711,RefineWMG,PT,007007,Liveness,00,TRUE,2,NONE,INV
6712,RefineWMG,PT,007008,Liveness,00,TRUE,2,NONE,INV
6713,RefineWMG,PT,010010,Liveness,00,TRUE,2,NONE,INV
6714,RefineWMG,PT,010011,Liveness,00,TRUE,2,NONE,INV
6715,RefineWMG,PT,015015,Liveness,00,TRUE,2,NONE,INV
6716,RefineWMG,PT,015016,Liveness,00,TRUE,2,NONE,INV
6717,RefineWMG,PT,025025,Liveness,00,TRUE,2,NONE,INV
6718,RefineWMG,PT,025026,Liveness,00,TRUE,2,NONE,INV
6719,RefineWMG,PT,050050,Liveness,00,TRUE,2,NONE,INV
6720,RefineWMG,PT,050051,Liveness,00,TRUE,2,NONE,INV
6721,RefineWMG,PT,100100,Liveness,00,TRUE,2,NONE,INV
6722,RefineWMG,PT,100101,Liveness,00,TRUE,2,NONE,INV
6723,RERS17pb113,PT,1,Liveness,00,FALSE,3,NUPN,CEX
6724,RERS17pb113,PT,2,Liveness,00,FALSE,3,NONE,CEX
6725,RERS17pb113,PT,3,Liveness,00,FALSE,2,NONE,CEX
6726,RERS17pb113,PT,4,Liveness,00,FALSE,2,NONE,CEX
6727,RERS17pb113,PT,5,Liveness,00,FALSE,2,NONE,CEX
6728,RERS17pb113,PT,6,Liveness,00,FALSE,2,NONE,CEX
6729,RERS17pb113,PT,7,Liveness,00,FALSE,2,NONE,CEX
6730,RERS17pb113,PT,8,Liveness,00,FALSE,2,NONE,CEX
6731,RERS17pb113,PT,9,Liveness,00,FALSE,2,NONE,CEX
6732,RERS17pb114,PT,1,Liveness,00,FALSE,3,NUPN,CEX
6733,RERS17pb114,PT,2,Liveness,00,FALSE,2,NONE,CEX
6734,RERS17pb114,PT,3,Liveness,00,FALSE,2,NONE,CEX
6735,RERS17pb114,PT,4,Liveness,00,FALSE,2,NONE,CEX
6736,RERS17pb114,PT,5,Liveness,00,FALSE,2,NONE,CEX
6737,RERS17pb114,PT,6,Liveness,00,FALSE,2,NONE,CEX
6738,RERS17pb114,PT,7,Liveness,00,FALSE,2,NONE,CEX
6739,RERS17pb114,PT,8,Liveness,00,FALSE,2,NONE,CEX
6740,RERS17pb114,PT,9,Liveness,00,FALSE,2,NONE,CEX
6741,RERS17pb115,PT,1,Liveness,00,FALSE,3,NUPN,CEX
6742,RERS17pb115,PT,2,Liveness,00,FALSE,2,NONE,CEX
6743,RERS17pb115,PT,3,Liveness,00,FALSE,2,NONE,CEX
6744,RERS17pb115,PT,4,Liveness,00,FALSE,2,NONE,CEX
6745,RERS17pb115,PT,5,Liveness,00,FALSE,2,NONE,CEX
6746,RERS17pb115,PT,6,Liveness,00,FALSE,2,NONE,CEX
6747,RERS17pb115,PT,7,Liveness,00,FALSE,2,NONE,CEX
6748,RERS17pb115,PT,8,Liveness,00,FALSE,2,NONE,CEX
6749,RERS17pb115,PT,9,Liveness,00,FALSE,2,NONE,CEX
6750,RERS2020,PT,pb101,Liveness,00,FALSE,3,NUPN,CEX
6751,RERS2020,PT,pb102,Liveness,00,FALSE,2,NUPN,CEX
6752,RERS2020,PT,pb103,Liveness,00,FALSE,3,NUPN,CEX
6753,RERS2020,PT,pb104,Liveness,00,FALSE,2,NUPN,CEX
6754,RERS2020,PT,pb105,Liveness,00,FALSE,2,NUPN,CEX
6755,RERS2020,PT,pb106,Liveness,00,FALSE,2,NUPN,CEX
6756,RERS2020,PT,pb107,Liveness,00,FALSE,3,NUPN,CEX
6757,RERS2020,PT,pb108,Liveness,00,FALSE,2,NUPN,CEX
6758,RERS2020,PT,pb109,Liveness,00,FALSE,2,NUPN,CEX
6759,ResAllocation,PT,R002C002,Liveness,00,FALSE,3,GEN,CEX
6760,ResAllocation,PT,R003C002,Liveness,00,FALSE,3,GEN,CEX
6761,ResAllocation,PT,R003C003,Liveness,00,FALSE,3,GEN,CEX
6762,ResAllocation,PT,R003C005,Liveness,00,FALSE,3,GEN,CEX
6763,ResAllocation,PT,R003C010,Liveness,00,FALSE,3,GEN,CEX
6764,ResAllocation,PT,R003C015,Liveness,00,FALSE,3,GEN,CEX
6765,ResAllocation,PT,R003C020,Liveness,00,FALSE,3,GEN,CEX
6766,ResAllocation,PT,R003C050,Liveness,00,FALSE,2,GEN,CEX
6767,ResAllocation,PT,R003C100,Liveness,00,FALSE,3,GEN,CEX
6768,ResAllocation,PT,R005C002,Liveness,00,FALSE,3,GEN,CEX
6769,ResAllocation,PT,R010C002,Liveness,00,FALSE,3,GEN,CEX
6770,ResAllocation,PT,R015C002,Liveness,00,FALSE,3,GEN,CEX
6771,ResAllocation,PT,R020C002,Liveness,00,FALSE,3,GEN,CEX
6772,ResAllocation,PT,R050C002,Liveness,00,FALSE,3,GEN,CEX
6773,ResAllocation,PT,R100C002,Liveness,00,FALSE,3,GEN,CEX
6774,ResIsolation,PT,N08P1,Liveness,00,FALSE,3,NONE,CEX
6775,ResIsolation,PT,N08P2,Liveness,00,FALSE,3,NONE,CEX
6776,ResIsolation,PT,N08P3,Liveness,00,FALSE,3,NONE,CEX
6777,ResIsolation,PT,N08P4,Liveness,00,FALSE,3,NONE,CEX
6778,ResIsolation,PT,N08P5,Liveness,00,FALSE,2,NONE,CEX
6779,ResIsolation,PT,N09P1,Liveness,00,FALSE,3,NONE,CEX
6780,ResIsolation,PT,N09P2,Liveness,00,FALSE,3,NONE,CEX
6781,ResIsolation,PT,N09P3,Liveness,00,FALSE,3,NONE,CEX
6782,ResIsolation,PT,N09P4,Liveness,00,FALSE,2,NONE,CEX
6783,ResIsolation,PT,N09P5,Liveness,00,FALSE,2,NONE,CEX
6784,ResIsolation,PT,N10P1,Liveness,00,FALSE,3,NONE,CEX
6785,ResIsolation,PT,N10P2,Liveness,00,FALSE,3,NONE,CEX
6786,ResIsolation,PT,N10P3,Liveness,00,FALSE,2,NONE,CEX
6787,ResIsolation,PT,N10P4,Liveness,00,FALSE,2,NONE,CEX
6788,ResIsolation,PT,N11P1,Liveness,00,FALSE,3,NONE,CEX
6789,ResIsolation,PT,N11P2,Liveness,00,FALSE,2,NONE,CEX
6790,ResIsolation,PT,N11P3,Liveness,00,FALSE,2,NONE,CEX
6791,ResIsolation,PT,N12P1,Liveness,00,FALSE,2,NONE,CEX
6792,ResIsolation,PT,N12P2,Liveness,00,FALSE,2,NONE,CEX
6793,ResIsolation,PT,N13P1,Liveness,00,FALSE,2,NONE,CEX
6794,Ring,PT,none,Liveness,00,FALSE,2,GEN,CEX
6795,RingSingleMessageInMbox,PT,d0m005,Liveness,00,FALSE,3,NONE,CEX
6796,RingSingleMessageInMbox,PT,d0m010,Liveness,00,FALSE,3,NONE,CEX
6797,RingSingleMessageInMbox,PT,d0m020,Liveness,00,FALSE,3,NONE,CEX
6798,RingSingleMessageInMbox,PT,d0m040,Liveness,00,FALSE,3,NONE,CEX
6799,RingSingleMessageInMbox,PT,d0m080,Liveness,00,FALSE,3,NONE,CEX
6800,RingSingleMessageInMbox,PT,d0m160,Liveness,00,FALSE,3,NONE,CEX
6801,RingSingleMessageInMbox,PT,d1m005,Liveness,00,FALSE,3,NONE,CEX
6802,RingSingleMessageInMbox,PT,d1m010,Liveness,00,FALSE,3,NONE,CEX
6803,RingSingleMessageInMbox,PT,d1m020,Liveness,00,FALSE,3,NONE,CEX
6804,RingSingleMessageInMbox,PT,d1m040,Liveness,00,FALSE,3,NONE,CEX
6805,RingSingleMessageInMbox,PT,d1m080,Liveness,00,FALSE,3,NONE,CEX
6806,RingSingleMessageInMbox,PT,d1m160,Liveness,00,FALSE,3,NONE,CEX
6807,RingSingleMessageInMbox,PT,d2m005,Liveness,00,FALSE,3,NONE,CEX
6808,RingSingleMessageInMbox,PT,d2m010,Liveness,00,FALSE,3,NONE,CEX
6809,RingSingleMessageInMbox,PT,d2m020,Liveness,00,FALSE,3,NONE,CEX
6810,RingSingleMessageInMbox,PT,d2m040,Liveness,00,FALSE,3,NONE,CEX
6811,RingSingleMessageInMbox,PT,d2m080,Liveness,00,FALSE,3,NONE,CEX
6812,RingSingleMessageInMbox,PT,d2m160,Liveness,00,FALSE,3,NONE,CEX
6813,RobotManipulation,PT,00001,Liveness,00,TRUE,3,NONE,INV
6814,RobotManipulation,PT,00002,Liveness,00,TRUE,3,NONE,INV
6815,RobotManipulation,PT,00005,Liveness,00,TRUE,3,NONE,INV
6816,RobotManipulation,PT,00010,Liveness,00,TRUE,3,NONE,INV
6817,RobotManipulation,PT,00020,Liveness,00,TRUE,2,NONE,INV
6818,RobotManipulation,PT,00050,Liveness,00,TRUE,2,NONE,INV
6819,RobotManipulation,PT,00100,Liveness,00,TRUE,2,NONE,INV
6820,RobotManipulation,PT,00200,Liveness,00,TRUE,2,NONE,INV
6821,RobotManipulation,PT,00500,Liveness,00,TRUE,2,NONE,INV
6822,RobotManipulation,PT,01000,Liveness,00,TRUE,2,NONE,INV
6823,RobotManipulation,PT,02000,Liveness,00,TRUE,2,NONE,INV
6824,RobotManipulation,PT,05000,Liveness,00,TRUE,2,NONE,INV
6825,RobotManipulation,PT,10000,Liveness,00,TRUE,2,NONE,INV
6826,RwMutex,PT,r0010w0010,Liveness,00,TRUE,3,GEN,INV
6827,RwMutex,PT,r0010w0020,Liveness,00,TRUE,3,GEN,INV
6828,RwMutex,PT,r0010w0050,Liveness,00,TRUE,3,GEN,INV
6829,RwMutex,PT,r0010w0100,Liveness,00,TRUE,3,GEN,INV
6830,RwMutex,PT,r0010w0500,Liveness,00,TRUE,3,GEN,INV
6831,RwMutex,PT,r0010w1000,Liveness,00,TRUE,3,GEN,INV
6832,RwMutex,PT,r0010w2000,Liveness,00,TRUE,3,GEN,INV
6833,RwMutex,PT,r0020w0010,Liveness,00,TRUE,3,GEN,INV
6834,RwMutex,PT,r0100w0010,Liveness,00,TRUE,2,GEN,INV
6835,RwMutex,PT,r0500w0010,Liveness,00,TRUE,2,GEN,INV
6836,RwMutex,PT,r1000w0010,Liveness,00,TRUE,2,GEN,INV
6837,RwMutex,PT,r2000w0010,Liveness,00,TRUE,2,GEN,INV
6838,SafeBus,COL,03,Liveness,00,TRUE,3,NONE,INV
6839,SafeBus,PT,03,Liveness,00,FALSE,3,GEN,CEX
6840,SafeBus,PT,06,Liveness,00,FALSE,3,GEN,CEX
6841,SafeBus,PT,10,Liveness,00,FALSE,3,GEN,CEX
6842,SafeBus,PT,15,Liveness,00,FALSE,2,GEN,CEX
6843,SafeBus,PT,20,Liveness,00,FALSE,2,GEN,CEX
6844,SatelliteMemory,PT,X00100Y0003,Liveness,00,TRUE,3,NONE,INV
6845,SemanticWebServices,PT,S064P06,Liveness,00,FALSE,3,NONE,CEX
6846,SemanticWebServices,PT,S064P09,Liveness,00,FALSE,3,NONE,CEX
6847,SemanticWebServices,PT,S064P12,Liveness,00,FALSE,3,NONE,CEX
6848,SemanticWebServices,PT,S064P15,Liveness,00,FALSE,3,NONE,CEX
6849,SemanticWebServices,PT,S064P18,Liveness,00,FALSE,3,NONE,CEX
6850,SemanticWebServices,PT,S128P06,Liveness,00,FALSE,3,NONE,CEX
6851,SemanticWebServices,PT,S128P09,Liveness,00,FALSE,3,NONE,CEX
6852,SemanticWebServices,PT,S128P12,Liveness,00,FALSE,3,NONE,CEX
6853,SemanticWebServices,PT,S128P15,Liveness,00,FALSE,3,NONE,CEX
6854,SemanticWebServices,PT,S128P18,Liveness,00,FALSE,3,NONE,CEX
6855,SemanticWebServices,PT,S256P06,Liveness,00,FALSE,3,NONE,CEX
6856,SemanticWebServices,PT,S256P09,Liveness,00,FALSE,3,NONE,CEX
6857,SemanticWebServices,PT,S256P12,Liveness,00,FALSE,3,NONE,CEX
6858,SemanticWebServices,PT,S256P15,Liveness,00,FALSE,3,NONE,CEX
6859,SemanticWebServices,PT,S256P18,Liveness,00,FALSE,3,NONE,CEX
6860,ServersAndClients,PT,100020,Liveness,00,TRUE,3,GEN,INV
6861,ServersAndClients,PT,100040,Liveness,00,TRUE,3,GEN,INV
6862,ServersAndClients,PT,100080,Liveness,00,TRUE,3,GEN,INV
6863,ServersAndClients,PT,100160,Liveness,00,TRUE,3,GEN,INV
6864,ServersAndClients,PT,100320,Liveness,00,TRUE,2,GEN,INV
6865,ServersAndClients,PT,200040,Liveness,00,TRUE,3,GEN,INV
6866,ServersAndClients,PT,200080,Liveness,00,TRUE,3,GEN,INV
6867,ServersAndClients,PT,400080,Liveness,00,TRUE,2,GEN,INV
6868,SharedMemory,COL,000005,Liveness,00,TRUE,3,NONE,INV
6869,SharedMemory,COL,000010,Liveness,00,TRUE,3,NONE,INV
6870,SharedMemory,COL,000020,Liveness,00,TRUE,2,NONE,INV
6871,SharedMemory,COL,000050,Liveness,00,TRUE,2,NONE,INV
6872,SharedMemory,PT,000005,Liveness,00,TRUE,3,GEN,INV
6873,SharedMemory,PT,000010,Liveness,00,TRUE,3,GEN,INV
6874,SharedMemory,PT,000020,Liveness,00,TRUE,2,GEN,INV
6875,SharedMemory,PT,000050,Liveness,00,TRUE,2,GEN,INV
6876,SharedMemory,PT,000100,Liveness,00,TRUE,2,GEN,INV
6877,SharedMemory,PT,000200,Liveness,00,TRUE,2,GEN,INV
6878,ShieldIIPs,PT,001A,Liveness,00,FALSE,3,NUPN,CEX
6879,ShieldIIPs,PT,001B,Liveness,00,FALSE,3,NUPN,CEX
6880,ShieldIIPs,PT,002A,Liveness,00,FALSE,3,NUPN,CEX
6881,ShieldIIPs,PT,002B,Liveness,00,FALSE,3,NUPN,CEX
6882,ShieldIIPs,PT,003A,Liveness,00,FALSE,3,NUPN,CEX
6883,ShieldIIPs,PT,003B,Liveness,00,FALSE,3,NUPN,CEX
6884,ShieldIIPs,PT,004A,Liveness,00,FALSE,3,NUPN,CEX
6885,ShieldIIPs,PT,004B,Liveness,00,FALSE,3,NUPN,CEX
6886,ShieldIIPs,PT,005A,Liveness,00,FALSE,3,NUPN,CEX
6887,ShieldIIPs,PT,005B,Liveness,00,FALSE,3,NUPN,CEX
6888,ShieldIIPs,PT,010A,Liveness,00,FALSE,3,NUPN,CEX
6889,ShieldIIPs,PT,010B,Liveness,00,FALSE,3,NUPN,CEX
6890,ShieldIIPs,PT,020A,Liveness,00,FALSE,3,NUPN,CEX
6891,ShieldIIPs,PT,020B,Liveness,00,FALSE,3,NUPN,CEX
6892,ShieldIIPs,PT,030A,Liveness,00,FALSE,3,NUPN,CEX
6893,ShieldIIPs,PT,030B,Liveness,00,FALSE,3,NUPN,CEX
6894,ShieldIIPs,PT,040A,Liveness,00,FALSE,3,NUPN,CEX
6895,ShieldIIPs,PT,040B,Liveness,00,FALSE,3,NUPN,CEX
6896,ShieldIIPs,PT,050A,Liveness,00,FALSE,3,NUPN,CEX
6897,ShieldIIPs,PT,050B,Liveness,00,FALSE,3,NUPN,CEX
6898,ShieldIIPs,PT,100A,Liveness,00,FALSE,3,NUPN,CEX
6899,ShieldIIPs,PT,100B,Liveness,00,FALSE,3,NUPN,CEX
6900,ShieldIIPt,PT,001A,Liveness,00,FALSE,3,NUPN,CEX
6901,ShieldIIPt,PT,001B,Liveness,00,FALSE,3,NUPN,CEX
6902,ShieldIIPt,PT,002A,Liveness,00,FALSE,3,NUPN,CEX
6903,ShieldIIPt,PT,002B,Liveness,00,FALSE,3,NUPN,CEX
6904,ShieldIIPt,PT,003A,Liveness,00,FALSE,3,NUPN,CEX
6905,ShieldIIPt,PT,003B,Liveness,00,FALSE,3,NUPN,CEX
6906,ShieldIIPt,PT,004A,Liveness,00,FALSE,3,NUPN,CEX
6907,ShieldIIPt,PT,004B,Liveness,00,FALSE,3,NUPN,CEX
6908,ShieldIIPt,PT,005A,Liveness,00,FALSE,3,NUPN,CEX
6909,ShieldIIPt,PT,005B,Liveness,00,FALSE,3,NUPN,CEX
6910,ShieldIIPt,PT,010A,Liveness,00,FALSE,3,NUPN,CEX
6911,ShieldIIPt,PT,010B,Liveness,00,FALSE,3,NUPN,CEX
6912,ShieldIIPt,PT,020A,Liveness,00,FALSE,3,NUPN,CEX
6913,ShieldIIPt,PT,020B,Liveness,00,FALSE,3,NUPN,CEX
6914,ShieldIIPt,PT,030A,Liveness,00,FALSE,3,NUPN,CEX
6915,ShieldIIPt,PT,030B,Liveness,00,FALSE,3,NUPN,CEX
6916,ShieldIIPt,PT,040A,Liveness,00,FALSE,3,NUPN,CEX
6917,ShieldIIPt,PT,040B,Liveness,00,FALSE,3,NUPN,CEX
6918,ShieldIIPt,PT,050A,Liveness,00,FALSE,3,NUPN,CEX
6919,ShieldIIPt,PT,050B,Liveness,00,FALSE,3,NUPN,CEX
6920,ShieldIIPt,PT,100A,Liveness,00,FALSE,3,NUPN,CEX
6921,ShieldIIPt,PT,100B,Liveness,00,FALSE,3,NUPN,CEX
6922,ShieldPPPs,PT,001A,Liveness,00,FALSE,3,NUPN,CEX
6923,ShieldPPPs,PT,001B,Liveness,00,FALSE,3,NUPN,CEX
6924,ShieldPPPs,PT,002A,Liveness,00,FALSE,3,NUPN,CEX
6925,ShieldPPPs,PT,002B,Liveness,00,FALSE,3,NUPN,CEX
6926,ShieldPPPs,PT,003A,Liveness,00,FALSE,3,NUPN,CEX
6927,ShieldPPPs,PT,003B,Liveness,00,FALSE,3,NUPN,CEX
6928,ShieldPPPs,PT,004A,Liveness,00,FALSE,3,NUPN,CEX
6929,ShieldPPPs,PT,004B,Liveness,00,FALSE,3,NUPN,CEX
6930,ShieldPPPs,PT,005A,Liveness,00,FALSE,3,NUPN,CEX
6931,ShieldPPPs,PT,005B,Liveness,00,FALSE,3,NUPN,CEX
6932,ShieldPPPs,PT,010A,Liveness,00,FALSE,3,NUPN,CEX
6933,ShieldPPPs,PT,010B,Liveness,00,FALSE,3,NUPN,CEX
6934,ShieldPPPs,PT,020A,Liveness,00,FALSE,3,NUPN,CEX
6935,ShieldPPPs,PT,020B,Liveness,00,FALSE,3,NUPN,CEX
6936,ShieldPPPs,PT,030A,Liveness,00,FALSE,3,NUPN,CEX
6937,ShieldPPPs,PT,030B,Liveness,00,FALSE,3,NUPN,CEX
6938,ShieldPPPs,PT,040A,Liveness,00,FALSE,3,NUPN,CEX
6939,ShieldPPPs,PT,040B,Liveness,00,FALSE,3,NUPN,CEX
6940,ShieldPPPs,PT,050A,Liveness,00,FALSE,3,NUPN,CEX
6941,ShieldPPPs,PT,050B,Liveness,00,FALSE,3,NUPN,CEX
6942,ShieldPPPs,PT,100A,Liveness,00,FALSE,3,NUPN,CEX
6943,ShieldPPPs,PT,100B,Liveness,00,FALSE,3,NUPN,CEX
6944,ShieldPPPt,PT,001A,Liveness,00,FALSE,3,NUPN,CEX
6945,ShieldPPPt,PT,001B,Liveness,00,FALSE,3,NUPN,CEX
6946,ShieldPPPt,PT,002A,Liveness,00,FALSE,3,NUPN,CEX
6947,ShieldPPPt,PT,002B,Liveness,00,FALSE,3,NUPN,CEX
6948,ShieldPPPt,PT,003A,Liveness,00,FALSE,3,NUPN,CEX
6949,ShieldPPPt,PT,003B,Liveness,00,FALSE,3,NUPN,CEX
6950,ShieldPPPt,PT,004A,Liveness,00,FALSE,3,NUPN,CEX
6951,ShieldPPPt,PT,004B,Liveness,00,FALSE,3,NUPN,CEX
6952,ShieldPPPt,PT,005A,Liveness,00,FALSE,3,NUPN,CEX
6953,ShieldPPPt,PT,005B,Liveness,00,FALSE,3,NUPN,CEX
6954,ShieldPPPt,PT,010A,Liveness,00,FALSE,3,NUPN,CEX
6955,ShieldPPPt,PT,010B,Liveness,00,FALSE,3,NUPN,CEX
6956,ShieldPPPt,PT,020A,Liveness,00,FALSE,3,NUPN,CEX
6957,ShieldPPPt,PT,020B,Liveness,00,FALSE,3,NUPN,CEX
6958,ShieldPPPt,PT,030A,Liveness,00,FALSE,3,NUPN,CEX
6959,ShieldPPPt,PT,030B,Liveness,00,FALSE,3,NUPN,CEX
6960,ShieldPPPt,PT,040A,Liveness,00,FALSE,3,NUPN,CEX
6961,ShieldPPPt,PT,040B,Liveness,00,FALSE,3,NUPN,CEX
6962,ShieldPPPt,PT,050A,Liveness,00,FALSE,3,NUPN,CEX
6963,ShieldPPPt,PT,050B,Liveness,00,FALSE,3,NUPN,CEX
6964,ShieldPPPt,PT,100A,Liveness,00,FALSE,3,NUPN,CEX
6965,ShieldPPPt,PT,100B,Liveness,00,FALSE,3,NUPN,CEX
6966,ShieldRVs,PT,001A,Liveness,00,FALSE,3,NUPN,CEX
6967,ShieldRVs,PT,001B,Liveness,00,FALSE,3,NUPN,CEX
6968,ShieldRVs,PT,002A,Liveness,00,FALSE,3,NUPN,CEX
6969,ShieldRVs,PT,002B,Liveness,00,FALSE,3,NUPN,CEX
6970,ShieldRVs,PT,003A,Liveness,00,FALSE,3,NUPN,CEX
6971,ShieldRVs,PT,003B,Liveness,00,FALSE,3,NUPN,CEX
6972,ShieldRVs,PT,004A,Liveness,00,FALSE,3,NUPN,CEX
6973,ShieldRVs,PT,004B,Liveness,00,FALSE,3,NUPN,CEX
6974,ShieldRVs,PT,005A,Liveness,00,FALSE,3,NUPN,CEX
6975,ShieldRVs,PT,005B,Liveness,00,FALSE,3,NUPN,CEX
6976,ShieldRVs,PT,010A,Liveness,00,FALSE,3,NUPN,CEX
6977,ShieldRVs,PT,010B,Liveness,00,FALSE,3,NUPN,CEX
6978,ShieldRVs,PT,020A,Liveness,00,FALSE,3,NUPN,CEX
6979,ShieldRVs,PT,020B,Liveness,00,FALSE,3,NUPN,CEX
6980,ShieldRVs,PT,030A,Liveness,00,FALSE,3,NUPN,CEX
6981,ShieldRVs,PT,030B,Liveness,00,FALSE,3,NUPN,CEX
6982,ShieldRVs,PT,040A,Liveness,00,FALSE,3,NUPN,CEX
6983,ShieldRVs,PT,040B,Liveness,00,FALSE,3,NUPN,CEX
6984,ShieldRVs,PT,050A,Liveness,00,FALSE,3,NUPN,CEX
6985,ShieldRVs,PT,050B,Liveness,00,FALSE,3,NUPN,CEX
6986,ShieldRVs,PT,100A,Liveness,00,FALSE,3,NUPN,CEX
6987,ShieldRVs,PT,100B,Liveness,00,FALSE,3,NUPN,CEX
6988,ShieldRVt,PT,001A,Liveness,00,FALSE,3,NUPN,CEX
6989,ShieldRVt,PT,001B,Liveness,00,FALSE,3,NUPN,CEX
6990,ShieldRVt,PT,002A,Liveness,00,FALSE,3,NUPN,CEX
6991,ShieldRVt,PT,002B,Liveness,00,FALSE,3,NUPN,CEX
6992,ShieldRVt,PT,003A,Liveness,00,FALSE,3,NUPN,CEX
6993,ShieldRVt,PT,003B,Liveness,00,FALSE,3,NUPN,CEX
6994,ShieldRVt,PT,004A,Liveness,00,FALSE,3,NUPN,CEX
6995,ShieldRVt,PT,004B,Liveness,00,FALSE,3,NUPN,CEX
6996,ShieldRVt,PT,005A,Liveness,00,FALSE,3,NUPN,CEX
6997,ShieldRVt,PT,005B,Liveness,00,FALSE,3,NUPN,CEX
6998,ShieldRVt,PT,010A,Liveness,00,FALSE,3,NUPN,CEX
6999,ShieldRVt,PT,010B,Liveness,00,FALSE,3,NUPN,CEX
7000,ShieldRVt,PT,020A,Liveness,00,FALSE,3,NUPN,CEX
7001,ShieldRVt,PT,020B,Liveness,00,FALSE,3,NUPN,CEX
7002,ShieldRVt,PT,030A,Liveness,00,FALSE,3,NUPN,CEX
7003,ShieldRVt,PT,030B,Liveness,00,FALSE,3,NUPN,CEX
7004,ShieldRVt,PT,040A,Liveness,00,FALSE,3,NUPN,CEX
7005,ShieldRVt,PT,040B,Liveness,00,FALSE,3,NUPN,CEX
7006,ShieldRVt,PT,050A,Liveness,00,FALSE,3,NUPN,CEX
7007,ShieldRVt,PT,050B,Liveness,00,FALSE,3,NUPN,CEX
7008,ShieldRVt,PT,100A,Liveness,00,FALSE,3,NUPN,CEX
7009,ShieldRVt,PT,100B,Liveness,00,FALSE,3,NUPN,CEX
7010,SieveSingleMsgMbox,PT,d0m04,Liveness,00,FALSE,3,NONE,CEX
7011,SieveSingleMsgMbox,PT,d0m06,Liveness,00,FALSE,3,NONE,CEX
7012,SieveSingleMsgMbox,PT,d0m18,Liveness,00,FALSE,3,NONE,CEX
7013,SieveSingleMsgMbox,PT,d0m36,Liveness,00,FALSE,3,NONE,CEX
7014,SieveSingleMsgMbox,PT,d0m64,Liveness,00,FALSE,3,NONE,CEX
7015,SieveSingleMsgMbox,PT,d0m96,Liveness,00,FALSE,3,NONE,CEX
7016,SieveSingleMsgMbox,PT,d1m04,Liveness,00,FALSE,3,NONE,CEX
7017,SieveSingleMsgMbox,PT,d1m06,Liveness,00,FALSE,3,NONE,CEX
7018,SieveSingleMsgMbox,PT,d1m18,Liveness,00,FALSE,3,NONE,CEX
7019,SieveSingleMsgMbox,PT,d1m36,Liveness,00,FALSE,3,NONE,CEX
7020,SieveSingleMsgMbox,PT,d1m64,Liveness,00,FALSE,3,NONE,CEX
7021,SieveSingleMsgMbox,PT,d1m96,Liveness,00,FALSE,3,NONE,CEX
7022,SieveSingleMsgMbox,PT,d2m04,Liveness,00,FALSE,3,NONE,CEX
7023,SieveSingleMsgMbox,PT,d2m06,Liveness,00,FALSE,3,NONE,CEX
7024,SieveSingleMsgMbox,PT,d2m18,Liveness,00,FALSE,3,NONE,CEX
7025,SieveSingleMsgMbox,PT,d2m36,Liveness,00,FALSE,3,NONE,CEX
7026,SieveSingleMsgMbox,PT,d2m64,Liveness,00,FALSE,3,NONE,CEX
7027,SieveSingleMsgMbox,PT,d2m96,Liveness,00,FALSE,3,NONE,CEX
7028,SimpleLoadBal,PT,02,Liveness,00,FALSE,3,GEN,CEX
7029,SimpleLoadBal,PT,05,Liveness,00,FALSE,3,GEN,CEX
7030,SimpleLoadBal,PT,10,Liveness,00,FALSE,3,GEN,CEX
7031,SimpleLoadBal,PT,15,Liveness,00,FALSE,3,GEN,CEX
7032,SimpleLoadBal,PT,20,Liveness,00,FALSE,3,GEN,CEX
7033,SmallOperatingSystem,PT,MT0016DC0008,Liveness,00,TRUE,3,NONE,INV
7034,SmallOperatingSystem,PT,MT0032DC0008,Liveness,00,TRUE,3,NONE,INV
7035,SmallOperatingSystem,PT,MT0032DC0016,Liveness,00,TRUE,3,NONE,INV
7036,SmallOperatingSystem,PT,MT0064DC0016,Liveness,00,TRUE,3,NONE,INV
7037,SmallOperatingSystem,PT,MT0064DC0032,Liveness,00,TRUE,3,NONE,INV
7038,SmallOperatingSystem,PT,MT0128DC0032,Liveness,00,TRUE,2,NONE,INV
7039,SmallOperatingSystem,PT,MT0128DC0064,Liveness,00,TRUE,2,NONE,INV
7040,SmallOperatingSystem,PT,MT0256DC0064,Liveness,00,TRUE,2,NONE,INV
7041,SmallOperatingSystem,PT,MT0256DC0128,Liveness,00,TRUE,2,NONE,INV
7042,SmallOperatingSystem,PT,MT0512DC0128,Liveness,00,TRUE,2,NONE,INV
7043,SmallOperatingSystem,PT,MT0512DC0256,Liveness,00,TRUE,2,NONE,INV
7044,SmallOperatingSystem,PT,MT1024DC0256,Liveness,00,TRUE,2,NONE,INV
7045,SmallOperatingSystem,PT,MT1024DC0512,Liveness,00,TRUE,2,NONE,INV
7046,SmallOperatingSystem,PT,MT2048DC0512,Liveness,00,TRUE,2,NONE,INV
7047,SmallOperatingSystem,PT,MT2048DC1024,Liveness,00,TRUE,2,NONE,INV
7048,SmallOperatingSystem,PT,MT4096DC1024,Liveness,00,TRUE,2,NONE,INV
7049,SmallOperatingSystem,PT,MT4096DC2048,Liveness,00,TRUE,2,NONE,INV
7050,SmallOperatingSystem,PT,MT8192DC2048,Liveness,00,TRUE,2,NONE,INV
7051,SmallOperatingSystem,PT,MT8192DC4096,Liveness,00,TRUE,2,NONE,INV
7052,SmartHome,PT,01,Liveness,00,FALSE,3,NUPN,CEX
7053,SmartHome,PT,02,Liveness,00,FALSE,3,NUPN,CEX
7054,SmartHome,PT,03,Liveness,00,FALSE,3,NUPN,CEX
7055,SmartHome,PT,04,Liveness,00,FALSE,3,NUPN,CEX
7056,SmartHome,PT,05,Liveness,00,FALSE,3,NUPN,CEX
7057,SmartHome,PT,06,Liveness,00,FALSE,3,NUPN,CEX
7058,SmartHome,PT,07,Liveness,00,FALSE,3,NUPN,CEX
7059,SmartHome,PT,08,Liveness,00,FALSE,3,NUPN,CEX
7060,SmartHome,PT,09,Liveness,00,FALSE,3,NUPN,CEX
7061,SmartHome,PT,10,Liveness,00,FALSE,3,NUPN,CEX
7062,SmartHome,PT,11,Liveness,00,FALSE,3,NUPN,CEX
7063,SmartHome,PT,12,Liveness,00,FALSE,3,NUPN,CEX
7064,SmartHome,PT,13,Liveness,00,FALSE,3,NUPN,CEX
7065,SmartHome,PT,14,Liveness,00,FALSE,3,NUPN,CEX
7066,SmartHome,PT,15,Liveness,00,FALSE,3,NUPN,CEX
7067,SmartHome,PT,16,Liveness,00,FALSE,3,NUPN,CEX
7068,SmartHome,PT,17,Liveness,00,FALSE,3,NUPN,CEX
7069,SmartHome,PT,18,Liveness,00,FALSE,3,NUPN,CEX
7070,SmartHome,PT,19,Liveness,00,FALSE,3,NUPN,CEX
7071,Solitaire,PT,EngCT7x7,Liveness,00,FALSE,3,NONE,CEX
7072,Solitaire,PT,EngNC7x7,Liveness,00,FALSE,3,GEN,CEX
7073,Solitaire,PT,FrnCT7x7,Liveness,00,FALSE,3,NONE,CEX
7074,Solitaire,PT,FrnNC7x7,Liveness,00,FALSE,3,GEN,CEX
7075,Solitaire,PT,SqrCT5x5,Liveness,00,FALSE,3,NONE,CEX
7076,Solitaire,PT,SqrNC5x5,Liveness,00,FALSE,3,GEN,CEX
7077,SquareGrid,PT,020102,Liveness,00,FALSE,3,NONE,CEX
7078,SquareGrid,PT,040204,Liveness,00,FALSE,3,NONE,CEX
7079,SquareGrid,PT,080408,Liveness,00,FALSE,3,NONE,CEX
7080,SquareGrid,PT,100510,Liveness,00,FALSE,2,NONE,CEX
7081,SquareGrid,PT,130613,Liveness,00,FALSE,2,NONE,CEX
7082,StigmergyCommit,PT,02a,Liveness,00,FALSE,3,NUPN,CEX
7083,StigmergyCommit,PT,02b,Liveness,00,FALSE,3,NUPN,CEX
7084,StigmergyCommit,PT,03a,Liveness,00,FALSE,3,NUPN,CEX
7085,StigmergyCommit,PT,03b,Liveness,00,FALSE,3,NUPN,CEX
7086,StigmergyCommit,PT,04a,Liveness,00,FALSE,3,NUPN,CEX
7087,StigmergyCommit,PT,04b,Liveness,00,FALSE,3,NUPN,CEX
7088,StigmergyCommit,PT,05a,Liveness,00,FALSE,3,NUPN,CEX
7089,StigmergyCommit,PT,05b,Liveness,00,FALSE,3,NUPN,CEX
7090,StigmergyCommit,PT,06a,Liveness,00,FALSE,3,NUPN,CEX
7091,StigmergyCommit,PT,06b,Liveness,00,FALSE,3,NUPN,CEX
7092,StigmergyCommit,PT,07a,Liveness,00,FALSE,3,NUPN,CEX
7093,StigmergyCommit,PT,07b,Liveness,00,FALSE,3,NUPN,CEX
7094,StigmergyCommit,PT,08a,Liveness,00,FALSE,3,NUPN,CEX
7095,StigmergyCommit,PT,08b,Liveness,00,FALSE,3,NUPN,CEX
7096,StigmergyCommit,PT,09a,Liveness,00,FALSE,3,NUPN,CEX
7097,StigmergyCommit,PT,09b,Liveness,00,FALSE,2,NUPN,CEX
7098,StigmergyCommit,PT,10a,Liveness,00,FALSE,2,NUPN,CEX
7099,StigmergyCommit,PT,11a,Liveness,00,FALSE,2,NUPN,CEX
7100,StigmergyElection,PT,02a,Liveness,00,FALSE,3,NUPN,CEX
7101,StigmergyElection,PT,02b,Liveness,00,FALSE,3,NUPN,CEX
7102,StigmergyElection,PT,03a,Liveness,00,FALSE,3,NUPN,CEX
7103,StigmergyElection,PT,03b,Liveness,00,FALSE,3,NUPN,CEX
7104,StigmergyElection,PT,04a,Liveness,00,FALSE,3,NUPN,CEX
7105,StigmergyElection,PT,04b,Liveness,00,FALSE,3,NUPN,CEX
7106,StigmergyElection,PT,05a,Liveness,00,FALSE,3,NUPN,CEX
7107,StigmergyElection,PT,05b,Liveness,00,FALSE,3,NUPN,CEX
7108,StigmergyElection,PT,06a,Liveness,00,FALSE,3,NUPN,CEX
7109,StigmergyElection,PT,06b,Liveness,00,FALSE,3,NUPN,CEX
7110,StigmergyElection,PT,07a,Liveness,00,FALSE,3,NUPN,CEX
7111,StigmergyElection,PT,07b,Liveness,00,FALSE,3,NUPN,CEX
7112,StigmergyElection,PT,08a,Liveness,00,FALSE,3,NUPN,CEX
7113,StigmergyElection,PT,08b,Liveness,00,FALSE,3,NUPN,CEX
7114,StigmergyElection,PT,09a,Liveness,00,FALSE,3,NUPN,CEX
7115,StigmergyElection,PT,09b,Liveness,00,FALSE,3,NUPN,CEX
7116,StigmergyElection,PT,10a,Liveness,00,FALSE,3,NUPN,CEX
7117,StigmergyElection,PT,10b,Liveness,00,FALSE,2,NUPN,CEX
7118,StigmergyElection,PT,11a,Liveness,00,FALSE,2,NUPN,CEX
7119,Sudoku,COL,AN01,Liveness,00,FALSE,3,NONE,CEX
7120,Sudoku,COL,AN02,Liveness,00,FALSE,3,NONE,CEX
7121,Sudoku,COL,AN03,Liveness,00,FALSE,3,NONE,CEX
7122,Sudoku,COL,AN04,Liveness,00,FALSE,3,NONE,CEX
7123,Sudoku,COL,AN05,Liveness,00,FALSE,3,NONE,CEX
7124,Sudoku,COL,AN06,Liveness,00,FALSE,3,NONE,CEX
7125,Sudoku,COL,AN07,Liveness,00,FALSE,3,NONE,CEX
7126,Sudoku,COL,AN08,Liveness,00,FALSE,3,NONE,CEX
7127,Sudoku,COL,AN09,Liveness,00,FALSE,3,NONE,CEX
7128,Sudoku,COL,AN10,Liveness,00,FALSE,3,NONE,CEX
7129,Sudoku,COL,AN11,Liveness,00,FALSE,3,NONE,CEX
7130,Sudoku,COL,AN12,Liveness,00,FALSE,3,NONE,CEX
7131,Sudoku,COL,AN13,Liveness,00,FALSE,3,NONE,CEX
7132,Sudoku,COL,AN14,Liveness,00,FALSE,3,NONE,CEX
7133,Sudoku,COL,AN15,Liveness,00,FALSE,3,NONE,CEX
7134,Sudoku,COL,AN16,Liveness,00,FALSE,3,NONE,CEX
7135,Sudoku,COL,BN01,Liveness,00,FALSE,3,NONE,CEX
7136,Sudoku,COL,BN04,Liveness,00,FALSE,3,NONE,CEX
7137,Sudoku,COL,BN09,Liveness,00,FALSE,3,NONE,CEX
7138,Sudoku,COL,BN16,Liveness,00,FALSE,3,NONE,CEX
7139,Sudoku,PT,AN01,Liveness,00,FALSE,3,GEN,CEX
7140,Sudoku,PT,AN02,Liveness,00,FALSE,3,GEN,CEX
7141,Sudoku,PT,AN03,Liveness,00,FALSE,3,GEN,CEX
7142,Sudoku,PT,AN04,Liveness,00,FALSE,3,GEN,CEX
7143,Sudoku,PT,AN05,Liveness,00,FALSE,3,GEN,CEX
7144,Sudoku,PT,AN06,Liveness,00,FALSE,3,GEN,CEX
7145,Sudoku,PT,AN07,Liveness,00,FALSE,3,GEN,CEX
7146,Sudoku,PT,AN08,Liveness,00,FALSE,3,GEN,CEX
7147,Sudoku,PT,AN09,Liveness,00,FALSE,3,GEN,CEX
7148,Sudoku,PT,AN10,Liveness,00,FALSE,3,GEN,CEX
7149,Sudoku,PT,AN11,Liveness,00,FALSE,3,GEN,CEX
7150,Sudoku,PT,AN12,Liveness,00,FALSE,3,GEN,CEX
7151,Sudoku,PT,AN13,Liveness,00,FALSE,3,GEN,CEX
7152,Sudoku,PT,AN14,Liveness,00,FALSE,3,GEN,CEX
7153,Sudoku,PT,AN15,Liveness,00,FALSE,3,GEN,CEX
7154,Sudoku,PT,AN16,Liveness,00,FALSE,3,GEN,CEX
7155,Sudoku,PT,BN01,Liveness,00,FALSE,3,GEN,CEX
7156,Sudoku,PT,BN04,Liveness,00,FALSE,3,GEN,CEX
7157,Sudoku,PT,BN09,Liveness,00,FALSE,3,GEN,CEX
7158,Sudoku,PT,BN16,Liveness,00,FALSE,3,GEN,CEX
7159,SwimmingPool,PT,01,Liveness,00,TRUE,3,NONE,INV
7160,SwimmingPool,PT,02,Liveness,00,TRUE,3,NONE,INV
7161,SwimmingPool,PT,03,Liveness,00,TRUE,3,NONE,INV
7162,SwimmingPool,PT,04,Liveness,00,TRUE,2,NONE,INV
7163,SwimmingPool,PT,05,Liveness,00,TRUE,2,NONE,INV
7164,SwimmingPool,PT,06,Liveness,00,TRUE,2,NONE,INV
7165,SwimmingPool,PT,07,Liveness,00,TRUE,2,NONE,INV
7166,SwimmingPool,PT,08,Liveness,00,TRUE,2,NONE,INV
7167,SwimmingPool,PT,09,Liveness,00,TRUE,2,NONE,INV
7168,SwimmingPool,PT,10,Liveness,00,TRUE,2,NONE,INV
7169,Szymanski,PT,a02,Liveness,00,FALSE,3,NONE,CEX
7170,Szymanski,PT,a04,Liveness,00,FALSE,3,NONE,CEX
7171,Szymanski,PT,a06,Liveness,00,FALSE,3,NONE,CEX
7172,Szymanski,PT,a08,Liveness,00,FALSE,3,NONE,CEX
7173,Szymanski,PT,a10,Liveness,00,FALSE,3,NONE,CEX
7174,Szymanski,PT,a12,Liveness,00,FALSE,3,NONE,CEX
7175,Szymanski,PT,b02,Liveness,00,FALSE,3,NONE,CEX
7176,Szymanski,PT,b04,Liveness,00,FALSE,3,NONE,CEX
7177,Szymanski,PT,b06,Liveness,00,FALSE,3,NONE,CEX
7178,Szymanski,PT,b08,Liveness,00,FALSE,3,NONE,CEX
7179,Szymanski,PT,b10,Liveness,00,FALSE,3,NONE,CEX
7180,Szymanski,PT,b12,Liveness,00,FALSE,3,NONE,CEX
7181,TCPcondis,PT,05,Liveness,00,TRUE,3,NONE,INV
7182,TCPcondis,PT,10,Liveness,00,TRUE,2,NONE,INV
7183,TokenRing,COL,005,Liveness,00,TRUE,3,NONE,INV
7184,TokenRing,COL,010,Liveness,00,TRUE,3,NONE,INV
7185,TokenRing,COL,015,Liveness,00,TRUE,2,NONE,INV
7186,TokenRing,COL,020,Liveness,00,TRUE,2,NONE,INV
7187,TokenRing,PT,005,Liveness,00,FALSE,3,GEN,CEX
7188,TokenRing,PT,010,Liveness,00,FALSE,3,GEN,CEX
7189,TokenRing,PT,015,Liveness,00,FALSE,2,GEN,CEX
7190,TriangularGrid,PT,1200,Liveness,00,TRUE,3,NONE,INV
7191,TriangularGrid,PT,1500,Liveness,00,TRUE,3,NONE,INV
7192,TriangularGrid,PT,2011,Liveness,00,FALSE,3,NONE,CEX
7193,TriangularGrid,PT,3011,Liveness,00,FALSE,2,NONE,CEX
7194,TriangularGrid,PT,3026,Liveness,00,FALSE,3,NONE,CEX
7195,TriangularGrid,PT,4022,Liveness,00,FALSE,2,NONE,CEX
7196,TriangularGrid,PT,5020,Liveness,00,FALSE,3,NONE,CEX
7197,TriangularGrid,PT,5046,Liveness,00,FALSE,2,NONE,CEX
7198,TwoPhaseLocking,PT,nC00004vD,Liveness,00,FALSE,3,NONE,CEX
7199,TwoPhaseLocking,PT,nC00004vN,Liveness,00,TRUE,3,NONE,INV
7200,TwoPhaseLocking,PT,nC00010vD,Liveness,00,FALSE,3,NONE,CEX
7201,TwoPhaseLocking,PT,nC00010vN,Liveness,00,TRUE,3,NONE,INV
7202,TwoPhaseLocking,PT,nC00020vD,Liveness,00,FALSE,3,NONE,CEX
7203,TwoPhaseLocking,PT,nC00020vN,Liveness,00,TRUE,3,NONE,INV
7204,TwoPhaseLocking,PT,nC00050vD,Liveness,00,FALSE,3,NONE,CEX
7205,TwoPhaseLocking,PT,nC00050vN,Liveness,00,TRUE,3,NONE,INV
7206,TwoPhaseLocking,PT,nC00100vD,Liveness,00,FALSE,3,NONE,CEX
7207,TwoPhaseLocking,PT,nC00100vN,Liveness,00,TRUE,3,NONE,INV
7208,TwoPhaseLocking,PT,nC00200vD,Liveness,00,FALSE,3,NONE,CEX
7209,TwoPhaseLocking,PT,nC00200vN,Liveness,00,TRUE,2,NONE,INV
7210,TwoPhaseLocking,PT,nC00500vD,Liveness,00,FALSE,3,NONE,CEX
7211,TwoPhaseLocking,PT,nC00500vN,Liveness,00,TRUE,2,NONE,INV
7212,TwoPhaseLocking,PT,nC01000vD,Liveness,00,FALSE,2,NONE,CEX
7213,TwoPhaseLocking,PT,nC01000vN,Liveness,00,TRUE,2,NONE,INV
7214,TwoPhaseLocking,PT,nC02000vD,Liveness,00,FALSE,2,NONE,CEX
7215,TwoPhaseLocking,PT,nC05000vD,Liveness,00,FALSE,2,NONE,CEX
7216,TwoPhaseLocking,PT,nC10000vD,Liveness,00,FALSE,2,NONE,CEX
7217,UtahNoC,PT,none,Liveness,00,FALSE,3,NUPN,CEX
7218,UtilityControlRoom,COL,Z2T3N04,Liveness,00,TRUE,3,NONE,INV
7219,UtilityControlRoom,COL,Z2T3N06,Liveness,00,TRUE,2,NONE,INV
7220,UtilityControlRoom,COL,Z2T3N08,Liveness,00,TRUE,2,NONE,INV
7221,UtilityControlRoom,COL,Z2T3N10,Liveness,00,TRUE,2,NONE,INV
7222,UtilityControlRoom,COL,Z2T4N02,Liveness,00,TRUE,3,NONE,INV
7223,UtilityControlRoom,COL,Z2T4N04,Liveness,00,TRUE,3,NONE,INV
7224,UtilityControlRoom,COL,Z2T4N06,Liveness,00,TRUE,2,NONE,INV
7225,UtilityControlRoom,COL,Z2T4N08,Liveness,00,TRUE,2,NONE,INV
7226,UtilityControlRoom,COL,Z2T4N10,Liveness,00,TRUE,2,NONE,INV
7227,UtilityControlRoom,COL,Z4T3N06,Liveness,00,TRUE,2,NONE,INV
7228,UtilityControlRoom,COL,Z4T3N08,Liveness,00,TRUE,2,NONE,INV
7229,UtilityControlRoom,COL,Z4T4N02,Liveness,00,TRUE,3,NONE,INV
7230,UtilityControlRoom,COL,Z4T4N04,Liveness,00,TRUE,2,NONE,INV
7231,UtilityControlRoom,COL,Z4T4N06,Liveness,00,TRUE,2,NONE,INV
7232,UtilityControlRoom,PT,Z2T3N04,Liveness,00,TRUE,3,NONE,INV
7233,UtilityControlRoom,PT,Z2T3N06,Liveness,00,TRUE,3,NONE,INV
7234,UtilityControlRoom,PT,Z2T3N08,Liveness,00,TRUE,2,NONE,INV
7235,UtilityControlRoom,PT,Z2T3N10,Liveness,00,TRUE,2,NONE,INV
7236,UtilityControlRoom,PT,Z2T4N02,Liveness,00,TRUE,3,NONE,INV
7237,UtilityControlRoom,PT,Z2T4N04,Liveness,00,TRUE,3,NONE,INV
7238,UtilityControlRoom,PT,Z2T4N06,Liveness,00,TRUE,3,NONE,INV
7239,UtilityControlRoom,PT,Z2T4N08,Liveness,00,TRUE,2,NONE,INV
7240,UtilityControlRoom,PT,Z2T4N10,Liveness,00,TRUE,2,NONE,INV
7241,UtilityControlRoom,PT,Z4T3N06,Liveness,00,TRUE,2,NONE,INV
7242,UtilityControlRoom,PT,Z4T3N08,Liveness,00,TRUE,2,NONE,INV
7243,UtilityControlRoom,PT,Z4T3N10,Liveness,00,TRUE,2,NONE,INV
7244,UtilityControlRoom,PT,Z4T4N02,Liveness,00,TRUE,3,NONE,INV
7245,UtilityControlRoom,PT,Z4T4N04,Liveness,00,TRUE,2,NONE,INV
7246,UtilityControlRoom,PT,Z4T4N06,Liveness,00,TRUE,2,NONE,INV
7247,UtilityControlRoom,PT,Z4T4N08,Liveness,00,TRUE,2,NONE,INV
7248,UtilityControlRoom,PT,Z4T4N10,Liveness,00,TRUE,2,NONE,INV
7249,Vasy2003,PT,none,Liveness,00,FALSE,3,NUPN,CEX
7250,ViralEpidemic,PT,S02D1C1A10,Liveness,00,FALSE,3,GEN,CEX
7251,ViralEpidemic,PT,S02D1C1A12,Liveness,00,FALSE,3,GEN,CEX
7252,ViralEpidemic,PT,S03D1C1A02,Liveness,00,FALSE,3,GEN,CEX
7253,ViralEpidemic,PT,S03D1C1A04,Liveness,00,FALSE,3,GEN,CEX
7254,ViralEpidemic,PT,S03D1C1A06,Liveness,00,FALSE,3,GEN,CEX
7255,ViralEpidemic,PT,S03D1C1A08,Liveness,00,FALSE,2,GEN,CEX
7256,ViralEpidemic,PT,S04D1C1A02,Liveness,00,FALSE,3,GEN,CEX
7257,ViralEpidemic,PT,S04D1C1A03,Liveness,00,FALSE,3,GEN,CEX
7258,ViralEpidemic,PT,S04D1C1A04,Liveness,00,FALSE,3,GEN,CEX
7259,ViralEpidemic,PT,S04D1C1A06,Liveness,00,FALSE,3,GEN,CEX
7260,ViralEpidemic,PT,S08D1C2A02,Liveness,00,FALSE,3,NONE,CEX
7261,ViralEpidemic,PT,S08D1C2A04,Liveness,00,FALSE,3,NONE,CEX
7262,ViralEpidemic,PT,S16D2C4A01,Liveness,00,FALSE,3,NONE,CEX
7263,ViralEpidemic,PT,S16D2C4A02,Liveness,00,FALSE,3,NONE,CEX
7264,ViralEpidemic,PT,S16D2C4A03,Liveness,00,FALSE,2,NONE,CEX
7265,ZombiesAndSurvivors,PT,Circular04005005,Liveness,00,FALSE,3,NONE,CEX
7266,ZombiesAndSurvivors,PT,Circular04100100,Liveness,00,FALSE,3,NONE,CEX
7267,ZombiesAndSurvivors,PT,Circular32050050,Liveness,00,FALSE,2,NONE,CEX
7268,ZombiesAndSurvivors,PT,Circular64010010,Liveness,00,FALSE,2,NONE,CEX
7269,ZombiesAndSurvivors,PT,Circular8100100,Liveness,00,FALSE,3,NONE,CEX
7270,ZombiesAndSurvivors,PT,Heawood140505,Liveness,00,FALSE,3,NONE,CEX
7271,ZombiesAndSurvivors,PT,Heawood146060,Liveness,00,FALSE,2,NONE,CEX
7272,ZombiesAndSurvivors,PT,Heawood172525,Liveness,00,FALSE,2,NONE,CEX
7273,ZombiesAndSurvivors,PT,Heawood175050,Liveness,00,FALSE,2,NONE,CEX
7274,ZombiesAndSurvivors,PT,Heawood381515,Liveness,00,FALSE,2,NONE,CEX
7275,ZombiesAndSurvivors,PT,Kneser210702005005,Liveness,00,FALSE,2,NONE,CEX
7276,ZombiesAndSurvivors,PT,Kneser210702060060,Liveness,00,FALSE,3,NONE,CEX
7277,ZombiesAndSurvivors,PT,Kneser210702080080,Liveness,00,FALSE,3,NONE,CEX
7278,ZombiesAndSurvivors,PT,Kneser350703060060,Liveness,00,FALSE,2,NONE,CEX
7279,ZombiesAndSurvivors,PT,Kneser350703100100,Liveness,00,FALSE,3,NONE,CEX
7280,ErlangenMainframeV1,PT,aP09C09,Liveness,00,FALSE,2,NONE,CEX
7281,ErlangenMainframeV1,PT,aP10C08,Liveness,00,FALSE,2,NONE,CEX
7282,ErlangenMainframeV1,PT,aP11C06,Liveness,00,FALSE,2,NONE,CEX
7283,ErlangenMainframeV1,PT,aP12C04,Liveness,00,FALSE,2,NONE,CEX
7284,ErlangenMainframeV1,PT,aP13C02,Liveness,00,FALSE,2,NONE,CEX
7285,ErlangenMainframeV1,PT,aP14C01,Liveness,00,FALSE,2,NONE,CEX
7286,ErlangenMainframeV1,PT,bP01C01,Liveness,00,FALSE,3,NONE,CEX
7287,ErlangenMainframeV1,PT,bP02C02,Liveness,00,FALSE,3,NONE,CEX
7288,ErlangenMainframeV1,PT,bP03C03,Liveness,00,FALSE,3,NONE,CEX
7289,ErlangenMainframeV1,PT,bP04C04,Liveness,00,FALSE,3,NONE,CEX
7290,ErlangenMainframeV1,PT,bP05C05,Liveness,00,FALSE,3,NONE,CEX
7291,ErlangenMainframeV1,PT,bP06C06,Liveness,00,FALSE,3,NONE,CEX
7292,ErlangenMainframeV1,PT,bP07C07,Liveness,00,FALSE,3,NONE,CEX
7293,ErlangenMainframeV1,PT,bP08C08,Liveness,00,FALSE,3,NONE,CEX
7294,ErlangenMainframeV1,PT,bP09C09,Liveness,00,FALSE,2,NONE,CEX
7295,ErlangenMainframeV1,PT,bP10C08,Liveness,00,FALSE,2,NONE,CEX
7296,ErlangenMainframeV1,PT,bP11C06,Liveness,00,FALSE,2,NONE,CEX
7297,ErlangenMainframeV1,PT,bP12C04,Liveness,00,FALSE,2,NONE,CEX
7298,ErlangenMainframeV1,PT,bP13C02,Liveness,00,FALSE,2,NONE,CEX
7299,ErlangenMainframeV1,PT,bP14C01,Liveness,00,FALSE,2,NONE,CEX
7300,ErlangenMainframeV2,PT,aP09C09,Liveness,00,FALSE,2,NONE,CEX
7301,ErlangenMainframeV2,PT,aP10C08,Liveness,00,FALSE,2,NONE,CEX
7302,ErlangenMainframeV2,PT,aP11C06,Liveness,00,FALSE,2,NONE,CEX
7303,ErlangenMainframeV2,PT,aP12C04,Liveness,00,FALSE,2,NONE,CEX
7304,ErlangenMainframeV2,PT,aP13C02,Liveness,00,FALSE,2,NONE,CEX
7305,ErlangenMainframeV2,PT,aP14C01,Liveness,00,FALSE,2,NONE,CEX
7306,ErlangenMainframeV2,PT,bP01C01,Liveness,00,FALSE,3,NONE,CEX
7307,ErlangenMainframeV2,PT,bP02C02,Liveness,00,FALSE,3,NONE,CEX
7308,ErlangenMainframeV2,PT,bP03C03,Liveness,00,FALSE,3,NONE,CEX
7309,ErlangenMainframeV2,PT,bP04C04,Liveness,00,FALSE,3,NONE,CEX
7310,ErlangenMainframeV2,PT,bP05C05,Liveness,00,FALSE,3,NONE,CEX
7311,ErlangenMainframeV2,PT,bP06C06,Liveness,00,FALSE,3,NONE,CEX
7312,ErlangenMainframeV2,PT,bP07C07,Liveness,00,FALSE,3,NONE,CEX
7313,ErlangenMainframeV2,PT,bP08C08,Liveness,00,FALSE,3,NONE,CEX
7314,ErlangenMainframeV2,PT,bP09C09,Liveness,00,FALSE,2,NONE,CEX
7315,ErlangenMainframeV2,PT,bP10C08,Liveness,00,FALSE,2,NONE,CEX
7316,ErlangenMainframeV2,PT,bP11C06,Liveness,00,FALSE,2,NONE,CEX
7317,ErlangenMainframeV2,PT,bP12C04,Liveness,00,FALSE,2,NONE,CEX
7318,ErlangenMainframeV2,PT,bP13C02,Liveness,00,FALSE,2,NONE,CEX
7319,ErlangenMainframeV2,PT,bP14C01,Liveness,00,FALSE,2,NONE,CEX
7320,FileSystem,PT,N02I05B05,Liveness,00,FALSE,3,NONE,CEX
7321,FileSystem,PT,N02I10B08,Liveness,00,FALSE,3,NONE,CEX
7322,FileSystem,PT,N02I10B10,Liveness,00,FALSE,3,NONE,CEX
7323,FileSystem,PT,N02I15B15,Liveness,00,FALSE,3,NONE,CEX
7324,FileSystem,PT,N03I10B08,Liveness,00,FALSE,3,NONE,CEX
7325,FileSystem,PT,N03I10B10,Liveness,00,FALSE,3,NONE,CEX
7326,FileSystem,PT,N03I10B15,Liveness,00,FALSE,3,NONE,CEX
7327,FileSystem,PT,N05I10B10,Liveness,00,FALSE,3,NONE,CEX
7328,FileSystem,PT,N05I10B15,Liveness,00,FALSE,3,NONE,CEX
7329,FileSystem,PT,N08I32B26,Liveness,00,FALSE,3,NONE,CEX
7330,LastZero,COL,N08,Liveness,00,FALSE,3,NONE,CEX
7331,LastZero,COL,N10,Liveness,00,FALSE,3,NONE,CEX
7332,LastZero,COL,N12,Liveness,00,FALSE,3,NONE,CEX
7333,LastZero,COL,N14,Liveness,00,FALSE,3,NONE,CEX
7334,LastZero,COL,N16,Liveness,00,FALSE,3,NONE,CEX
7335,LastZero,COL,N18,Liveness,00,FALSE,3,NONE,CEX
7336,LastZero,COL,N20,Liveness,00,FALSE,3,NONE,CEX
7337,LastZero,COL,N22,Liveness,00,FALSE,3,NONE,CEX
7338,LastZero,COL,N24,Liveness,00,FALSE,3,NONE,CEX
7339,LastZero,COL,N26,Liveness,00,FALSE,3,NONE,CEX
7340,LastZero,PT,N08,Liveness,00,FALSE,3,NONE,CEX
7341,LastZero,PT,N10,Liveness,00,FALSE,3,NONE,CEX
7342,LastZero,PT,N12,Liveness,00,FALSE,3,NONE,CEX
7343,LastZero,PT,N14,Liveness,00,FALSE,3,NONE,CEX
7344,LastZero,PT,N16,Liveness,00,FALSE,3,NONE,CEX
7345,LastZero,PT,N18,Liveness,00,FALSE,3,NONE,CEX
7346,LastZero,PT,N20,Liveness,00,FALSE,3,NONE,CEX
7347,LastZero,PT,N22,Liveness,00,FALSE,3,NONE,CEX
7348,LastZero,PT,N24,Liveness,00,FALSE,3,NONE,CEX
7349,LastZero,PT,N26,Liveness,00,FALSE,3,NONE,CEX
7350,SupplyChain,PT,00002,Liveness,00,FALSE,3,NONE,CEX
7351,SupplyChain,PT,00005,Liveness,00,FALSE,3,NONE,CEX
7352,SupplyChain,PT,00010,Liveness,00,FALSE,3,NONE,CEX
7353,SupplyChain,PT,00020,Liveness,00,FALSE,3,NONE,CEX
7354,SupplyChain,PT,00050,Liveness,00,FALSE,3,NONE,CEX
7355,SupplyChain,PT,00100,Liveness,00,FALSE,3,NONE,CEX
7356,SupplyChain,PT,00200,Liveness,00,FALSE,3,NONE,CEX
7357,SupplyChain,PT,00500,Liveness,00,FALSE,3,NONE,CEX
7358,SupplyChain,PT,01000,Liveness,00,FALSE,3,NONE,CEX
7359,SupplyChain,PT,02000,Liveness,00,FALSE,3,NONE,CEX
7360,SupplyChain,PT,03000,Liveness,00,FALSE,2,NONE,CEX
7361,SupplyChain,PT,04000,Liveness,00,FALSE,2,NONE,CEX
7362,SupplyChain,PT,05000,Liveness,00,FALSE,2,NONE,CEX
7363,SupplyChain,PT,06000,Liveness,00,FALSE,2,NONE,CEX
7364,SupplyChain,PT,07000,Liveness,00,FALSE,2,NONE,CEX
7365,SupplyChain,PT,08000,Liveness,00,FALSE,2,NONE,CEX
7366,SupplyChain,PT,09000,Liveness,00,FALSE,2,NONE,CEX
7367,SupplyChain,PT,10000,Liveness,00,FALSE,2,NONE,CEX
7368,BlocksWorld,PT,11,Liveness,00,FALSE,2,NONE,CEX
7369,CloudOpsManagement,PT,00160by00080,Liveness,00,FALSE,2,NONE,CEX
7370,CloudOpsManagement,PT,00320by00160,Liveness,00,FALSE,2,NONE,CEX
7371,CloudOpsManagement,PT,00640by00320,Liveness,00,FALSE,2,NONE,CEX
7372,CloudOpsManagement,PT,01280by00640,Liveness,00,FALSE,2,NONE,CEX
7373,CloudOpsManagement,PT,02560by01280,Liveness,00,FALSE,2,NONE,CEX
7374,CloudOpsManagement,PT,05120by02560,Liveness,00,FALSE,2,NONE,CEX
7375,CloudOpsManagement,PT,10240by05120,Liveness,00,FALSE,2,NONE,CEX
7376,CloudOpsManagement,PT,20480by10240,Liveness,00,FALSE,2,NONE,CEX
7377,PhilosophersDyn,COL,50,Liveness,00,FALSE,1,NONE,CEX
7378,SatelliteMemory,PT,X01000Y0032,Liveness,00,TRUE,2,NONE,INV
7379,FileSystem,COL,N02I05B05,Liveness,00,FALSE,1,NONE,CEX
7380,FileSystem,COL,N02I10B08,Liveness,00,FALSE,1,NONE,CEX
7381,FileSystem,COL,N02I10B10,Liveness,00,FALSE,1,NONE,CEX
7382,FileSystem,COL,N02I15B15,Liveness,00,FALSE,1,NONE,CEX
7383,FileSystem,COL,N03I10B08,Liveness,00,FALSE,1,NONE,CEX
7384,FileSystem,COL,N03I10B10,Liveness,00,FALSE,1,NONE,CEX
7385,FileSystem,COL,N03I10B15,Liveness,00,FALSE,1,NONE,CEX
7386,FileSystem,COL,N05I10B10,Liveness,00,FALSE,1,NONE,CEX
7387,FileSystem,COL,N05I10B15,Liveness,00,FALSE,1,NONE,CEX
7388,Kanban,PT,00500,Liveness,00,TRUE,2,NONE,INV
7389,Kanban,PT,01000,Liveness,00,TRUE,2,NONE,INV
7390,Kanban,PT,02000,Liveness,00,TRUE,2,NONE,INV
7391,Kanban,PT,05000,Liveness,00,TRUE,2,NONE,INV
7392,Kanban,PT,10000,Liveness,00,TRUE,2,NONE,INV
7393,Kanban,PT,20000,Liveness,00,TRUE,2,NONE,INV
7394,Kanban,PT,50000,Liveness,00,TRUE,2,NONE,INV
7395,FMS,PT,05000,Liveness,00,TRUE,1,NONE,INV
7396,AirplaneLD,COL,0010,OneSafe,00,FALSE,3,NONE,CEX
7397,AirplaneLD,COL,0020,OneSafe,00,FALSE,3,NONE,CEX
7398,AirplaneLD,COL,0050,OneSafe,00,FALSE,3,NONE,CEX
7399,AirplaneLD,COL,0100,OneSafe,00,FALSE,3,NONE,CEX
7400,AirplaneLD,COL,0200,OneSafe,00,FALSE,3,NONE,CEX
7401,AirplaneLD,COL,0500,OneSafe,00,FALSE,3,NONE,CEX
7402,AirplaneLD,COL,1000,OneSafe,00,FALSE,3,NONE,CEX
7403,AirplaneLD,COL,2000,OneSafe,00,FALSE,3,NONE,CEX
7404,AirplaneLD,COL,4000,OneSafe,00,FALSE,3,NONE,CEX
7405,AirplaneLD,PT,0010,OneSafe,00,TRUE,3,GEN,INV
7406,AirplaneLD,PT,0020,OneSafe,00,TRUE,3,GEN,INV
7407,AirplaneLD,PT,0050,OneSafe,00,TRUE,3,GEN,INV
7408,AirplaneLD,PT,0100,OneSafe,00,TRUE,3,GEN,INV
7409,AirplaneLD,PT,0200,OneSafe,00,TRUE,3,GEN,INV
7410,AirplaneLD,PT,0500,OneSafe,00,TRUE,3,GEN,INV
7411,AirplaneLD,PT,1000,OneSafe,00,TRUE,3,GEN,INV
7412,AirplaneLD,PT,2000,OneSafe,00,TRUE,3,GEN,INV
7413,AirplaneLD,PT,4000,OneSafe,00,TRUE,3,GEN,INV
7414,Anderson,PT,04,OneSafe,00,TRUE,3,NUPN,INV
7415,Anderson,PT,05,OneSafe,00,TRUE,3,NUPN,INV
7416,Anderson,PT,06,OneSafe,00,TRUE,3,NUPN,INV
7417,Anderson,PT,07,OneSafe,00,TRUE,3,NUPN,INV
7418,Anderson,PT,08,OneSafe,00,TRUE,3,NUPN,INV
7419,Anderson,PT,09,OneSafe,00,TRUE,3,NUPN,INV
7420,Anderson,PT,10,OneSafe,00,TRUE,3,NUPN,INV
7421,Anderson,PT,11,OneSafe,00,TRUE,3,NUPN,INV
7422,Anderson,PT,12,OneSafe,00,TRUE,3,NUPN,INV
7423,Angiogenesis,PT,01,OneSafe,00,TRUE,3,GEN,INV
7424,Angiogenesis,PT,05,OneSafe,00,FALSE,3,NONE,CEX
7425,Angiogenesis,PT,10,OneSafe,00,FALSE,3,NONE,CEX
7426,Angiogenesis,PT,15,OneSafe,00,FALSE,3,NONE,CEX
7427,Angiogenesis,PT,20,OneSafe,00,FALSE,3,NONE,CEX
7428,Angiogenesis,PT,25,OneSafe,00,FALSE,3,NONE,CEX
7429,Angiogenesis,PT,50,OneSafe,00,FALSE,3,NONE,CEX
7430,ARMCacheCoherence,PT,none,OneSafe,00,TRUE,3,NUPN,INV
7431,ASLink,PT,01a,OneSafe,00,TRUE,3,NUPN,INV
7432,ASLink,PT,01b,OneSafe,00,TRUE,3,NUPN,INV
7433,ASLink,PT,02a,OneSafe,00,TRUE,3,NUPN,INV
7434,ASLink,PT,02b,OneSafe,00,TRUE,3,NUPN,INV
7435,ASLink,PT,03a,OneSafe,00,TRUE,3,NUPN,INV
7436,ASLink,PT,03b,OneSafe,00,TRUE,3,NUPN,INV
7437,ASLink,PT,04a,OneSafe,00,TRUE,3,NUPN,INV
7438,ASLink,PT,04b,OneSafe,00,TRUE,3,NUPN,INV
7439,ASLink,PT,05a,OneSafe,00,TRUE,3,NUPN,INV
7440,ASLink,PT,05b,OneSafe,00,TRUE,3,NUPN,INV
7441,ASLink,PT,06a,OneSafe,00,TRUE,3,NUPN,INV
7442,ASLink,PT,06b,OneSafe,00,TRUE,3,NUPN,INV
7443,ASLink,PT,07a,OneSafe,00,TRUE,3,NUPN,INV
7444,ASLink,PT,07b,OneSafe,00,TRUE,3,NUPN,INV
7445,ASLink,PT,08a,OneSafe,00,TRUE,3,NUPN,INV
7446,ASLink,PT,08b,OneSafe,00,TRUE,3,NUPN,INV
7447,ASLink,PT,09a,OneSafe,00,TRUE,3,NUPN,INV
7448,ASLink,PT,09b,OneSafe,00,TRUE,3,NUPN,INV
7449,ASLink,PT,10a,OneSafe,00,TRUE,3,NUPN,INV
7450,ASLink,PT,10b,OneSafe,00,TRUE,3,NUPN,INV
7451,AutoFlight,PT,01a,OneSafe,00,TRUE,3,NUPN,INV
7452,AutoFlight,PT,01b,OneSafe,00,TRUE,3,NUPN,INV
7453,AutoFlight,PT,02a,OneSafe,00,TRUE,3,NUPN,INV
7454,AutoFlight,PT,02b,OneSafe,00,TRUE,3,NUPN,INV
7455,AutoFlight,PT,03a,OneSafe,00,TRUE,3,NUPN,INV
7456,AutoFlight,PT,03b,OneSafe,00,TRUE,3,NUPN,INV
7457,AutoFlight,PT,04a,OneSafe,00,TRUE,3,NUPN,INV
7458,AutoFlight,PT,04b,OneSafe,00,TRUE,3,NUPN,INV
7459,AutoFlight,PT,05a,OneSafe,00,TRUE,3,NUPN,INV
7460,AutoFlight,PT,05b,OneSafe,00,TRUE,3,NUPN,INV
7461,AutoFlight,PT,06a,OneSafe,00,TRUE,3,NUPN,INV
7462,AutoFlight,PT,06b,OneSafe,00,TRUE,3,NUPN,INV
7463,AutoFlight,PT,12a,OneSafe,00,TRUE,3,NUPN,INV
7464,AutoFlight,PT,12b,OneSafe,00,TRUE,3,NUPN,INV
7465,AutoFlight,PT,24a,OneSafe,00,TRUE,3,NUPN,INV
7466,AutoFlight,PT,24b,OneSafe,00,TRUE,3,NUPN,INV
7467,AutoFlight,PT,48a,OneSafe,00,TRUE,3,NUPN,INV
7468,AutoFlight,PT,48b,OneSafe,00,TRUE,3,NUPN,INV
7469,AutoFlight,PT,96a,OneSafe,00,TRUE,3,NUPN,INV
7470,AutoFlight,PT,96b,OneSafe,00,TRUE,2,NUPN,INV
7471,AutonomousCar,PT,01a,OneSafe,00,TRUE,3,NUPN,INV
7472,AutonomousCar,PT,01b,OneSafe,00,TRUE,3,NUPN,INV
7473,AutonomousCar,PT,02a,OneSafe,00,TRUE,3,NUPN,INV
7474,AutonomousCar,PT,02b,OneSafe,00,TRUE,3,NUPN,INV
7475,AutonomousCar,PT,03a,OneSafe,00,TRUE,3,NUPN,INV
7476,AutonomousCar,PT,03b,OneSafe,00,TRUE,3,NUPN,INV
7477,AutonomousCar,PT,04a,OneSafe,00,TRUE,3,NUPN,INV
7478,AutonomousCar,PT,04b,OneSafe,00,TRUE,3,NUPN,INV
7479,AutonomousCar,PT,05a,OneSafe,00,TRUE,3,NUPN,INV
7480,AutonomousCar,PT,05b,OneSafe,00,TRUE,3,NUPN,INV
7481,AutonomousCar,PT,06a,OneSafe,00,TRUE,3,NUPN,INV
7482,AutonomousCar,PT,06b,OneSafe,00,TRUE,3,NUPN,INV
7483,AutonomousCar,PT,07a,OneSafe,00,TRUE,3,NUPN,INV
7484,AutonomousCar,PT,07b,OneSafe,00,TRUE,3,NUPN,INV
7485,AutonomousCar,PT,08a,OneSafe,00,TRUE,3,NUPN,INV
7486,AutonomousCar,PT,08b,OneSafe,00,TRUE,3,NUPN,INV
7487,AutonomousCar,PT,09a,OneSafe,00,TRUE,3,NUPN,INV
7488,AutonomousCar,PT,09b,OneSafe,00,TRUE,3,NUPN,INV
7489,AutonomousCar,PT,10a,OneSafe,00,TRUE,3,NUPN,INV
7490,AutonomousCar,PT,10b,OneSafe,00,TRUE,3,NUPN,INV
7491,BART,COL,002,OneSafe,00,FALSE,3,NONE,CEX
7492,BART,COL,005,OneSafe,00,FALSE,3,NONE,CEX
7493,BART,COL,010,OneSafe,00,FALSE,3,NONE,CEX
7494,BART,COL,020,OneSafe,00,FALSE,3,NONE,CEX
7495,BART,COL,030,OneSafe,00,FALSE,3,NONE,CEX
7496,BART,COL,040,OneSafe,00,FALSE,3,NONE,CEX
7497,BART,COL,050,OneSafe,00,FALSE,3,NONE,CEX
7498,BART,COL,060,OneSafe,00,FALSE,3,NONE,CEX
7499,BART,PT,002,OneSafe,00,TRUE,3,GEN,INV
7500,BART,PT,005,OneSafe,00,TRUE,3,GEN,INV
7501,BART,PT,010,OneSafe,00,TRUE,3,GEN,INV
7502,BART,PT,020,OneSafe,00,TRUE,3,GEN,INV
7503,BART,PT,030,OneSafe,00,TRUE,3,GEN,INV
7504,BART,PT,040,OneSafe,00,TRUE,3,GEN,INV
7505,BART,PT,050,OneSafe,00,TRUE,3,GEN,INV
7506,BART,PT,060,OneSafe,00,TRUE,2,GEN,INV
7507,BlocksWorld,PT,01,OneSafe,00,TRUE,3,NONE,INV
7508,BlocksWorld,PT,02,OneSafe,00,TRUE,3,NONE,INV
7509,BlocksWorld,PT,03,OneSafe,00,TRUE,3,NONE,INV
7510,BlocksWorld,PT,04,OneSafe,00,TRUE,3,NONE,INV
7511,BlocksWorld,PT,05,OneSafe,00,TRUE,3,NONE,INV
7512,BlocksWorld,PT,06,OneSafe,00,TRUE,3,NONE,INV
7513,BlocksWorld,PT,07,OneSafe,00,TRUE,3,NONE,INV
7514,BlocksWorld,PT,08,OneSafe,00,TRUE,3,NONE,INV
7515,BlocksWorld,PT,09,OneSafe,00,TRUE,3,NONE,INV
7516,BlocksWorld,PT,10,OneSafe,00,TRUE,3,NONE,INV
7517,BlocksWorld,PT,11,OneSafe,00,TRUE,3,NONE,INV
7518,BlocksWorld,PT,12,OneSafe,00,TRUE,2,NONE,INV
7519,BlocksWorld,PT,13,OneSafe,00,TRUE,2,NONE,INV
7520,BlocksWorld,PT,14,OneSafe,00,TRUE,2,NONE,INV
7521,BlocksWorld,PT,15,OneSafe,00,TRUE,2,NONE,INV
7522,BlocksWorld,PT,16,OneSafe,00,TRUE,2,NONE,INV
7523,BlocksWorld,PT,17,OneSafe,00,TRUE,2,NONE,INV
7524,BlocksWorld,PT,18,OneSafe,00,TRUE,2,NONE,INV
7525,BlocksWorld,PT,19,OneSafe,00,TRUE,2,NONE,INV
7526,BlocksWorld,PT,20,OneSafe,00,TRUE,2,NONE,INV
7527,BridgeAndVehicles,COL,V04P05N02,OneSafe,00,FALSE,3,NONE,CEX
7528,BridgeAndVehicles,COL,V10P10N10,OneSafe,00,FALSE,3,NONE,CEX
7529,BridgeAndVehicles,COL,V20P10N10,OneSafe,00,FALSE,3,NONE,CEX
7530,BridgeAndVehicles,COL,V20P10N20,OneSafe,00,FALSE,3,NONE,CEX
7531,BridgeAndVehicles,COL,V20P10N50,OneSafe,00,FALSE,3,NONE,CEX
7532,BridgeAndVehicles,COL,V20P20N10,OneSafe,00,FALSE,3,NONE,CEX
7533,BridgeAndVehicles,COL,V20P20N20,OneSafe,00,FALSE,3,NONE,CEX
7534,BridgeAndVehicles,COL,V20P20N50,OneSafe,00,FALSE,3,NONE,CEX
7535,BridgeAndVehicles,COL,V50P20N10,OneSafe,00,FALSE,3,NONE,CEX
7536,BridgeAndVehicles,COL,V50P20N20,OneSafe,00,FALSE,3,NONE,CEX
7537,BridgeAndVehicles,COL,V50P20N50,OneSafe,00,FALSE,3,NONE,CEX
7538,BridgeAndVehicles,COL,V50P50N10,OneSafe,00,FALSE,3,NONE,CEX
7539,BridgeAndVehicles,COL,V50P50N20,OneSafe,00,FALSE,3,NONE,CEX
7540,BridgeAndVehicles,COL,V50P50N50,OneSafe,00,FALSE,3,NONE,CEX
7541,BridgeAndVehicles,COL,V80P20N10,OneSafe,00,FALSE,3,NONE,CEX
7542,BridgeAndVehicles,COL,V80P20N20,OneSafe,00,FALSE,3,NONE,CEX
7543,BridgeAndVehicles,COL,V80P20N50,OneSafe,00,FALSE,3,NONE,CEX
7544,BridgeAndVehicles,COL,V80P50N10,OneSafe,00,FALSE,3,NONE,CEX
7545,BridgeAndVehicles,COL,V80P50N20,OneSafe,00,FALSE,3,NONE,CEX
7546,BridgeAndVehicles,COL,V80P50N50,OneSafe,00,FALSE,3,NONE,CEX
7547,BridgeAndVehicles,PT,V04P05N02,OneSafe,00,FALSE,3,NONE,CEX
7548,BridgeAndVehicles,PT,V10P10N10,OneSafe,00,FALSE,3,NONE,CEX
7549,BridgeAndVehicles,PT,V20P10N10,OneSafe,00,FALSE,3,NONE,CEX
7550,BridgeAndVehicles,PT,V20P10N20,OneSafe,00,FALSE,3,NONE,CEX
7551,BridgeAndVehicles,PT,V20P10N50,OneSafe,00,FALSE,3,NONE,CEX
7552,BridgeAndVehicles,PT,V20P20N10,OneSafe,00,FALSE,3,NONE,CEX
7553,BridgeAndVehicles,PT,V20P20N20,OneSafe,00,FALSE,3,NONE,CEX
7554,BridgeAndVehicles,PT,V20P20N50,OneSafe,00,FALSE,3,NONE,CEX
7555,BridgeAndVehicles,PT,V50P20N10,OneSafe,00,FALSE,3,NONE,CEX
7556,BridgeAndVehicles,PT,V50P20N20,OneSafe,00,FALSE,3,NONE,CEX
7557,BridgeAndVehicles,PT,V50P20N50,OneSafe,00,FALSE,3,NONE,CEX
7558,BridgeAndVehicles,PT,V50P50N10,OneSafe,00,FALSE,3,NONE,CEX
7559,BridgeAndVehicles,PT,V50P50N20,OneSafe,00,FALSE,3,NONE,CEX
7560,BridgeAndVehicles,PT,V50P50N50,OneSafe,00,FALSE,3,NONE,CEX
7561,BridgeAndVehicles,PT,V80P20N10,OneSafe,00,FALSE,3,NONE,CEX
7562,BridgeAndVehicles,PT,V80P20N20,OneSafe,00,FALSE,3,NONE,CEX
7563,BridgeAndVehicles,PT,V80P20N50,OneSafe,00,FALSE,3,NONE,CEX
7564,BridgeAndVehicles,PT,V80P50N10,OneSafe,00,FALSE,3,NONE,CEX
7565,BridgeAndVehicles,PT,V80P50N20,OneSafe,00,FALSE,3,NONE,CEX
7566,BridgeAndVehicles,PT,V80P50N50,OneSafe,00,FALSE,3,NONE,CEX
7567,BugTracking,PT,q3m002,OneSafe,00,FALSE,3,NONE,CEX
7568,BugTracking,PT,q3m004,OneSafe,00,FALSE,3,NONE,CEX
7569,BugTracking,PT,q3m008,OneSafe,00,FALSE,3,NONE,CEX
7570,BugTracking,PT,q3m016,OneSafe,00,FALSE,3,NONE,CEX
7571,BugTracking,PT,q3m032,OneSafe,00,FALSE,3,NONE,CEX
7572,BugTracking,PT,q3m064,OneSafe,00,FALSE,3,NONE,CEX
7573,BugTracking,PT,q3m128,OneSafe,00,FALSE,3,NONE,CEX
7574,BugTracking,PT,q3m256,OneSafe,00,FALSE,3,NONE,CEX
7575,BugTracking,PT,q8m002,OneSafe,00,FALSE,3,NONE,CEX
7576,BugTracking,PT,q8m004,OneSafe,00,FALSE,3,NONE,CEX
7577,BugTracking,PT,q8m008,OneSafe,00,FALSE,3,NONE,CEX
7578,BugTracking,PT,q8m016,OneSafe,00,FALSE,3,NONE,CEX
7579,BugTracking,PT,q8m032,OneSafe,00,FALSE,3,NONE,CEX
7580,BugTracking,PT,q8m064,OneSafe,00,FALSE,3,NONE,CEX
7581,BugTracking,PT,q8m128,OneSafe,00,FALSE,3,NONE,CEX
7582,BugTracking,PT,q8m256,OneSafe,00,FALSE,3,NONE,CEX
7583,BusinessProcesses,PT,01,OneSafe,00,TRUE,3,NUPN,INV
7584,BusinessProcesses,PT,02,OneSafe,00,TRUE,3,NUPN,INV
7585,BusinessProcesses,PT,03,OneSafe,00,TRUE,3,NUPN,INV
7586,BusinessProcesses,PT,04,OneSafe,00,TRUE,3,NUPN,INV
7587,BusinessProcesses,PT,05,OneSafe,00,TRUE,3,NUPN,INV
7588,BusinessProcesses,PT,06,OneSafe,00,TRUE,3,NUPN,INV
7589,BusinessProcesses,PT,07,OneSafe,00,TRUE,3,NUPN,INV
7590,BusinessProcesses,PT,08,OneSafe,00,TRUE,3,NUPN,INV
7591,BusinessProcesses,PT,09,OneSafe,00,TRUE,3,NUPN,INV
7592,BusinessProcesses,PT,10,OneSafe,00,TRUE,3,NUPN,INV
7593,BusinessProcesses,PT,11,OneSafe,00,TRUE,3,NUPN,INV
7594,BusinessProcesses,PT,12,OneSafe,00,TRUE,3,NUPN,INV
7595,BusinessProcesses,PT,13,OneSafe,00,TRUE,3,NUPN,INV
7596,BusinessProcesses,PT,14,OneSafe,00,TRUE,3,NUPN,INV
7597,BusinessProcesses,PT,15,OneSafe,00,TRUE,3,NUPN,INV
7598,BusinessProcesses,PT,16,OneSafe,00,TRUE,3,NUPN,INV
7599,BusinessProcesses,PT,17,OneSafe,00,TRUE,3,NUPN,INV
7600,BusinessProcesses,PT,18,OneSafe,00,TRUE,3,NUPN,INV
7601,BusinessProcesses,PT,19,OneSafe,00,TRUE,3,NUPN,INV
7602,BusinessProcesses,PT,20,OneSafe,00,TRUE,3,NUPN,INV
7603,CANConstruction,PT,005,OneSafe,00,FALSE,3,NONE,CEX
7604,CANConstruction,PT,010,OneSafe,00,FALSE,3,NONE,CEX
7605,CANConstruction,PT,020,OneSafe,00,FALSE,3,NONE,CEX
7606,CANConstruction,PT,030,OneSafe,00,FALSE,3,NONE,CEX
7607,CANConstruction,PT,040,OneSafe,00,FALSE,3,NONE,CEX
7608,CANConstruction,PT,050,OneSafe,00,FALSE,3,NONE,CEX
7609,CANConstruction,PT,060,OneSafe,00,FALSE,3,NONE,CEX
7610,CANConstruction,PT,070,OneSafe,00,FALSE,3,NONE,CEX
7611,CANConstruction,PT,080,OneSafe,00,FALSE,3,NONE,CEX
7612,CANConstruction,PT,090,OneSafe,00,FALSE,3,NONE,CEX
7613,CANConstruction,PT,100,OneSafe,00,FALSE,3,NONE,CEX
7614,CANInsertWithFailure,PT,005,OneSafe,00,FALSE,3,NONE,CEX
7615,CANInsertWithFailure,PT,010,OneSafe,00,FALSE,3,NONE,CEX
7616,CANInsertWithFailure,PT,020,OneSafe,00,FALSE,3,NONE,CEX
7617,CANInsertWithFailure,PT,030,OneSafe,00,FALSE,3,NONE,CEX
7618,CANInsertWithFailure,PT,040,OneSafe,00,FALSE,3,NONE,CEX
7619,CANInsertWithFailure,PT,050,OneSafe,00,FALSE,3,NONE,CEX
7620,CANInsertWithFailure,PT,060,OneSafe,00,FALSE,3,NONE,CEX
7621,CANInsertWithFailure,PT,070,OneSafe,00,FALSE,3,NONE,CEX
7622,CANInsertWithFailure,PT,080,OneSafe,00,FALSE,3,NONE,CEX
7623,CANInsertWithFailure,PT,090,OneSafe,00,FALSE,3,NONE,CEX
7624,CANInsertWithFailure,PT,100,OneSafe,00,FALSE,3,NONE,CEX
7625,Champagne,PT,H04T0R,OneSafe,00,TRUE,3,NONE,INV
7626,Champagne,PT,H04T1U,OneSafe,00,TRUE,3,NONE,INV
7627,Champagne,PT,H04T2O,OneSafe,00,TRUE,3,NONE,INV
7628,Champagne,PT,H05T0R,OneSafe,00,TRUE,3,NONE,INV
7629,Champagne,PT,H05T1U,OneSafe,00,TRUE,3,NONE,INV
7630,Champagne,PT,H05T2O,OneSafe,00,TRUE,3,NONE,INV
7631,Champagne,PT,H06T0R,OneSafe,00,TRUE,3,NONE,INV
7632,Champagne,PT,H06T1U,OneSafe,00,TRUE,3,NONE,INV
7633,Champagne,PT,H06T2O,OneSafe,00,TRUE,3,NONE,INV
7634,Champagne,PT,H07T0R,OneSafe,00,TRUE,3,NONE,INV
7635,Champagne,PT,H07T1U,OneSafe,00,TRUE,3,NONE,INV
7636,Champagne,PT,H07T2O,OneSafe,00,TRUE,3,NONE,INV
7637,Champagne,PT,H08T0R,OneSafe,00,TRUE,3,NONE,INV
7638,Champagne,PT,H08T1U,OneSafe,00,TRUE,3,NONE,INV
7639,Champagne,PT,H08T2O,OneSafe,00,TRUE,3,NONE,INV
7640,Champagne,PT,H09T0R,OneSafe,00,TRUE,3,NONE,INV
7641,Champagne,PT,H09T1U,OneSafe,00,TRUE,3,NONE,INV
7642,Champagne,PT,H09T2O,OneSafe,00,TRUE,3,NONE,INV
7643,Champagne,PT,H10T0R,OneSafe,00,TRUE,3,NONE,INV
7644,Champagne,PT,H10T1U,OneSafe,00,TRUE,3,NONE,INV
7645,Champagne,PT,H10T2O,OneSafe,00,TRUE,3,NONE,INV
7646,CircadianClock,PT,000001,OneSafe,00,TRUE,3,GEN,INV
7647,CircadianClock,PT,000010,OneSafe,00,FALSE,3,NONE,CEX
7648,CircadianClock,PT,000100,OneSafe,00,FALSE,3,NONE,CEX
7649,CircadianClock,PT,001000,OneSafe,00,FALSE,3,NONE,CEX
7650,CircadianClock,PT,010000,OneSafe,00,FALSE,3,NONE,CEX
7651,CircadianClock,PT,100000,OneSafe,00,FALSE,3,NONE,CEX
7652,CircularTrains,PT,012,OneSafe,00,FALSE,3,NONE,CEX
7653,CircularTrains,PT,024,OneSafe,00,FALSE,3,NONE,CEX
7654,CircularTrains,PT,048,OneSafe,00,FALSE,3,NONE,CEX
7655,CircularTrains,PT,096,OneSafe,00,FALSE,3,NONE,CEX
7656,CircularTrains,PT,192,OneSafe,00,FALSE,3,NONE,CEX
7657,CircularTrains,PT,384,OneSafe,00,FALSE,3,NONE,CEX
7658,CircularTrains,PT,768,OneSafe,00,FALSE,3,NONE,CEX
7659,ClientsAndServers,PT,N0001P0,OneSafe,00,FALSE,3,NONE,CEX
7660,ClientsAndServers,PT,N0002P0,OneSafe,00,FALSE,3,NONE,CEX
7661,ClientsAndServers,PT,N0002P1,OneSafe,00,FALSE,3,NONE,CEX
7662,ClientsAndServers,PT,N0005P0,OneSafe,00,FALSE,3,NONE,CEX
7663,ClientsAndServers,PT,N0005P1,OneSafe,00,FALSE,3,NONE,CEX
7664,ClientsAndServers,PT,N0010P0,OneSafe,00,FALSE,3,NONE,CEX
7665,ClientsAndServers,PT,N0010P1,OneSafe,00,FALSE,3,NONE,CEX
7666,ClientsAndServers,PT,N0010P2,OneSafe,00,FALSE,3,NONE,CEX
7667,ClientsAndServers,PT,N0020P0,OneSafe,00,FALSE,3,NONE,CEX
7668,ClientsAndServers,PT,N0020P1,OneSafe,00,FALSE,3,NONE,CEX
7669,ClientsAndServers,PT,N0020P2,OneSafe,00,FALSE,3,NONE,CEX
7670,ClientsAndServers,PT,N0020P3,OneSafe,00,FALSE,3,NONE,CEX
7671,ClientsAndServers,PT,N0020P4,OneSafe,00,FALSE,3,NONE,CEX
7672,ClientsAndServers,PT,N0050P0,OneSafe,00,FALSE,3,NONE,CEX
7673,ClientsAndServers,PT,N0100P0,OneSafe,00,FALSE,3,NONE,CEX
7674,ClientsAndServers,PT,N0200P0,OneSafe,00,FALSE,3,NONE,CEX
7675,ClientsAndServers,PT,N0500P0,OneSafe,00,FALSE,3,NONE,CEX
7676,ClientsAndServers,PT,N1000P0,OneSafe,00,FALSE,3,NONE,CEX
7677,ClientsAndServers,PT,N2000P0,OneSafe,00,FALSE,3,NONE,CEX
7678,ClientsAndServers,PT,N5000P0,OneSafe,00,FALSE,3,NONE,CEX
7679,CloudDeployment,PT,2a,OneSafe,00,TRUE,3,NUPN,INV
7680,CloudDeployment,PT,2b,OneSafe,00,TRUE,3,NUPN,INV
7681,CloudDeployment,PT,3a,OneSafe,00,TRUE,3,NUPN,INV
7682,CloudDeployment,PT,3b,OneSafe,00,TRUE,3,NUPN,INV
7683,CloudDeployment,PT,4a,OneSafe,00,TRUE,3,NUPN,INV
7684,CloudDeployment,PT,4b,OneSafe,00,TRUE,3,NUPN,INV
7685,CloudDeployment,PT,5a,OneSafe,00,TRUE,3,NUPN,INV
7686,CloudDeployment,PT,5b,OneSafe,00,TRUE,3,NUPN,INV
7687,CloudDeployment,PT,6a,OneSafe,00,TRUE,3,NUPN,INV
7688,CloudDeployment,PT,6b,OneSafe,00,TRUE,3,NUPN,INV
7689,CloudDeployment,PT,7a,OneSafe,00,TRUE,3,NUPN,INV
7690,CloudDeployment,PT,7b,OneSafe,00,TRUE,3,NUPN,INV
7691,CloudOpsManagement,PT,00002by00001,OneSafe,00,FALSE,3,NONE,CEX
7692,CloudOpsManagement,PT,00005by00002,OneSafe,00,FALSE,3,NONE,CEX
7693,CloudOpsManagement,PT,00010by00005,OneSafe,00,FALSE,3,NONE,CEX
7694,CloudOpsManagement,PT,00020by00010,OneSafe,00,FALSE,3,NONE,CEX
7695,CloudOpsManagement,PT,00040by00020,OneSafe,00,FALSE,3,NONE,CEX
7696,CloudOpsManagement,PT,00080by00040,OneSafe,00,FALSE,3,NONE,CEX
7697,CloudOpsManagement,PT,00160by00080,OneSafe,00,FALSE,3,NONE,CEX
7698,CloudOpsManagement,PT,00320by00160,OneSafe,00,FALSE,3,NONE,CEX
7699,CloudOpsManagement,PT,00640by00320,OneSafe,00,FALSE,3,NONE,CEX
7700,CloudOpsManagement,PT,01280by00640,OneSafe,00,FALSE,3,NONE,CEX
7701,CloudOpsManagement,PT,02560by01280,OneSafe,00,FALSE,3,NONE,CEX
7702,CloudOpsManagement,PT,05120by02560,OneSafe,00,FALSE,3,NONE,CEX
7703,CloudOpsManagement,PT,10240by05120,OneSafe,00,FALSE,3,NONE,CEX
7704,CloudOpsManagement,PT,20480by10240,OneSafe,00,FALSE,3,NONE,CEX
7705,CloudReconfiguration,PT,301,OneSafe,00,TRUE,3,NUPN,INV
7706,CloudReconfiguration,PT,302,OneSafe,00,TRUE,3,NUPN,INV
7707,CloudReconfiguration,PT,303,OneSafe,00,TRUE,3,NUPN,INV
7708,CloudReconfiguration,PT,304,OneSafe,00,TRUE,3,NUPN,INV
7709,CloudReconfiguration,PT,305,OneSafe,00,TRUE,3,NUPN,INV
7710,CloudReconfiguration,PT,306,OneSafe,00,TRUE,3,NUPN,INV
7711,CloudReconfiguration,PT,307,OneSafe,00,TRUE,3,NUPN,INV
7712,CloudReconfiguration,PT,308,OneSafe,00,TRUE,3,NUPN,INV
7713,CloudReconfiguration,PT,309,OneSafe,00,TRUE,3,NUPN,INV
7714,CloudReconfiguration,PT,310,OneSafe,00,TRUE,3,NUPN,INV
7715,CloudReconfiguration,PT,311,OneSafe,00,TRUE,3,NUPN,INV
7716,CloudReconfiguration,PT,312,OneSafe,00,TRUE,3,NUPN,INV
7717,CloudReconfiguration,PT,313,OneSafe,00,TRUE,3,NUPN,INV
7718,CloudReconfiguration,PT,314,OneSafe,00,TRUE,3,NUPN,INV
7719,CloudReconfiguration,PT,316,OneSafe,00,TRUE,3,NUPN,INV
7720,CloudReconfiguration,PT,317,OneSafe,00,TRUE,3,NUPN,INV
7721,CloudReconfiguration,PT,318,OneSafe,00,TRUE,3,NUPN,INV
7722,CloudReconfiguration,PT,319,OneSafe,00,TRUE,3,NUPN,INV
7723,CloudReconfiguration,PT,320,OneSafe,00,TRUE,3,NUPN,INV
7724,CloudReconfiguration,PT,401,OneSafe,00,TRUE,3,NUPN,INV
7725,CloudReconfiguration,PT,402,OneSafe,00,TRUE,3,NUPN,INV
7726,CO4,PT,01,OneSafe,00,TRUE,3,NONE,INV
7727,CO4,PT,02,OneSafe,00,TRUE,3,NONE,INV
7728,CO4,PT,03,OneSafe,00,TRUE,3,NONE,INV
7729,CO4,PT,04,OneSafe,00,TRUE,3,NONE,INV
7730,CO4,PT,05,OneSafe,00,TRUE,3,NONE,INV
7731,CO4,PT,06,OneSafe,00,TRUE,3,NONE,INV
7732,CO4,PT,07,OneSafe,00,TRUE,3,NONE,INV
7733,CO4,PT,08,OneSafe,00,TRUE,3,NONE,INV
7734,CO4,PT,09,OneSafe,00,TRUE,3,NONE,INV
7735,CO4,PT,10,OneSafe,00,TRUE,3,NONE,INV
7736,CO4,PT,11,OneSafe,00,TRUE,3,NONE,INV
7737,CO4,PT,12,OneSafe,00,TRUE,3,NONE,INV
7738,CO4,PT,13,OneSafe,00,TRUE,3,NONE,INV
7739,CO4,PT,14,OneSafe,00,TRUE,3,NONE,INV
7740,CO4,PT,15,OneSafe,00,TRUE,3,NONE,INV
7741,CO4,PT,16,OneSafe,00,TRUE,3,NONE,INV
7742,CO4,PT,17,OneSafe,00,TRUE,3,NONE,INV
7743,CO4,PT,18,OneSafe,00,TRUE,3,NONE,INV
7744,CO4,PT,19,OneSafe,00,TRUE,3,NONE,INV
7745,CO4,PT,20,OneSafe,00,TRUE,3,NONE,INV
7746,CO4,PT,21,OneSafe,00,TRUE,3,NONE,INV
7747,CopsAndRobbers,PT,CRL005X001,OneSafe,00,TRUE,3,NONE,INV
7748,CopsAndRobbers,PT,CRL015X005,OneSafe,00,FALSE,3,NONE,CEX
7749,CopsAndRobbers,PT,CRL023X004,OneSafe,00,FALSE,3,NONE,CEX
7750,CopsAndRobbers,PT,CRL025X003,OneSafe,00,FALSE,3,NONE,CEX
7751,CopsAndRobbers,PT,HRL014X002,OneSafe,00,FALSE,3,NONE,CEX
7752,CopsAndRobbers,PT,HRL017X005,OneSafe,00,FALSE,3,NONE,CEX
7753,CopsAndRobbers,PT,HRL020X006,OneSafe,00,FALSE,3,NONE,CEX
7754,CopsAndRobbers,PT,HRL023X006,OneSafe,00,FALSE,3,NONE,CEX
7755,CopsAndRobbers,PT,KFL010N005K002X001,OneSafe,00,TRUE,3,NONE,INV
7756,CopsAndRobbers,PT,KFL028N008K002X005,OneSafe,00,FALSE,3,NONE,CEX
7757,CopsAndRobbers,PT,KFL036N009K002X003,OneSafe,00,FALSE,3,NONE,CEX
7758,CopsAndRobbers,PT,KFL084N009K003X002,OneSafe,00,FALSE,3,NONE,CEX
7759,CryptoMiner,COL,D03N000,OneSafe,00,FALSE,3,NONE,CEX
7760,CryptoMiner,COL,D03N010,OneSafe,00,FALSE,3,NONE,CEX
7761,CryptoMiner,COL,D03N100,OneSafe,00,FALSE,3,NONE,CEX
7762,CryptoMiner,COL,D05N000,OneSafe,00,FALSE,3,NONE,CEX
7763,CryptoMiner,COL,D05N100,OneSafe,00,FALSE,3,NONE,CEX
7764,CryptoMiner,COL,D05N250,OneSafe,00,FALSE,3,NONE,CEX
7765,CryptoMiner,COL,D10N000,OneSafe,00,FALSE,3,NONE,CEX
7766,CryptoMiner,COL,D10N100,OneSafe,00,FALSE,3,NONE,CEX
7767,CryptoMiner,COL,D20N100,OneSafe,00,FALSE,3,NONE,CEX
7768,CryptoMiner,PT,D03N000,OneSafe,00,FALSE,3,NONE,CEX
7769,CryptoMiner,PT,D03N010,OneSafe,00,FALSE,3,NONE,CEX
7770,CryptoMiner,PT,D03N100,OneSafe,00,FALSE,3,NONE,CEX
7771,CryptoMiner,PT,D05N000,OneSafe,00,FALSE,3,NONE,CEX
7772,CryptoMiner,PT,D05N100,OneSafe,00,FALSE,3,NONE,CEX
7773,CryptoMiner,PT,D05N250,OneSafe,00,FALSE,3,NONE,CEX
7774,CryptoMiner,PT,D10N000,OneSafe,00,FALSE,3,NONE,CEX
7775,CryptoMiner,PT,D10N100,OneSafe,00,FALSE,3,NONE,CEX
7776,CryptoMiner,PT,D20N100,OneSafe,00,FALSE,3,NONE,CEX
7777,CSRepetitions,COL,02,OneSafe,00,FALSE,3,NONE,CEX
7778,CSRepetitions,COL,03,OneSafe,00,FALSE,3,NONE,CEX
7779,CSRepetitions,COL,04,OneSafe,00,FALSE,3,NONE,CEX
7780,CSRepetitions,COL,05,OneSafe,00,FALSE,3,NONE,CEX
7781,CSRepetitions,COL,07,OneSafe,00,FALSE,3,NONE,CEX
7782,CSRepetitions,COL,10,OneSafe,00,FALSE,3,NONE,CEX
7783,CSRepetitions,PT,02,OneSafe,00,FALSE,3,NONE,CEX
7784,CSRepetitions,PT,03,OneSafe,00,FALSE,3,NONE,CEX
7785,CSRepetitions,PT,04,OneSafe,00,FALSE,3,NONE,CEX
7786,CSRepetitions,PT,05,OneSafe,00,FALSE,3,NONE,CEX
7787,CSRepetitions,PT,07,OneSafe,00,FALSE,3,NONE,CEX
7788,CSRepetitions,PT,10,OneSafe,00,FALSE,3,NONE,CEX
7789,DatabaseWithMutex,COL,02,OneSafe,00,FALSE,3,NONE,CEX
7790,DatabaseWithMutex,COL,04,OneSafe,00,FALSE,3,NONE,CEX
7791,DatabaseWithMutex,COL,10,OneSafe,00,FALSE,3,NONE,CEX
7792,DatabaseWithMutex,COL,20,OneSafe,00,FALSE,3,NONE,CEX
7793,DatabaseWithMutex,COL,40,OneSafe,00,FALSE,3,NONE,CEX
7794,DatabaseWithMutex,PT,02,OneSafe,00,TRUE,3,GEN,INV
7795,DatabaseWithMutex,PT,04,OneSafe,00,TRUE,3,GEN,INV
7796,DatabaseWithMutex,PT,10,OneSafe,00,TRUE,3,GEN,INV
7797,DatabaseWithMutex,PT,20,OneSafe,00,TRUE,3,GEN,INV
7798,DatabaseWithMutex,PT,40,OneSafe,00,TRUE,2,GEN,INV
7799,DBSingleClientW,PT,d0m04,OneSafe,00,FALSE,3,NONE,CEX
7800,DBSingleClientW,PT,d0m05,OneSafe,00,FALSE,3,NONE,CEX
7801,DBSingleClientW,PT,d0m06,OneSafe,00,FALSE,3,NONE,CEX
7802,DBSingleClientW,PT,d0m07,OneSafe,00,FALSE,3,NONE,CEX
7803,DBSingleClientW,PT,d0m08,OneSafe,00,FALSE,3,NONE,CEX
7804,DBSingleClientW,PT,d0m09,OneSafe,00,FALSE,3,NONE,CEX
7805,DBSingleClientW,PT,d0m10,OneSafe,00,FALSE,3,NONE,CEX
7806,DBSingleClientW,PT,d1m04,OneSafe,00,FALSE,3,NONE,CEX
7807,DBSingleClientW,PT,d1m05,OneSafe,00,FALSE,3,NONE,CEX
7808,DBSingleClientW,PT,d1m06,OneSafe,00,FALSE,3,NONE,CEX
7809,DBSingleClientW,PT,d1m07,OneSafe,00,FALSE,3,NONE,CEX
7810,DBSingleClientW,PT,d1m08,OneSafe,00,FALSE,3,NONE,CEX
7811,DBSingleClientW,PT,d1m09,OneSafe,00,FALSE,3,NONE,CEX
7812,DBSingleClientW,PT,d1m10,OneSafe,00,FALSE,3,NONE,CEX
7813,DBSingleClientW,PT,d2m04,OneSafe,00,FALSE,3,NONE,CEX
7814,DBSingleClientW,PT,d2m05,OneSafe,00,FALSE,3,NONE,CEX
7815,DBSingleClientW,PT,d2m06,OneSafe,00,FALSE,3,NONE,CEX
7816,DBSingleClientW,PT,d2m07,OneSafe,00,FALSE,3,NONE,CEX
7817,DBSingleClientW,PT,d2m08,OneSafe,00,FALSE,3,NONE,CEX
7818,DBSingleClientW,PT,d2m09,OneSafe,00,FALSE,3,NONE,CEX
7819,DBSingleClientW,PT,d2m10,OneSafe,00,FALSE,3,NONE,CEX
7820,Dekker,PT,010,OneSafe,00,TRUE,3,GEN,INV
7821,Dekker,PT,015,OneSafe,00,TRUE,3,GEN,INV
7822,Dekker,PT,020,OneSafe,00,TRUE,3,GEN,INV
7823,Dekker,PT,050,OneSafe,00,TRUE,3,GEN,INV
7824,Dekker,PT,100,OneSafe,00,TRUE,3,GEN,INV
7825,Dekker,PT,200,OneSafe,00,TRUE,3,GEN,INV
7826,DES,PT,00a,OneSafe,00,TRUE,3,NUPN,INV
7827,DES,PT,00b,OneSafe,00,TRUE,3,NUPN,INV
7828,DES,PT,01a,OneSafe,00,TRUE,3,NUPN,INV
7829,DES,PT,01b,OneSafe,00,TRUE,3,NUPN,INV
7830,DES,PT,02a,OneSafe,00,TRUE,3,NUPN,INV
7831,DES,PT,02b,OneSafe,00,TRUE,3,NUPN,INV
7832,DES,PT,05a,OneSafe,00,TRUE,3,NUPN,INV
7833,DES,PT,05b,OneSafe,00,TRUE,3,NUPN,INV
7834,DES,PT,10a,OneSafe,00,TRUE,3,NUPN,INV
7835,DES,PT,10b,OneSafe,00,TRUE,3,NUPN,INV
7836,DES,PT,20a,OneSafe,00,TRUE,3,NUPN,INV
7837,DES,PT,20b,OneSafe,00,TRUE,3,NUPN,INV
7838,DES,PT,30a,OneSafe,00,TRUE,3,NUPN,INV
7839,DES,PT,30b,OneSafe,00,TRUE,3,NUPN,INV
7840,DES,PT,40a,OneSafe,00,TRUE,3,NUPN,INV
7841,DES,PT,40b,OneSafe,00,TRUE,3,NUPN,INV
7842,DES,PT,50a,OneSafe,00,TRUE,3,NUPN,INV
7843,DES,PT,50b,OneSafe,00,TRUE,3,NUPN,INV
7844,DES,PT,60a,OneSafe,00,TRUE,3,NUPN,INV
7845,DES,PT,60b,OneSafe,00,TRUE,3,NUPN,INV
7846,Diffusion2D,PT,D05N010,OneSafe,00,FALSE,3,NONE,CEX
7847,Diffusion2D,PT,D05N050,OneSafe,00,FALSE,3,NONE,CEX
7848,Diffusion2D,PT,D05N100,OneSafe,00,FALSE,3,NONE,CEX
7849,Diffusion2D,PT,D05N150,OneSafe,00,FALSE,3,NONE,CEX
7850,Diffusion2D,PT,D05N200,OneSafe,00,FALSE,3,NONE,CEX
7851,Diffusion2D,PT,D05N250,OneSafe,00,FALSE,3,NONE,CEX
7852,Diffusion2D,PT,D05N300,OneSafe,00,FALSE,3,NONE,CEX
7853,Diffusion2D,PT,D05N350,OneSafe,00,FALSE,3,NONE,CEX
7854,Diffusion2D,PT,D10N010,OneSafe,00,FALSE,3,NONE,CEX
7855,Diffusion2D,PT,D10N050,OneSafe,00,FALSE,3,NONE,CEX
7856,Diffusion2D,PT,D10N100,OneSafe,00,FALSE,3,NONE,CEX
7857,Diffusion2D,PT,D10N150,OneSafe,00,FALSE,3,NONE,CEX
7858,Diffusion2D,PT,D10N200,OneSafe,00,FALSE,3,NONE,CEX
7859,Diffusion2D,PT,D20N010,OneSafe,00,FALSE,3,NONE,CEX
7860,Diffusion2D,PT,D20N050,OneSafe,00,FALSE,3,NONE,CEX
7861,Diffusion2D,PT,D20N100,OneSafe,00,FALSE,3,NONE,CEX
7862,Diffusion2D,PT,D20N150,OneSafe,00,FALSE,3,NONE,CEX
7863,Diffusion2D,PT,D30N010,OneSafe,00,FALSE,3,NONE,CEX
7864,Diffusion2D,PT,D30N050,OneSafe,00,FALSE,3,NONE,CEX
7865,Diffusion2D,PT,D30N100,OneSafe,00,FALSE,3,NONE,CEX
7866,Diffusion2D,PT,D30N150,OneSafe,00,FALSE,3,NONE,CEX
7867,Diffusion2D,PT,D40N010,OneSafe,00,FALSE,3,NONE,CEX
7868,Diffusion2D,PT,D40N050,OneSafe,00,FALSE,3,NONE,CEX
7869,Diffusion2D,PT,D40N100,OneSafe,00,FALSE,3,NONE,CEX
7870,Diffusion2D,PT,D40N150,OneSafe,00,FALSE,3,NONE,CEX
7871,Diffusion2D,PT,D50N010,OneSafe,00,FALSE,3,NONE,CEX
7872,Diffusion2D,PT,D50N050,OneSafe,00,FALSE,3,NONE,CEX
7873,Diffusion2D,PT,D50N100,OneSafe,00,FALSE,3,NONE,CEX
7874,Diffusion2D,PT,D50N150,OneSafe,00,FALSE,3,NONE,CEX
7875,DiscoveryGPU,PT,06a,OneSafe,00,TRUE,3,NUPN,INV
7876,DiscoveryGPU,PT,06b,OneSafe,00,TRUE,3,NUPN,INV
7877,DiscoveryGPU,PT,07a,OneSafe,00,TRUE,3,NUPN,INV
7878,DiscoveryGPU,PT,07b,OneSafe,00,TRUE,3,NUPN,INV
7879,DiscoveryGPU,PT,08a,OneSafe,00,TRUE,3,NUPN,INV
7880,DiscoveryGPU,PT,08b,OneSafe,00,TRUE,3,NUPN,INV
7881,DiscoveryGPU,PT,09a,OneSafe,00,TRUE,3,NUPN,INV
7882,DiscoveryGPU,PT,09b,OneSafe,00,TRUE,3,NUPN,INV
7883,DiscoveryGPU,PT,10a,OneSafe,00,TRUE,3,NUPN,INV
7884,DiscoveryGPU,PT,10b,OneSafe,00,TRUE,3,NUPN,INV
7885,DiscoveryGPU,PT,11a,OneSafe,00,TRUE,3,NUPN,INV
7886,DiscoveryGPU,PT,11b,OneSafe,00,TRUE,3,NUPN,INV
7887,DiscoveryGPU,PT,12a,OneSafe,00,TRUE,3,NUPN,INV
7888,DiscoveryGPU,PT,12b,OneSafe,00,TRUE,3,NUPN,INV
7889,DiscoveryGPU,PT,13a,OneSafe,00,TRUE,3,NUPN,INV
7890,DiscoveryGPU,PT,13b,OneSafe,00,TRUE,3,NUPN,INV
7891,DiscoveryGPU,PT,14a,OneSafe,00,TRUE,3,NUPN,INV
7892,DiscoveryGPU,PT,14b,OneSafe,00,TRUE,3,NUPN,INV
7893,DiscoveryGPU,PT,15a,OneSafe,00,TRUE,3,NUPN,INV
7894,DiscoveryGPU,PT,15b,OneSafe,00,TRUE,3,NUPN,INV
7895,DLCflexbar,PT,2a,OneSafe,00,TRUE,3,NUPN,INV
7896,DLCflexbar,PT,2b,OneSafe,00,TRUE,3,NUPN,INV
7897,DLCflexbar,PT,3a,OneSafe,00,TRUE,3,NUPN,INV
7898,DLCflexbar,PT,3b,OneSafe,00,TRUE,3,NUPN,INV
7899,DLCflexbar,PT,4a,OneSafe,00,TRUE,3,NUPN,INV
7900,DLCflexbar,PT,4b,OneSafe,00,TRUE,2,NUPN,INV
7901,DLCflexbar,PT,5a,OneSafe,00,TRUE,3,NUPN,INV
7902,DLCflexbar,PT,5b,OneSafe,00,TRUE,2,NUPN,INV
7903,DLCflexbar,PT,6a,OneSafe,00,TRUE,3,NUPN,INV
7904,DLCflexbar,PT,6b,OneSafe,00,TRUE,2,NUPN,INV
7905,DLCflexbar,PT,7a,OneSafe,00,TRUE,3,NUPN,INV
7906,DLCflexbar,PT,7b,OneSafe,00,TRUE,2,NUPN,INV
7907,DLCflexbar,PT,8a,OneSafe,00,TRUE,3,NUPN,INV
7908,DLCflexbar,PT,8b,OneSafe,00,TRUE,2,NUPN,INV
7909,DLCround,PT,03a,OneSafe,00,TRUE,3,NUPN,INV
7910,DLCround,PT,03b,OneSafe,00,TRUE,3,NUPN,INV
7911,DLCround,PT,04a,OneSafe,00,TRUE,3,NUPN,INV
7912,DLCround,PT,04b,OneSafe,00,TRUE,3,NUPN,INV
7913,DLCround,PT,05a,OneSafe,00,TRUE,3,NUPN,INV
7914,DLCround,PT,05b,OneSafe,00,TRUE,3,NUPN,INV
7915,DLCround,PT,06a,OneSafe,00,TRUE,3,NUPN,INV
7916,DLCround,PT,06b,OneSafe,00,TRUE,3,NUPN,INV
7917,DLCround,PT,07a,OneSafe,00,TRUE,3,NUPN,INV
7918,DLCround,PT,07b,OneSafe,00,TRUE,3,NUPN,INV
7919,DLCround,PT,08a,OneSafe,00,TRUE,3,NUPN,INV
7920,DLCround,PT,08b,OneSafe,00,TRUE,3,NUPN,INV
7921,DLCround,PT,09a,OneSafe,00,TRUE,3,NUPN,INV
7922,DLCround,PT,09b,OneSafe,00,TRUE,3,NUPN,INV
7923,DLCround,PT,10a,OneSafe,00,TRUE,3,NUPN,INV
7924,DLCround,PT,10b,OneSafe,00,TRUE,3,NUPN,INV
7925,DLCround,PT,11a,OneSafe,00,TRUE,3,NUPN,INV
7926,DLCround,PT,11b,OneSafe,00,TRUE,3,NUPN,INV
7927,DLCround,PT,12a,OneSafe,00,TRUE,3,NUPN,INV
7928,DLCround,PT,12b,OneSafe,00,TRUE,3,NUPN,INV
7929,DLCround,PT,13a,OneSafe,00,TRUE,3,NUPN,INV
7930,DLCround,PT,13b,OneSafe,00,TRUE,3,NUPN,INV
7931,DLCshifumi,PT,2a,OneSafe,00,TRUE,3,NUPN,INV
7932,DLCshifumi,PT,2b,OneSafe,00,TRUE,3,NUPN,INV
7933,DLCshifumi,PT,3a,OneSafe,00,TRUE,3,NUPN,INV
7934,DLCshifumi,PT,3b,OneSafe,00,TRUE,3,NUPN,INV
7935,DLCshifumi,PT,4a,OneSafe,00,TRUE,3,NUPN,INV
7936,DLCshifumi,PT,4b,OneSafe,00,TRUE,2,NUPN,INV
7937,DLCshifumi,PT,5a,OneSafe,00,TRUE,3,NUPN,INV
7938,DLCshifumi,PT,5b,OneSafe,00,TRUE,2,NUPN,INV
7939,DLCshifumi,PT,6a,OneSafe,00,TRUE,3,NUPN,INV
7940,DLCshifumi,PT,6b,OneSafe,00,TRUE,2,NUPN,INV
7941,DNAwalker,PT,01track12Block1,OneSafe,00,FALSE,3,NONE,CEX
7942,DNAwalker,PT,02track12Block2,OneSafe,00,FALSE,3,NONE,CEX
7943,DNAwalker,PT,03track12BlockBoth,OneSafe,00,FALSE,3,NONE,CEX
7944,DNAwalker,PT,04track28LL,OneSafe,00,FALSE,3,NONE,CEX
7945,DNAwalker,PT,05track28LR,OneSafe,00,FALSE,3,NONE,CEX
7946,DNAwalker,PT,08ringLL,OneSafe,00,FALSE,3,NONE,CEX
7947,DNAwalker,PT,09ringLR,OneSafe,00,FALSE,3,NONE,CEX
7948,DNAwalker,PT,12ringLLLarge,OneSafe,00,FALSE,3,NONE,CEX
7949,DNAwalker,PT,14ringLRLarge,OneSafe,00,FALSE,3,NONE,CEX
7950,DNAwalker,PT,16redondantChoiceR,OneSafe,00,FALSE,3,NONE,CEX
7951,DNAwalker,PT,18lozangeBlock,OneSafe,00,FALSE,3,NONE,CEX
7952,DoubleExponent,PT,001,OneSafe,00,FALSE,3,NONE,CEX
7953,DoubleExponent,PT,002,OneSafe,00,FALSE,3,NONE,CEX
7954,DoubleExponent,PT,003,OneSafe,00,FALSE,3,NONE,CEX
7955,DoubleExponent,PT,004,OneSafe,00,FALSE,3,NONE,CEX
7956,DoubleExponent,PT,010,OneSafe,00,FALSE,3,NONE,CEX
7957,DoubleExponent,PT,020,OneSafe,00,FALSE,3,NONE,CEX
7958,DoubleExponent,PT,100,OneSafe,00,FALSE,3,NONE,CEX
7959,DoubleExponent,PT,200,OneSafe,00,FALSE,3,NONE,CEX
7960,DoubleLock,PT,p1s1,OneSafe,00,FALSE,3,NONE,CEX
7961,DoubleLock,PT,p1s2,OneSafe,00,FALSE,3,NONE,CEX
7962,DoubleLock,PT,p1s3,OneSafe,00,FALSE,3,NONE,CEX
7963,DoubleLock,PT,p2s1,OneSafe,00,FALSE,3,NONE,CEX
7964,DoubleLock,PT,p2s2,OneSafe,00,FALSE,3,NONE,CEX
7965,DoubleLock,PT,p3s1,OneSafe,00,FALSE,3,NONE,CEX
7966,DoubleLock,PT,p3s2,OneSafe,00,FALSE,3,NONE,CEX
7967,DoubleLock,PT,p3s3,OneSafe,00,FALSE,3,NONE,CEX
7968,DrinkVendingMachine,COL,02,OneSafe,00,FALSE,3,NONE,CEX
7969,DrinkVendingMachine,COL,10,OneSafe,00,FALSE,3,NONE,CEX
7970,DrinkVendingMachine,COL,16,OneSafe,00,FALSE,3,NONE,CEX
7971,DrinkVendingMachine,COL,24,OneSafe,00,FALSE,3,NONE,CEX
7972,DrinkVendingMachine,COL,48,OneSafe,00,FALSE,3,NONE,CEX
7973,DrinkVendingMachine,COL,76,OneSafe,00,FALSE,3,NONE,CEX
7974,DrinkVendingMachine,COL,98,OneSafe,00,FALSE,3,NONE,CEX
7975,DrinkVendingMachine,PT,02,OneSafe,00,TRUE,3,NONE,INV
7976,DrinkVendingMachine,PT,10,OneSafe,00,TRUE,3,NONE,INV
7977,Echo,PT,d02r09,OneSafe,00,TRUE,3,GEN,INV
7978,Echo,PT,d02r11,OneSafe,00,TRUE,3,GEN,INV
7979,Echo,PT,d02r15,OneSafe,00,TRUE,3,GEN,INV
7980,Echo,PT,d02r19,OneSafe,00,TRUE,3,GEN,INV
7981,Echo,PT,d03r03,OneSafe,00,TRUE,3,GEN,INV
7982,Echo,PT,d03r05,OneSafe,00,TRUE,3,GEN,INV
7983,Echo,PT,d03r07,OneSafe,00,TRUE,3,GEN,INV
7984,Echo,PT,d04r03,OneSafe,00,TRUE,3,GEN,INV
7985,Echo,PT,d05r03,OneSafe,00,TRUE,3,GEN,INV
7986,EGFr,PT,02010,OneSafe,00,TRUE,3,GEN,INV
7987,EGFr,PT,10420,OneSafe,00,TRUE,3,GEN,INV
7988,EGFr,PT,10421,OneSafe,00,TRUE,3,NONE,INV
7989,EisenbergMcGuire,PT,03,OneSafe,00,TRUE,3,NUPN,INV
7990,EisenbergMcGuire,PT,04,OneSafe,00,TRUE,3,NUPN,INV
7991,EisenbergMcGuire,PT,05,OneSafe,00,TRUE,3,NUPN,INV
7992,EisenbergMcGuire,PT,06,OneSafe,00,TRUE,3,NUPN,INV
7993,EisenbergMcGuire,PT,07,OneSafe,00,TRUE,3,NUPN,INV
7994,EisenbergMcGuire,PT,08,OneSafe,00,TRUE,3,NUPN,INV
7995,EisenbergMcGuire,PT,09,OneSafe,00,TRUE,3,NUPN,INV
7996,EisenbergMcGuire,PT,10,OneSafe,00,TRUE,3,NUPN,INV
7997,Election2020,PT,none,OneSafe,00,FALSE,3,NONE,CEX
7998,EnergyBus,PT,none,OneSafe,00,TRUE,3,NUPN,INV
7999,Eratosthenes,PT,010,OneSafe,00,TRUE,3,NONE,INV
8000,Eratosthenes,PT,020,OneSafe,00,TRUE,3,NONE,INV
8001,Eratosthenes,PT,050,OneSafe,00,TRUE,3,NONE,INV
8002,Eratosthenes,PT,100,OneSafe,00,TRUE,3,NONE,INV
8003,Eratosthenes,PT,200,OneSafe,00,TRUE,3,NONE,INV
8004,Eratosthenes,PT,500,OneSafe,00,TRUE,3,NONE,INV
8005,ERK,PT,000001,OneSafe,00,TRUE,3,GEN,INV
8006,ERK,PT,000010,OneSafe,00,FALSE,3,NONE,CEX
8007,ERK,PT,000100,OneSafe,00,FALSE,3,NONE,CEX
8008,ERK,PT,001000,OneSafe,00,FALSE,3,NONE,CEX
8009,ERK,PT,010000,OneSafe,00,FALSE,3,NONE,CEX
8010,ERK,PT,100000,OneSafe,00,FALSE,3,NONE,CEX
8011,ErlangenMainframeV0,PT,0404,OneSafe,00,TRUE,3,NONE,INV
8012,ErlangenMainframeV0,PT,0505,OneSafe,00,TRUE,3,NONE,INV
8013,ErlangenMainframeV0,PT,0606,OneSafe,00,TRUE,3,NONE,INV
8014,ErlangenMainframeV0,PT,0707,OneSafe,00,TRUE,3,NONE,INV
8015,ErlangenMainframeV0,PT,0808,OneSafe,00,TRUE,3,NONE,INV
8016,ErlangenMainframeV0,PT,0909,OneSafe,00,TRUE,3,NONE,INV
8017,ErlangenMainframeV0,PT,1005,OneSafe,00,TRUE,3,NONE,INV
8018,ErlangenMainframeV0,PT,1006,OneSafe,00,TRUE,3,NONE,INV
8019,ErlangenMainframeV0,PT,1007,OneSafe,00,TRUE,3,NONE,INV
8020,ErlangenMainframeV0,PT,1008,OneSafe,00,TRUE,3,NONE,INV
8021,ErlangenMainframeV0,PT,1104,OneSafe,00,TRUE,3,NONE,INV
8022,ErlangenMainframeV0,PT,1105,OneSafe,00,TRUE,3,NONE,INV
8023,ErlangenMainframeV0,PT,1106,OneSafe,00,TRUE,3,NONE,INV
8024,ErlangenMainframeV0,PT,1201,OneSafe,00,TRUE,3,NONE,INV
8025,ErlangenMainframeV0,PT,1202,OneSafe,00,TRUE,3,NONE,INV
8026,ErlangenMainframeV0,PT,1203,OneSafe,00,TRUE,3,NONE,INV
8027,ErlangenMainframeV0,PT,1204,OneSafe,00,TRUE,3,NONE,INV
8028,ErlangenMainframeV0,PT,1301,OneSafe,00,TRUE,3,NONE,INV
8029,ErlangenMainframeV0,PT,1302,OneSafe,00,TRUE,3,NONE,INV
8030,ErlangenMainframeV0,PT,1400,OneSafe,00,TRUE,3,NONE,INV
8031,FamilyReunion,COL,L00010M0001C001P001G001,OneSafe,00,FALSE,3,NONE,CEX
8032,FamilyReunion,COL,L00020M0002C001P001G001,OneSafe,00,FALSE,3,NONE,CEX
8033,FamilyReunion,COL,L00050M0005C002P002G001,OneSafe,00,FALSE,3,NONE,CEX
8034,FamilyReunion,COL,L00100M0010C005P005G002,OneSafe,00,FALSE,3,NONE,CEX
8035,FamilyReunion,COL,L00200M0020C010P010G005,OneSafe,00,FALSE,3,NONE,CEX
8036,FamilyReunion,COL,L00400M0040C020P020G001,OneSafe,00,FALSE,3,NONE,CEX
8037,FamilyReunion,COL,L00800M0080C040P040G020,OneSafe,00,FALSE,3,NONE,CEX
8038,FamilyReunion,COL,L01200M0120C060P060G030,OneSafe,00,FALSE,3,NONE,CEX
8039,FamilyReunion,COL,L03000M0300G150P150G075,OneSafe,00,FALSE,3,NONE,CEX
8040,FamilyReunion,COL,L05000M0500C250P250G125,OneSafe,00,FALSE,3,NONE,CEX
8041,FamilyReunion,COL,L08000M0800C400P400G200,OneSafe,00,FALSE,3,NONE,CEX
8042,FamilyReunion,COL,L12000M1200C600P600G300,OneSafe,00,FALSE,3,NONE,CEX
8043,FamilyReunion,PT,L00010M0001C001P001G001,OneSafe,00,FALSE,3,NONE,CEX
8044,FamilyReunion,PT,L00020M0002C001P001G001,OneSafe,00,FALSE,3,NONE,CEX
8045,FamilyReunion,PT,L00050M0005C002P002G001,OneSafe,00,FALSE,3,NONE,CEX
8046,FamilyReunion,PT,L00200M0020C010P010G005,OneSafe,00,FALSE,3,NONE,CEX
8047,FamilyReunion,PT,L00400M0040C020P020G001,OneSafe,00,FALSE,2,NONE,CEX
8048,FireWire,PT,01,OneSafe,00,TRUE,3,NONE,INV
8049,FireWire,PT,02,OneSafe,00,TRUE,3,NONE,INV
8050,FireWire,PT,03,OneSafe,00,TRUE,3,NONE,INV
8051,FireWire,PT,04,OneSafe,00,TRUE,3,NONE,INV
8052,FireWire,PT,05,OneSafe,00,TRUE,3,NONE,INV
8053,FireWire,PT,06,OneSafe,00,TRUE,3,NONE,INV
8054,FireWire,PT,07,OneSafe,00,TRUE,3,NONE,INV
8055,FireWire,PT,08,OneSafe,00,TRUE,3,NONE,INV
8056,FireWire,PT,09,OneSafe,00,TRUE,3,NONE,INV
8057,FireWire,PT,10,OneSafe,00,TRUE,3,NONE,INV
8058,FireWire,PT,11,OneSafe,00,TRUE,3,NONE,INV
8059,FireWire,PT,12,OneSafe,00,TRUE,3,NONE,INV
8060,FireWire,PT,13,OneSafe,00,TRUE,3,NONE,INV
8061,FireWire,PT,14,OneSafe,00,TRUE,3,NONE,INV
8062,FireWire,PT,15,OneSafe,00,TRUE,3,NONE,INV
8063,FireWire,PT,16,OneSafe,00,TRUE,3,NONE,INV
8064,FireWire,PT,17,OneSafe,00,TRUE,3,NONE,INV
8065,FireWire,PT,18,OneSafe,00,TRUE,3,NONE,INV
8066,FireWire,PT,19,OneSafe,00,TRUE,3,NONE,INV
8067,FireWire,PT,20,OneSafe,00,TRUE,3,NONE,INV
8068,FlexibleBarrier,PT,04a,OneSafe,00,TRUE,3,NUPN,INV
8069,FlexibleBarrier,PT,04b,OneSafe,00,TRUE,3,NUPN,INV
8070,FlexibleBarrier,PT,06a,OneSafe,00,TRUE,3,NUPN,INV
8071,FlexibleBarrier,PT,06b,OneSafe,00,TRUE,3,NUPN,INV
8072,FlexibleBarrier,PT,08a,OneSafe,00,TRUE,3,NUPN,INV
8073,FlexibleBarrier,PT,08b,OneSafe,00,TRUE,3,NUPN,INV
8074,FlexibleBarrier,PT,10a,OneSafe,00,TRUE,3,NUPN,INV
8075,FlexibleBarrier,PT,10b,OneSafe,00,TRUE,3,NUPN,INV
8076,FlexibleBarrier,PT,12a,OneSafe,00,TRUE,3,NUPN,INV
8077,FlexibleBarrier,PT,12b,OneSafe,00,TRUE,3,NUPN,INV
8078,FlexibleBarrier,PT,14a,OneSafe,00,TRUE,3,NUPN,INV
8079,FlexibleBarrier,PT,14b,OneSafe,00,TRUE,2,NUPN,INV
8080,FlexibleBarrier,PT,16a,OneSafe,00,TRUE,3,NUPN,INV
8081,FlexibleBarrier,PT,16b,OneSafe,00,TRUE,2,NUPN,INV
8082,FlexibleBarrier,PT,18a,OneSafe,00,TRUE,3,NUPN,INV
8083,FlexibleBarrier,PT,18b,OneSafe,00,TRUE,2,NUPN,INV
8084,FlexibleBarrier,PT,20a,OneSafe,00,TRUE,3,NUPN,INV
8085,FlexibleBarrier,PT,20b,OneSafe,00,TRUE,2,NUPN,INV
8086,FlexibleBarrier,PT,22a,OneSafe,00,TRUE,3,NUPN,INV
8087,FlexibleBarrier,PT,22b,OneSafe,00,TRUE,2,NUPN,INV
8088,FMS,PT,00002,OneSafe,00,FALSE,3,NONE,CEX
8089,FMS,PT,00005,OneSafe,00,FALSE,3,NONE,CEX
8090,FMS,PT,00010,OneSafe,00,FALSE,3,NONE,CEX
8091,FMS,PT,00020,OneSafe,00,FALSE,3,NONE,CEX
8092,FMS,PT,00050,OneSafe,00,FALSE,3,NONE,CEX
8093,FMS,PT,00100,OneSafe,00,FALSE,3,NONE,CEX
8094,FMS,PT,00200,OneSafe,00,FALSE,3,NONE,CEX
8095,FMS,PT,00500,OneSafe,00,FALSE,3,NONE,CEX
8096,FMS,PT,01000,OneSafe,00,FALSE,3,NONE,CEX
8097,FMS,PT,02000,OneSafe,00,FALSE,3,NONE,CEX
8098,FMS,PT,05000,OneSafe,00,FALSE,3,NONE,CEX
8099,FMS,PT,10000,OneSafe,00,FALSE,3,NONE,CEX
8100,FMS,PT,20000,OneSafe,00,FALSE,3,NONE,CEX
8101,FMS,PT,50000,OneSafe,00,FALSE,3,NONE,CEX
8102,FunctionPointer,PT,a002,OneSafe,00,FALSE,3,NONE,CEX
8103,FunctionPointer,PT,a004,OneSafe,00,FALSE,3,NONE,CEX
8104,FunctionPointer,PT,a008,OneSafe,00,FALSE,3,NONE,CEX
8105,FunctionPointer,PT,a016,OneSafe,00,FALSE,3,NONE,CEX
8106,FunctionPointer,PT,a032,OneSafe,00,FALSE,3,NONE,CEX
8107,FunctionPointer,PT,a064,OneSafe,00,FALSE,3,NONE,CEX
8108,FunctionPointer,PT,a128,OneSafe,00,FALSE,3,NONE,CEX
8109,FunctionPointer,PT,b002,OneSafe,00,FALSE,3,NONE,CEX
8110,FunctionPointer,PT,b004,OneSafe,00,FALSE,3,NONE,CEX
8111,FunctionPointer,PT,b008,OneSafe,00,FALSE,3,NONE,CEX
8112,FunctionPointer,PT,b016,OneSafe,00,FALSE,3,NONE,CEX
8113,FunctionPointer,PT,b032,OneSafe,00,FALSE,3,NONE,CEX
8114,FunctionPointer,PT,b064,OneSafe,00,FALSE,3,NONE,CEX
8115,FunctionPointer,PT,b128,OneSafe,00,FALSE,3,NONE,CEX
8116,FunctionPointer,PT,c002,OneSafe,00,FALSE,3,NONE,CEX
8117,FunctionPointer,PT,c004,OneSafe,00,FALSE,3,NONE,CEX
8118,FunctionPointer,PT,c008,OneSafe,00,FALSE,3,NONE,CEX
8119,FunctionPointer,PT,c016,OneSafe,00,FALSE,3,NONE,CEX
8120,FunctionPointer,PT,c032,OneSafe,00,FALSE,3,NONE,CEX
8121,FunctionPointer,PT,c064,OneSafe,00,FALSE,3,NONE,CEX
8122,FunctionPointer,PT,c128,OneSafe,00,FALSE,3,NONE,CEX
8123,GlobalResAllocation,COL,03,OneSafe,00,FALSE,3,NONE,CEX
8124,GlobalResAllocation,COL,05,OneSafe,00,FALSE,3,NONE,CEX
8125,GlobalResAllocation,COL,06,OneSafe,00,FALSE,3,NONE,CEX
8126,GlobalResAllocation,COL,07,OneSafe,00,FALSE,3,NONE,CEX
8127,GlobalResAllocation,COL,09,OneSafe,00,FALSE,3,NONE,CEX
8128,GlobalResAllocation,COL,10,OneSafe,00,FALSE,3,NONE,CEX
8129,GlobalResAllocation,COL,11,OneSafe,00,FALSE,3,NONE,CEX
8130,GlobalResAllocation,PT,03,OneSafe,00,FALSE,3,NONE,CEX
8131,GlobalResAllocation,PT,05,OneSafe,00,FALSE,3,NONE,CEX
8132,GPPP,PT,C0001N0000000001,OneSafe,00,FALSE,3,NONE,CEX
8133,GPPP,PT,C0001N0000000010,OneSafe,00,FALSE,3,NONE,CEX
8134,GPPP,PT,C0001N0000000100,OneSafe,00,FALSE,3,NONE,CEX
8135,GPPP,PT,C0001N0000001000,OneSafe,00,FALSE,3,NONE,CEX
8136,GPPP,PT,C0001N0000010000,OneSafe,00,FALSE,3,NONE,CEX
8137,GPPP,PT,C0001N0000100000,OneSafe,00,FALSE,3,NONE,CEX
8138,GPPP,PT,C0010N0000000010,OneSafe,00,FALSE,3,NONE,CEX
8139,GPPP,PT,C0010N0000000100,OneSafe,00,FALSE,3,NONE,CEX
8140,GPPP,PT,C0010N1000000000,OneSafe,00,FALSE,3,NONE,CEX
8141,GPPP,PT,C0100N0000000010,OneSafe,00,FALSE,3,NONE,CEX
8142,GPPP,PT,C0100N0000000100,OneSafe,00,FALSE,3,NONE,CEX
8143,GPPP,PT,C0100N0000001000,OneSafe,00,FALSE,3,NONE,CEX
8144,GPPP,PT,C0100N0000010000,OneSafe,00,FALSE,3,NONE,CEX
8145,GPPP,PT,C0100N0000100000,OneSafe,00,FALSE,3,NONE,CEX
8146,GPPP,PT,C1000N0000000010,OneSafe,00,FALSE,3,NONE,CEX
8147,GPPP,PT,C1000N0000000100,OneSafe,00,FALSE,3,NONE,CEX
8148,GPPP,PT,C1000N0000001000,OneSafe,00,FALSE,3,NONE,CEX
8149,GPUForwardProgress,PT,04a,OneSafe,00,TRUE,3,NUPN,INV
8150,GPUForwardProgress,PT,04b,OneSafe,00,TRUE,3,NUPN,INV
8151,GPUForwardProgress,PT,08a,OneSafe,00,TRUE,3,NUPN,INV
8152,GPUForwardProgress,PT,08b,OneSafe,00,TRUE,3,NUPN,INV
8153,GPUForwardProgress,PT,12a,OneSafe,00,TRUE,3,NUPN,INV
8154,GPUForwardProgress,PT,12b,OneSafe,00,TRUE,3,NUPN,INV
8155,GPUForwardProgress,PT,16a,OneSafe,00,TRUE,3,NUPN,INV
8156,GPUForwardProgress,PT,16b,OneSafe,00,TRUE,3,NUPN,INV
8157,GPUForwardProgress,PT,20a,OneSafe,00,TRUE,3,NUPN,INV
8158,GPUForwardProgress,PT,20b,OneSafe,00,TRUE,3,NUPN,INV
8159,GPUForwardProgress,PT,24a,OneSafe,00,TRUE,3,NUPN,INV
8160,GPUForwardProgress,PT,24b,OneSafe,00,TRUE,3,NUPN,INV
8161,GPUForwardProgress,PT,28a,OneSafe,00,TRUE,3,NUPN,INV
8162,GPUForwardProgress,PT,28b,OneSafe,00,TRUE,3,NUPN,INV
8163,GPUForwardProgress,PT,32a,OneSafe,00,TRUE,3,NUPN,INV
8164,GPUForwardProgress,PT,32b,OneSafe,00,TRUE,3,NUPN,INV
8165,GPUForwardProgress,PT,36a,OneSafe,00,TRUE,3,NUPN,INV
8166,GPUForwardProgress,PT,36b,OneSafe,00,TRUE,3,NUPN,INV
8167,GPUForwardProgress,PT,40a,OneSafe,00,TRUE,3,NUPN,INV
8168,GPUForwardProgress,PT,40b,OneSafe,00,TRUE,3,NUPN,INV
8169,HealthRecord,PT,01,OneSafe,00,TRUE,3,NUPN,INV
8170,HealthRecord,PT,02,OneSafe,00,TRUE,3,NUPN,INV
8171,HealthRecord,PT,03,OneSafe,00,TRUE,3,NUPN,INV
8172,HealthRecord,PT,04,OneSafe,00,TRUE,3,NUPN,INV
8173,HealthRecord,PT,05,OneSafe,00,TRUE,3,NUPN,INV
8174,HealthRecord,PT,06,OneSafe,00,TRUE,3,NUPN,INV
8175,HealthRecord,PT,07,OneSafe,00,TRUE,3,NUPN,INV
8176,HealthRecord,PT,08,OneSafe,00,TRUE,3,NUPN,INV
8177,HealthRecord,PT,09,OneSafe,00,TRUE,3,NUPN,INV
8178,HealthRecord,PT,10,OneSafe,00,TRUE,3,NUPN,INV
8179,HealthRecord,PT,11,OneSafe,00,TRUE,3,NUPN,INV
8180,HealthRecord,PT,12,OneSafe,00,TRUE,3,NUPN,INV
8181,HealthRecord,PT,13,OneSafe,00,TRUE,3,NUPN,INV
8182,HealthRecord,PT,14,OneSafe,00,TRUE,3,NUPN,INV
8183,HealthRecord,PT,15,OneSafe,00,TRUE,3,NUPN,INV
8184,HealthRecord,PT,16,OneSafe,00,TRUE,3,NUPN,INV
8185,HealthRecord,PT,17,OneSafe,00,TRUE,3,NUPN,INV
8186,HexagonalGrid,PT,110,OneSafe,00,FALSE,3,NONE,CEX
8187,HexagonalGrid,PT,126,OneSafe,00,FALSE,3,NONE,CEX
8188,HexagonalGrid,PT,226,OneSafe,00,FALSE,3,NONE,CEX
8189,HexagonalGrid,PT,316,OneSafe,00,FALSE,3,NONE,CEX
8190,HexagonalGrid,PT,410,OneSafe,00,FALSE,3,NONE,CEX
8191,HexagonalGrid,PT,516,OneSafe,00,FALSE,3,NONE,CEX
8192,HexagonalGrid,PT,816,OneSafe,00,FALSE,3,NONE,CEX
8193,HirschbergSinclair,PT,05,OneSafe,00,FALSE,3,NONE,CEX
8194,HirschbergSinclair,PT,10,OneSafe,00,FALSE,3,NONE,CEX
8195,HirschbergSinclair,PT,15,OneSafe,00,FALSE,3,NONE,CEX
8196,HirschbergSinclair,PT,20,OneSafe,00,FALSE,3,NONE,CEX
8197,HirschbergSinclair,PT,25,OneSafe,00,FALSE,3,NONE,CEX
8198,HirschbergSinclair,PT,30,OneSafe,00,FALSE,3,NONE,CEX
8199,HirschbergSinclair,PT,35,OneSafe,00,FALSE,3,NONE,CEX
8200,HirschbergSinclair,PT,40,OneSafe,00,FALSE,3,NONE,CEX
8201,HirschbergSinclair,PT,45,OneSafe,00,FALSE,3,NONE,CEX
8202,HirschbergSinclair,PT,50,OneSafe,00,FALSE,3,NONE,CEX
8203,HospitalTriage,PT,none,OneSafe,00,FALSE,3,NONE,CEX
8204,HouseConstruction,PT,00002,OneSafe,00,FALSE,3,NONE,CEX
8205,HouseConstruction,PT,00005,OneSafe,00,FALSE,3,NONE,CEX
8206,HouseConstruction,PT,00010,OneSafe,00,FALSE,3,NONE,CEX
8207,HouseConstruction,PT,00020,OneSafe,00,FALSE,3,NONE,CEX
8208,HouseConstruction,PT,00050,OneSafe,00,FALSE,3,NONE,CEX
8209,HouseConstruction,PT,00100,OneSafe,00,FALSE,3,NONE,CEX
8210,HouseConstruction,PT,00200,OneSafe,00,FALSE,3,NONE,CEX
8211,HouseConstruction,PT,00500,OneSafe,00,FALSE,3,NONE,CEX
8212,HouseConstruction,PT,01000,OneSafe,00,FALSE,3,NONE,CEX
8213,HouseConstruction,PT,02000,OneSafe,00,FALSE,3,NONE,CEX
8214,HouseConstruction,PT,04000,OneSafe,00,FALSE,3,NONE,CEX
8215,HouseConstruction,PT,08000,OneSafe,00,FALSE,3,NONE,CEX
8216,HouseConstruction,PT,16000,OneSafe,00,FALSE,3,NONE,CEX
8217,HouseConstruction,PT,32000,OneSafe,00,FALSE,3,NONE,CEX
8218,HypercubeGrid,PT,C3K4P4B12,OneSafe,00,FALSE,3,NONE,CEX
8219,HypercubeGrid,PT,C4K3P3B12,OneSafe,00,FALSE,3,NONE,CEX
8220,HypercubeGrid,PT,C5K3P3B15,OneSafe,00,FALSE,3,NONE,CEX
8221,HypertorusGrid,PT,d2k1p8b00,OneSafe,00,FALSE,3,NONE,CEX
8222,HypertorusGrid,PT,d2k2p1b00,OneSafe,00,FALSE,3,NONE,CEX
8223,HypertorusGrid,PT,d2k3p2b04,OneSafe,00,FALSE,3,NONE,CEX
8224,HypertorusGrid,PT,d3k3p2b06,OneSafe,00,FALSE,3,NONE,CEX
8225,HypertorusGrid,PT,d4k3p2b08,OneSafe,00,FALSE,3,NONE,CEX
8226,HypertorusGrid,PT,d5k3p2b10,OneSafe,00,FALSE,3,NONE,CEX
8227,IBM319,PT,none,OneSafe,00,TRUE,3,GEN,INV
8228,IBM5964,PT,none,OneSafe,00,FALSE,3,NONE,CEX
8229,IBM703,PT,none,OneSafe,00,TRUE,3,GEN,INV
8230,IBMB2S565S3960,PT,none,OneSafe,00,FALSE,3,NONE,CEX
8231,IOTPpurchase,PT,C01M01P01D01,OneSafe,00,TRUE,3,GEN,INV
8232,IOTPpurchase,PT,C03M03P03D03,OneSafe,00,FALSE,3,NONE,CEX
8233,IOTPpurchase,PT,C05M04P03D02,OneSafe,00,FALSE,3,NONE,CEX
8234,IOTPpurchase,PT,C12M10P15D17,OneSafe,00,FALSE,3,NONE,CEX
8235,JoinFreeModules,PT,0003,OneSafe,00,FALSE,3,NONE,CEX
8236,JoinFreeModules,PT,0004,OneSafe,00,FALSE,3,NONE,CEX
8237,JoinFreeModules,PT,0005,OneSafe,00,FALSE,3,NONE,CEX
8238,JoinFreeModules,PT,0010,OneSafe,00,FALSE,3,NONE,CEX
8239,JoinFreeModules,PT,0020,OneSafe,00,FALSE,3,NONE,CEX
8240,JoinFreeModules,PT,0050,OneSafe,00,FALSE,3,NONE,CEX
8241,JoinFreeModules,PT,0100,OneSafe,00,FALSE,3,NONE,CEX
8242,JoinFreeModules,PT,0200,OneSafe,00,FALSE,3,NONE,CEX
8243,JoinFreeModules,PT,0500,OneSafe,00,FALSE,3,NONE,CEX
8244,JoinFreeModules,PT,1000,OneSafe,00,FALSE,3,NONE,CEX
8245,JoinFreeModules,PT,2000,OneSafe,00,FALSE,3,NONE,CEX
8246,JoinFreeModules,PT,5000,OneSafe,00,FALSE,3,NONE,CEX
8247,Kanban,PT,00005,OneSafe,00,FALSE,3,NONE,CEX
8248,Kanban,PT,00010,OneSafe,00,FALSE,3,NONE,CEX
8249,Kanban,PT,00020,OneSafe,00,FALSE,3,NONE,CEX
8250,Kanban,PT,00050,OneSafe,00,FALSE,3,NONE,CEX
8251,Kanban,PT,00100,OneSafe,00,FALSE,3,NONE,CEX
8252,Kanban,PT,00200,OneSafe,00,FALSE,3,NONE,CEX
8253,Kanban,PT,00500,OneSafe,00,FALSE,3,NONE,CEX
8254,Kanban,PT,01000,OneSafe,00,FALSE,3,NONE,CEX
8255,Kanban,PT,02000,OneSafe,00,FALSE,3,NONE,CEX
8256,Kanban,PT,05000,OneSafe,00,FALSE,3,NONE,CEX
8257,Kanban,PT,10000,OneSafe,00,FALSE,3,NONE,CEX
8258,Kanban,PT,20000,OneSafe,00,FALSE,3,NONE,CEX
8259,Kanban,PT,50000,OneSafe,00,FALSE,3,NONE,CEX
8260,LamportFastMutEx,COL,2,OneSafe,00,FALSE,3,NONE,CEX
8261,LamportFastMutEx,COL,3,OneSafe,00,FALSE,3,NONE,CEX
8262,LamportFastMutEx,COL,4,OneSafe,00,FALSE,3,NONE,CEX
8263,LamportFastMutEx,COL,5,OneSafe,00,FALSE,3,NONE,CEX
8264,LamportFastMutEx,COL,6,OneSafe,00,FALSE,3,NONE,CEX
8265,LamportFastMutEx,COL,7,OneSafe,00,FALSE,3,NONE,CEX
8266,LamportFastMutEx,COL,8,OneSafe,00,FALSE,3,NONE,CEX
8267,LamportFastMutEx,PT,2,OneSafe,00,TRUE,3,GEN,INV
8268,LamportFastMutEx,PT,3,OneSafe,00,TRUE,3,GEN,INV
8269,LamportFastMutEx,PT,4,OneSafe,00,TRUE,3,GEN,INV
8270,LamportFastMutEx,PT,5,OneSafe,00,TRUE,3,GEN,INV
8271,LamportFastMutEx,PT,6,OneSafe,00,TRUE,3,GEN,INV
8272,LamportFastMutEx,PT,7,OneSafe,00,TRUE,3,GEN,INV
8273,LamportFastMutEx,PT,8,OneSafe,00,TRUE,3,GEN,INV
8274,LeafsetExtension,PT,S08C2,OneSafe,00,FALSE,3,NONE,CEX
8275,LeafsetExtension,PT,S08C3,OneSafe,00,FALSE,3,NONE,CEX
8276,LeafsetExtension,PT,S08C4,OneSafe,00,FALSE,3,NONE,CEX
8277,LeafsetExtension,PT,S16C2,OneSafe,00,FALSE,3,NONE,CEX
8278,LeafsetExtension,PT,S16C3,OneSafe,00,FALSE,3,NONE,CEX
8279,LeafsetExtension,PT,S16C4,OneSafe,00,FALSE,3,NONE,CEX
8280,LeafsetExtension,PT,S32C2,OneSafe,00,FALSE,3,NONE,CEX
8281,LeafsetExtension,PT,S32C3,OneSafe,00,FALSE,3,NONE,CEX
8282,LeafsetExtension,PT,S32C4,OneSafe,00,FALSE,3,NONE,CEX
8283,LeafsetExtension,PT,S64C2,OneSafe,00,FALSE,3,NONE,CEX
8284,LeafsetExtension,PT,S64C3,OneSafe,00,FALSE,3,NONE,CEX
8285,LeafsetExtension,PT,S64C4,OneSafe,00,FALSE,3,NONE,CEX
8286,MAPK,PT,00008,OneSafe,00,FALSE,3,NONE,CEX
8287,MAPK,PT,00020,OneSafe,00,FALSE,3,NONE,CEX
8288,MAPK,PT,00040,OneSafe,00,FALSE,3,NONE,CEX
8289,MAPK,PT,00080,OneSafe,00,FALSE,3,NONE,CEX
8290,MAPK,PT,00160,OneSafe,00,FALSE,3,NONE,CEX
8291,MAPK,PT,00320,OneSafe,00,FALSE,3,NONE,CEX
8292,MAPK,PT,00640,OneSafe,00,FALSE,3,NONE,CEX
8293,MAPK,PT,01280,OneSafe,00,FALSE,3,NONE,CEX
8294,MAPK,PT,02560,OneSafe,00,FALSE,3,NONE,CEX
8295,MAPK,PT,05120,OneSafe,00,FALSE,3,NONE,CEX
8296,MAPK,PT,10240,OneSafe,00,FALSE,3,NONE,CEX
8297,MAPKbis,PT,5310,OneSafe,00,TRUE,3,GEN,INV
8298,MAPKbis,PT,5320,OneSafe,00,TRUE,3,GEN,INV
8299,Medical,PT,02,OneSafe,00,FALSE,3,NONE,CEX
8300,Medical,PT,04,OneSafe,00,FALSE,3,NONE,CEX
8301,Medical,PT,06,OneSafe,00,FALSE,3,NONE,CEX
8302,Medical,PT,08,OneSafe,00,FALSE,3,NONE,CEX
8303,Medical,PT,10,OneSafe,00,FALSE,3,NONE,CEX
8304,Medical,PT,12,OneSafe,00,FALSE,3,NONE,CEX
8305,Medical,PT,14,OneSafe,00,FALSE,3,NONE,CEX
8306,Medical,PT,16,OneSafe,00,FALSE,3,NONE,CEX
8307,Medical,PT,18,OneSafe,00,FALSE,3,NONE,CEX
8308,Medical,PT,20,OneSafe,00,FALSE,3,NONE,CEX
8309,Medical,PT,22,OneSafe,00,FALSE,3,NONE,CEX
8310,Medical,PT,24,OneSafe,00,FALSE,3,NONE,CEX
8311,MedleyA,PT,01,OneSafe,00,TRUE,3,NONE,INV
8312,MedleyA,PT,02,OneSafe,00,TRUE,3,NONE,INV
8313,MedleyA,PT,03,OneSafe,00,TRUE,3,NONE,INV
8314,MedleyA,PT,04,OneSafe,00,TRUE,3,NONE,INV
8315,MedleyA,PT,05,OneSafe,00,TRUE,3,NONE,INV
8316,MedleyA,PT,06,OneSafe,00,TRUE,3,NONE,INV
8317,MedleyA,PT,07,OneSafe,00,TRUE,3,NONE,INV
8318,MedleyA,PT,08,OneSafe,00,TRUE,3,NONE,INV
8319,MedleyA,PT,09,OneSafe,00,TRUE,3,NONE,INV
8320,MedleyA,PT,10,OneSafe,00,TRUE,3,NONE,INV
8321,MedleyA,PT,11,OneSafe,00,TRUE,3,NONE,INV
8322,MedleyA,PT,12,OneSafe,00,TRUE,3,NONE,INV
8323,MedleyA,PT,13,OneSafe,00,TRUE,3,NONE,INV
8324,MedleyA,PT,14,OneSafe,00,TRUE,3,NONE,INV
8325,MedleyA,PT,15,OneSafe,00,TRUE,3,NONE,INV
8326,MedleyA,PT,16,OneSafe,00,TRUE,3,NONE,INV
8327,MedleyA,PT,17,OneSafe,00,TRUE,3,NONE,INV
8328,MedleyA,PT,18,OneSafe,00,TRUE,3,NONE,INV
8329,MedleyA,PT,19,OneSafe,00,TRUE,3,NONE,INV
8330,MedleyA,PT,20,OneSafe,00,TRUE,3,NONE,INV
8331,MedleyA,PT,21,OneSafe,00,TRUE,3,NONE,INV
8332,MedleyA,PT,22,OneSafe,00,TRUE,3,NONE,INV
8333,MedleyA,PT,23,OneSafe,00,TRUE,3,NONE,INV
8334,MedleyB,PT,B01,OneSafe,00,TRUE,3,NONE,INV
8335,MedleyB,PT,B02,OneSafe,00,TRUE,3,NONE,INV
8336,MedleyB,PT,B03,OneSafe,00,TRUE,3,NONE,INV
8337,MedleyB,PT,B04,OneSafe,00,TRUE,3,NONE,INV
8338,MedleyB,PT,B05,OneSafe,00,TRUE,3,NONE,INV
8339,MedleyB,PT,B06,OneSafe,00,TRUE,3,NONE,INV
8340,MedleyB,PT,B07,OneSafe,00,TRUE,3,NONE,INV
8341,MedleyB,PT,B08,OneSafe,00,TRUE,3,NONE,INV
8342,MedleyB,PT,B09,OneSafe,00,TRUE,3,NONE,INV
8343,MedleyB,PT,B10,OneSafe,00,TRUE,3,NONE,INV
8344,MedleyB,PT,B11,OneSafe,00,TRUE,2,NONE,INV
8345,MedleyB,PT,B12,OneSafe,00,TRUE,2,NONE,INV
8346,MedleyB,PT,B13,OneSafe,00,TRUE,2,NONE,INV
8347,MultiCrashLeafsetExtension,PT,S16C02,OneSafe,00,FALSE,3,NONE,CEX
8348,MultiCrashLeafsetExtension,PT,S16C03,OneSafe,00,FALSE,3,NONE,CEX
8349,MultiCrashLeafsetExtension,PT,S16C04,OneSafe,00,FALSE,3,NONE,CEX
8350,MultiCrashLeafsetExtension,PT,S16C05,OneSafe,00,FALSE,3,NONE,CEX
8351,MultiCrashLeafsetExtension,PT,S16C06,OneSafe,00,FALSE,3,NONE,CEX
8352,MultiCrashLeafsetExtension,PT,S16C07,OneSafe,00,FALSE,3,NONE,CEX
8353,MultiCrashLeafsetExtension,PT,S16C08,OneSafe,00,FALSE,3,NONE,CEX
8354,MultiCrashLeafsetExtension,PT,S24C02,OneSafe,00,FALSE,3,NONE,CEX
8355,MultiCrashLeafsetExtension,PT,S24C03,OneSafe,00,FALSE,3,NONE,CEX
8356,MultiCrashLeafsetExtension,PT,S24C04,OneSafe,00,FALSE,3,NONE,CEX
8357,MultiCrashLeafsetExtension,PT,S24C05,OneSafe,00,FALSE,3,NONE,CEX
8358,MultiCrashLeafsetExtension,PT,S24C06,OneSafe,00,FALSE,3,NONE,CEX
8359,MultiCrashLeafsetExtension,PT,S24C07,OneSafe,00,FALSE,3,NONE,CEX
8360,MultiCrashLeafsetExtension,PT,S24C08,OneSafe,00,FALSE,3,NONE,CEX
8361,MultiCrashLeafsetExtension,PT,S24C09,OneSafe,00,FALSE,3,NONE,CEX
8362,MultiCrashLeafsetExtension,PT,S24C10,OneSafe,00,FALSE,3,NONE,CEX
8363,MultiCrashLeafsetExtension,PT,S24C11,OneSafe,00,FALSE,3,NONE,CEX
8364,MultiCrashLeafsetExtension,PT,S24C12,OneSafe,00,FALSE,3,NONE,CEX
8365,MultiCrashLeafsetExtension,PT,S32C02,OneSafe,00,FALSE,3,NONE,CEX
8366,MultiCrashLeafsetExtension,PT,S32C03,OneSafe,00,FALSE,3,NONE,CEX
8367,MultiCrashLeafsetExtension,PT,S32C04,OneSafe,00,FALSE,3,NONE,CEX
8368,MultiCrashLeafsetExtension,PT,S32C05,OneSafe,00,FALSE,3,NONE,CEX
8369,MultiCrashLeafsetExtension,PT,S32C06,OneSafe,00,FALSE,3,NONE,CEX
8370,MultiCrashLeafsetExtension,PT,S32C07,OneSafe,00,FALSE,3,NONE,CEX
8371,MultiCrashLeafsetExtension,PT,S32C08,OneSafe,00,FALSE,3,NONE,CEX
8372,MultiCrashLeafsetExtension,PT,S32C09,OneSafe,00,FALSE,3,NONE,CEX
8373,MultiCrashLeafsetExtension,PT,S32C10,OneSafe,00,FALSE,3,NONE,CEX
8374,MultiCrashLeafsetExtension,PT,S32C11,OneSafe,00,FALSE,3,NONE,CEX
8375,MultiCrashLeafsetExtension,PT,S32C12,OneSafe,00,FALSE,3,NONE,CEX
8376,MultiwaySync,PT,none,OneSafe,00,TRUE,3,NUPN,INV
8377,Murphy,COL,D1N010,OneSafe,00,FALSE,3,NONE,CEX
8378,Murphy,COL,D2N050,OneSafe,00,FALSE,3,NONE,CEX
8379,Murphy,COL,D2N100,OneSafe,00,FALSE,3,NONE,CEX
8380,Murphy,COL,D3N050,OneSafe,00,FALSE,3,NONE,CEX
8381,Murphy,COL,D4N025,OneSafe,00,FALSE,3,NONE,CEX
8382,Murphy,COL,D4N050,OneSafe,00,FALSE,3,NONE,CEX
8383,Murphy,PT,D1N010,OneSafe,00,FALSE,3,NONE,CEX
8384,Murphy,PT,D2N050,OneSafe,00,FALSE,3,NONE,CEX
8385,Murphy,PT,D2N100,OneSafe,00,FALSE,3,NONE,CEX
8386,Murphy,PT,D3N050,OneSafe,00,FALSE,3,NONE,CEX
8387,Murphy,PT,D4N025,OneSafe,00,FALSE,3,NONE,CEX
8388,Murphy,PT,D4N050,OneSafe,00,FALSE,3,NONE,CEX
8389,NeighborGrid,PT,d2n3m1c12,OneSafe,00,FALSE,3,NONE,CEX
8390,NeighborGrid,PT,d2n3m1t12,OneSafe,00,FALSE,3,NONE,CEX
8391,NeighborGrid,PT,d3n3m1t11,OneSafe,00,FALSE,3,NONE,CEX
8392,NeighborGrid,PT,d4n3m2c23,OneSafe,00,FALSE,3,NONE,CEX
8393,NeighborGrid,PT,d5n4m1t35,OneSafe,00,FALSE,3,NONE,CEX
8394,NeoElection,COL,2,OneSafe,00,FALSE,3,NONE,CEX
8395,NeoElection,COL,3,OneSafe,00,FALSE,3,NONE,CEX
8396,NeoElection,COL,4,OneSafe,00,FALSE,3,NONE,CEX
8397,NeoElection,COL,5,OneSafe,00,FALSE,3,NONE,CEX
8398,NeoElection,COL,6,OneSafe,00,FALSE,3,NONE,CEX
8399,NeoElection,COL,7,OneSafe,00,FALSE,3,NONE,CEX
8400,NeoElection,COL,8,OneSafe,00,FALSE,3,NONE,CEX
8401,NeoElection,PT,2,OneSafe,00,TRUE,3,GEN,INV
8402,NeoElection,PT,3,OneSafe,00,TRUE,3,GEN,INV
8403,NeoElection,PT,4,OneSafe,00,TRUE,3,GEN,INV
8404,NeoElection,PT,5,OneSafe,00,TRUE,3,GEN,INV
8405,NeoElection,PT,6,OneSafe,00,TRUE,3,GEN,INV
8406,NeoElection,PT,7,OneSafe,00,TRUE,3,GEN,INV
8407,NeoElection,PT,8,OneSafe,00,TRUE,3,GEN,INV
8408,NoC3x3,PT,1A,OneSafe,00,TRUE,3,NUPN,INV
8409,NoC3x3,PT,1B,OneSafe,00,TRUE,3,NUPN,INV
8410,NoC3x3,PT,2A,OneSafe,00,TRUE,3,NUPN,INV
8411,NoC3x3,PT,2B,OneSafe,00,TRUE,3,NUPN,INV
8412,NoC3x3,PT,3A,OneSafe,00,TRUE,3,NUPN,INV
8413,NoC3x3,PT,3B,OneSafe,00,TRUE,3,NUPN,INV
8414,NoC3x3,PT,4A,OneSafe,00,TRUE,3,NUPN,INV
8415,NoC3x3,PT,4B,OneSafe,00,TRUE,3,NUPN,INV
8416,NoC3x3,PT,5A,OneSafe,00,TRUE,3,NUPN,INV
8417,NoC3x3,PT,5B,OneSafe,00,TRUE,3,NUPN,INV
8418,NoC3x3,PT,6A,OneSafe,00,TRUE,3,NUPN,INV
8419,NoC3x3,PT,6B,OneSafe,00,TRUE,3,NUPN,INV
8420,NoC3x3,PT,7A,OneSafe,00,TRUE,3,NUPN,INV
8421,NoC3x3,PT,7B,OneSafe,00,TRUE,2,NUPN,INV
8422,NoC3x3,PT,8A,OneSafe,00,TRUE,3,NUPN,INV
8423,NoC3x3,PT,8B,OneSafe,00,TRUE,2,NUPN,INV
8424,NQueens,PT,05,OneSafe,00,TRUE,3,GEN,INV
8425,NQueens,PT,08,OneSafe,00,TRUE,3,GEN,INV
8426,NQueens,PT,10,OneSafe,00,TRUE,3,GEN,INV
8427,NQueens,PT,12,OneSafe,00,TRUE,3,GEN,INV
8428,NQueens,PT,15,OneSafe,00,TRUE,3,GEN,INV
8429,NQueens,PT,20,OneSafe,00,TRUE,3,GEN,INV
8430,NQueens,PT,25,OneSafe,00,TRUE,3,GEN,INV
8431,NQueens,PT,30,OneSafe,00,TRUE,3,GEN,INV
8432,PaceMaker,PT,none,OneSafe,00,FALSE,3,NONE,CEX
8433,ParamProductionCell,PT,0,OneSafe,00,TRUE,3,GEN,INV
8434,ParamProductionCell,PT,1,OneSafe,00,TRUE,3,GEN,INV
8435,ParamProductionCell,PT,2,OneSafe,00,TRUE,3,GEN,INV
8436,ParamProductionCell,PT,3,OneSafe,00,TRUE,3,GEN,INV
8437,ParamProductionCell,PT,4,OneSafe,00,TRUE,3,GEN,INV
8438,ParamProductionCell,PT,5,OneSafe,00,TRUE,3,GEN,INV
8439,Parking,PT,104,OneSafe,00,TRUE,3,NUPN,INV
8440,Parking,PT,208,OneSafe,00,TRUE,3,NUPN,INV
8441,Parking,PT,416,OneSafe,00,TRUE,3,NUPN,INV
8442,Parking,PT,432,OneSafe,00,TRUE,3,NUPN,INV
8443,Parking,PT,832,OneSafe,00,TRUE,3,NUPN,INV
8444,Parking,PT,864,OneSafe,00,TRUE,3,NUPN,INV
8445,PermAdmissibility,COL,01,OneSafe,00,FALSE,3,NONE,CEX
8446,PermAdmissibility,COL,02,OneSafe,00,FALSE,3,NONE,CEX
8447,PermAdmissibility,COL,05,OneSafe,00,FALSE,3,NONE,CEX
8448,PermAdmissibility,COL,10,OneSafe,00,FALSE,3,NONE,CEX
8449,PermAdmissibility,COL,20,OneSafe,00,FALSE,3,NONE,CEX
8450,PermAdmissibility,COL,50,OneSafe,00,FALSE,3,NONE,CEX
8451,PermAdmissibility,PT,01,OneSafe,00,TRUE,3,NONE,INV
8452,PermAdmissibility,PT,02,OneSafe,00,FALSE,3,NONE,CEX
8453,PermAdmissibility,PT,05,OneSafe,00,FALSE,3,NONE,CEX
8454,PermAdmissibility,PT,10,OneSafe,00,FALSE,3,NONE,CEX
8455,PermAdmissibility,PT,20,OneSafe,00,FALSE,3,NONE,CEX
8456,PermAdmissibility,PT,50,OneSafe,00,FALSE,3,NONE,CEX
8457,Peterson,COL,2,OneSafe,00,FALSE,3,NONE,CEX
8458,Peterson,COL,3,OneSafe,00,FALSE,3,NONE,CEX
8459,Peterson,COL,4,OneSafe,00,FALSE,3,NONE,CEX
8460,Peterson,COL,5,OneSafe,00,FALSE,3,NONE,CEX
8461,Peterson,COL,6,OneSafe,00,FALSE,3,NONE,CEX
8462,Peterson,COL,7,OneSafe,00,FALSE,3,NONE,CEX
8463,Peterson,PT,2,OneSafe,00,TRUE,3,GEN,INV
8464,Peterson,PT,3,OneSafe,00,TRUE,3,GEN,INV
8465,Peterson,PT,4,OneSafe,00,TRUE,3,GEN,INV
8466,Peterson,PT,5,OneSafe,00,TRUE,3,GEN,INV
8467,Peterson,PT,6,OneSafe,00,TRUE,3,GEN,INV
8468,Peterson,PT,7,OneSafe,00,TRUE,3,GEN,INV
8469,PGCD,COL,D02N005,OneSafe,00,FALSE,3,NONE,CEX
8470,PGCD,COL,D02N006,OneSafe,00,FALSE,3,NONE,CEX
8471,PGCD,COL,D02N100,OneSafe,00,FALSE,3,NONE,CEX
8472,PGCD,COL,D03N050,OneSafe,00,FALSE,3,NONE,CEX
8473,PGCD,COL,D04N025,OneSafe,00,FALSE,3,NONE,CEX
8474,PGCD,COL,D04N050,OneSafe,00,FALSE,3,NONE,CEX
8475,PGCD,COL,D05N025,OneSafe,00,FALSE,3,NONE,CEX
8476,PGCD,PT,D02N005,OneSafe,00,FALSE,3,NONE,CEX
8477,PGCD,PT,D02N006,OneSafe,00,FALSE,3,NONE,CEX
8478,PGCD,PT,D02N100,OneSafe,00,FALSE,3,NONE,CEX
8479,PGCD,PT,D03N050,OneSafe,00,FALSE,3,NONE,CEX
8480,PGCD,PT,D04N025,OneSafe,00,FALSE,3,NONE,CEX
8481,PGCD,PT,D04N050,OneSafe,00,FALSE,3,NONE,CEX
8482,PGCD,PT,D05N025,OneSafe,00,FALSE,3,NONE,CEX
8483,PhaseVariation,PT,D02CS010,OneSafe,00,FALSE,3,NONE,CEX
8484,PhaseVariation,PT,D02CS100,OneSafe,00,FALSE,3,NONE,CEX
8485,PhaseVariation,PT,D05CS010,OneSafe,00,FALSE,3,NONE,CEX
8486,PhaseVariation,PT,D05CS100,OneSafe,00,FALSE,3,NONE,CEX
8487,PhaseVariation,PT,D10CS010,OneSafe,00,FALSE,3,NONE,CEX
8488,PhaseVariation,PT,D10CS100,OneSafe,00,FALSE,3,NONE,CEX
8489,PhaseVariation,PT,D20CS010,OneSafe,00,FALSE,3,NONE,CEX
8490,PhaseVariation,PT,D20CS100,OneSafe,00,FALSE,3,NONE,CEX
8491,PhaseVariation,PT,D30CS010,OneSafe,00,FALSE,3,NONE,CEX
8492,PhaseVariation,PT,D30CS100,OneSafe,00,FALSE,3,NONE,CEX
8493,Philosophers,COL,000005,OneSafe,00,FALSE,3,NONE,CEX
8494,Philosophers,COL,000010,OneSafe,00,FALSE,3,NONE,CEX
8495,Philosophers,COL,000020,OneSafe,00,FALSE,3,NONE,CEX
8496,Philosophers,COL,000050,OneSafe,00,FALSE,3,NONE,CEX
8497,Philosophers,COL,000100,OneSafe,00,FALSE,3,NONE,CEX
8498,Philosophers,COL,000200,OneSafe,00,FALSE,3,NONE,CEX
8499,Philosophers,COL,000500,OneSafe,00,FALSE,3,NONE,CEX
8500,Philosophers,COL,001000,OneSafe,00,FALSE,3,NONE,CEX
8501,Philosophers,COL,002000,OneSafe,00,FALSE,3,NONE,CEX
8502,Philosophers,COL,005000,OneSafe,00,FALSE,3,NONE,CEX
8503,Philosophers,COL,010000,OneSafe,00,FALSE,3,NONE,CEX
8504,Philosophers,COL,050000,OneSafe,00,FALSE,3,NONE,CEX
8505,Philosophers,COL,100000,OneSafe,00,FALSE,3,NONE,CEX
8506,Philosophers,PT,000005,OneSafe,00,TRUE,3,GEN,INV
8507,Philosophers,PT,000010,OneSafe,00,TRUE,3,GEN,INV
8508,Philosophers,PT,000020,OneSafe,00,TRUE,3,GEN,INV
8509,Philosophers,PT,000050,OneSafe,00,TRUE,3,GEN,INV
8510,Philosophers,PT,000100,OneSafe,00,TRUE,3,GEN,INV
8511,Philosophers,PT,000200,OneSafe,00,TRUE,3,GEN,INV
8512,Philosophers,PT,000500,OneSafe,00,TRUE,3,GEN,INV
8513,Philosophers,PT,001000,OneSafe,00,TRUE,3,GEN,INV
8514,Philosophers,PT,002000,OneSafe,00,TRUE,3,GEN,INV
8515,Philosophers,PT,005000,OneSafe,00,TRUE,2,NONE,INV
8516,Philosophers,PT,010000,OneSafe,00,TRUE,2,NONE,INV
8517,PhilosophersDyn,COL,03,OneSafe,00,FALSE,3,NONE,CEX
8518,PhilosophersDyn,COL,10,OneSafe,00,FALSE,3,NONE,CEX
8519,PhilosophersDyn,COL,20,OneSafe,00,FALSE,3,NONE,CEX
8520,PhilosophersDyn,COL,50,OneSafe,00,FALSE,3,NONE,CEX
8521,PhilosophersDyn,COL,80,OneSafe,00,FALSE,3,NONE,CEX
8522,PhilosophersDyn,PT,03,OneSafe,00,TRUE,3,NONE,INV
8523,PhilosophersDyn,PT,10,OneSafe,00,TRUE,3,NONE,INV
8524,Planning,PT,none,OneSafe,00,FALSE,3,NONE,CEX
8525,PolyORBLF,COL,S02J04T06,OneSafe,00,FALSE,3,NONE,CEX
8526,PolyORBLF,COL,S02J04T08,OneSafe,00,FALSE,3,NONE,CEX
8527,PolyORBLF,COL,S02J04T10,OneSafe,00,FALSE,3,NONE,CEX
8528,PolyORBLF,COL,S02J06T06,OneSafe,00,FALSE,3,NONE,CEX
8529,PolyORBLF,COL,S02J06T08,OneSafe,00,FALSE,3,NONE,CEX
8530,PolyORBLF,COL,S02J06T10,OneSafe,00,FALSE,3,NONE,CEX
8531,PolyORBLF,COL,S04J04T06,OneSafe,00,FALSE,3,NONE,CEX
8532,PolyORBLF,COL,S04J04T08,OneSafe,00,FALSE,3,NONE,CEX
8533,PolyORBLF,COL,S04J04T10,OneSafe,00,FALSE,3,NONE,CEX
8534,PolyORBLF,COL,S04J06T06,OneSafe,00,FALSE,3,NONE,CEX
8535,PolyORBLF,COL,S04J06T08,OneSafe,00,FALSE,3,NONE,CEX
8536,PolyORBLF,COL,S04J06T10,OneSafe,00,FALSE,3,NONE,CEX
8537,PolyORBLF,COL,S06J04T04,OneSafe,00,FALSE,3,NONE,CEX
8538,PolyORBLF,COL,S06J04T06,OneSafe,00,FALSE,3,NONE,CEX
8539,PolyORBLF,COL,S06J04T08,OneSafe,00,FALSE,3,NONE,CEX
8540,PolyORBLF,COL,S06J06T04,OneSafe,00,FALSE,3,NONE,CEX
8541,PolyORBLF,COL,S06J06T06,OneSafe,00,FALSE,3,NONE,CEX
8542,PolyORBLF,COL,S06J06T08,OneSafe,00,FALSE,3,NONE,CEX
8543,PolyORBLF,PT,S02J04T06,OneSafe,00,FALSE,3,NONE,CEX
8544,PolyORBLF,PT,S02J04T08,OneSafe,00,FALSE,3,NONE,CEX
8545,PolyORBLF,PT,S02J04T10,OneSafe,00,FALSE,3,NONE,CEX
8546,PolyORBLF,PT,S02J06T06,OneSafe,00,FALSE,3,NONE,CEX
8547,PolyORBLF,PT,S02J06T08,OneSafe,00,FALSE,3,NONE,CEX
8548,PolyORBLF,PT,S02J06T10,OneSafe,00,FALSE,3,NONE,CEX
8549,PolyORBLF,PT,S04J04T06,OneSafe,00,FALSE,3,NONE,CEX
8550,PolyORBLF,PT,S04J04T08,OneSafe,00,FALSE,3,NONE,CEX
8551,PolyORBLF,PT,S04J04T10,OneSafe,00,FALSE,3,NONE,CEX
8552,PolyORBLF,PT,S04J06T06,OneSafe,00,FALSE,3,NONE,CEX
8553,PolyORBLF,PT,S04J06T08,OneSafe,00,FALSE,3,NONE,CEX
8554,PolyORBLF,PT,S04J06T10,OneSafe,00,FALSE,3,NONE,CEX
8555,PolyORBLF,PT,S06J04T04,OneSafe,00,FALSE,3,NONE,CEX
8556,PolyORBLF,PT,S06J04T06,OneSafe,00,FALSE,3,NONE,CEX
8557,PolyORBLF,PT,S06J04T08,OneSafe,00,FALSE,3,NONE,CEX
8558,PolyORBLF,PT,S06J06T04,OneSafe,00,FALSE,3,NONE,CEX
8559,PolyORBLF,PT,S06J06T06,OneSafe,00,FALSE,3,NONE,CEX
8560,PolyORBLF,PT,S06J06T08,OneSafe,00,FALSE,3,NONE,CEX
8561,PolyORBNT,COL,S05J20,OneSafe,00,FALSE,3,NONE,CEX
8562,PolyORBNT,COL,S05J30,OneSafe,00,FALSE,3,NONE,CEX
8563,PolyORBNT,COL,S05J40,OneSafe,00,FALSE,3,NONE,CEX
8564,PolyORBNT,COL,S05J60,OneSafe,00,FALSE,3,NONE,CEX
8565,PolyORBNT,COL,S05J80,OneSafe,00,FALSE,3,NONE,CEX
8566,PolyORBNT,COL,S10J20,OneSafe,00,FALSE,3,NONE,CEX
8567,PolyORBNT,COL,S10J30,OneSafe,00,FALSE,3,NONE,CEX
8568,PolyORBNT,COL,S10J40,OneSafe,00,FALSE,3,NONE,CEX
8569,PolyORBNT,COL,S10J60,OneSafe,00,FALSE,3,NONE,CEX
8570,PolyORBNT,COL,S10J80,OneSafe,00,FALSE,3,NONE,CEX
8571,PolyORBNT,PT,S05J20,OneSafe,00,FALSE,3,NONE,CEX
8572,PolyORBNT,PT,S05J30,OneSafe,00,FALSE,3,NONE,CEX
8573,PolyORBNT,PT,S05J40,OneSafe,00,FALSE,3,NONE,CEX
8574,PolyORBNT,PT,S05J60,OneSafe,00,FALSE,3,NONE,CEX
8575,PolyORBNT,PT,S05J80,OneSafe,00,FALSE,3,NONE,CEX
8576,PolyORBNT,PT,S10J20,OneSafe,00,FALSE,3,NONE,CEX
8577,PolyORBNT,PT,S10J30,OneSafe,00,FALSE,3,NONE,CEX
8578,PolyORBNT,PT,S10J40,OneSafe,00,FALSE,3,NONE,CEX
8579,PolyORBNT,PT,S10J60,OneSafe,00,FALSE,3,NONE,CEX
8580,PolyORBNT,PT,S10J80,OneSafe,00,FALSE,3,NONE,CEX
8581,ProductionCell,PT,none,OneSafe,00,TRUE,3,NUPN,INV
8582,QuasiCertifProtocol,COL,02,OneSafe,00,FALSE,3,NONE,CEX
8583,QuasiCertifProtocol,COL,06,OneSafe,00,FALSE,3,NONE,CEX
8584,QuasiCertifProtocol,COL,10,OneSafe,00,FALSE,3,NONE,CEX
8585,QuasiCertifProtocol,COL,18,OneSafe,00,FALSE,3,NONE,CEX
8586,QuasiCertifProtocol,COL,22,OneSafe,00,FALSE,3,NONE,CEX
8587,QuasiCertifProtocol,COL,28,OneSafe,00,FALSE,3,NONE,CEX
8588,QuasiCertifProtocol,COL,32,OneSafe,00,FALSE,3,NONE,CEX
8589,QuasiCertifProtocol,PT,02,OneSafe,00,TRUE,3,NONE,INV
8590,QuasiCertifProtocol,PT,06,OneSafe,00,FALSE,3,NONE,CEX
8591,QuasiCertifProtocol,PT,10,OneSafe,00,FALSE,3,NONE,CEX
8592,QuasiCertifProtocol,PT,18,OneSafe,00,FALSE,3,NONE,CEX
8593,QuasiCertifProtocol,PT,22,OneSafe,00,FALSE,3,NONE,CEX
8594,QuasiCertifProtocol,PT,28,OneSafe,00,FALSE,3,NONE,CEX
8595,QuasiCertifProtocol,PT,32,OneSafe,00,FALSE,3,NONE,CEX
8596,Raft,PT,02,OneSafe,00,TRUE,3,NUPN,INV
8597,Raft,PT,03,OneSafe,00,TRUE,3,NUPN,INV
8598,Raft,PT,04,OneSafe,00,TRUE,3,NUPN,INV
8599,Raft,PT,05,OneSafe,00,TRUE,3,NUPN,INV
8600,Raft,PT,06,OneSafe,00,TRUE,3,NUPN,INV
8601,Raft,PT,07,OneSafe,00,TRUE,3,NUPN,INV
8602,Raft,PT,08,OneSafe,00,TRUE,3,NUPN,INV
8603,Raft,PT,09,OneSafe,00,TRUE,3,NUPN,INV
8604,Raft,PT,10,OneSafe,00,TRUE,3,NUPN,INV
8605,Railroad,PT,005,OneSafe,00,TRUE,3,GEN,INV
8606,Railroad,PT,010,OneSafe,00,TRUE,3,GEN,INV
8607,Railroad,PT,020,OneSafe,00,TRUE,3,GEN,INV
8608,Railroad,PT,050,OneSafe,00,TRUE,3,GEN,INV
8609,Railroad,PT,100,OneSafe,00,TRUE,3,GEN,INV
8610,Referendum,COL,0010,OneSafe,00,FALSE,3,NONE,CEX
8611,Referendum,COL,0015,OneSafe,00,FALSE,3,NONE,CEX
8612,Referendum,COL,0020,OneSafe,00,FALSE,3,NONE,CEX
8613,Referendum,COL,0050,OneSafe,00,FALSE,3,NONE,CEX
8614,Referendum,COL,0100,OneSafe,00,FALSE,3,NONE,CEX
8615,Referendum,COL,0200,OneSafe,00,FALSE,3,NONE,CEX
8616,Referendum,COL,0500,OneSafe,00,FALSE,3,NONE,CEX
8617,Referendum,COL,1000,OneSafe,00,FALSE,3,NONE,CEX
8618,Referendum,PT,0010,OneSafe,00,TRUE,3,GEN,INV
8619,Referendum,PT,0015,OneSafe,00,TRUE,3,GEN,INV
8620,Referendum,PT,0020,OneSafe,00,TRUE,3,GEN,INV
8621,Referendum,PT,0050,OneSafe,00,TRUE,3,GEN,INV
8622,Referendum,PT,0100,OneSafe,00,TRUE,3,GEN,INV
8623,Referendum,PT,0200,OneSafe,00,TRUE,3,GEN,INV
8624,Referendum,PT,0500,OneSafe,00,TRUE,3,GEN,INV
8625,Referendum,PT,1000,OneSafe,00,TRUE,3,GEN,INV
8626,RefineWMG,PT,002002,OneSafe,00,FALSE,3,NONE,CEX
8627,RefineWMG,PT,002003,OneSafe,00,FALSE,3,NONE,CEX
8628,RefineWMG,PT,005005,OneSafe,00,FALSE,3,NONE,CEX
8629,RefineWMG,PT,005006,OneSafe,00,FALSE,3,NONE,CEX
8630,RefineWMG,PT,007007,OneSafe,00,FALSE,3,NONE,CEX
8631,RefineWMG,PT,007008,OneSafe,00,FALSE,3,NONE,CEX
8632,RefineWMG,PT,010010,OneSafe,00,FALSE,3,NONE,CEX
8633,RefineWMG,PT,010011,OneSafe,00,FALSE,3,NONE,CEX
8634,RefineWMG,PT,015015,OneSafe,00,FALSE,3,NONE,CEX
8635,RefineWMG,PT,015016,OneSafe,00,FALSE,3,NONE,CEX
8636,RefineWMG,PT,025025,OneSafe,00,FALSE,3,NONE,CEX
8637,RefineWMG,PT,025026,OneSafe,00,FALSE,3,NONE,CEX
8638,RefineWMG,PT,050050,OneSafe,00,FALSE,3,NONE,CEX
8639,RefineWMG,PT,050051,OneSafe,00,FALSE,3,NONE,CEX
8640,RefineWMG,PT,100100,OneSafe,00,FALSE,3,NONE,CEX
8641,RefineWMG,PT,100101,OneSafe,00,FALSE,3,NONE,CEX
8642,RERS17pb113,PT,1,OneSafe,00,TRUE,3,NUPN,INV
8643,RERS17pb113,PT,2,OneSafe,00,FALSE,3,NONE,CEX
8644,RERS17pb113,PT,3,OneSafe,00,FALSE,3,NONE,CEX
8645,RERS17pb113,PT,4,OneSafe,00,FALSE,3,NONE,CEX
8646,RERS17pb113,PT,5,OneSafe,00,FALSE,3,NONE,CEX
8647,RERS17pb113,PT,6,OneSafe,00,FALSE,3,NONE,CEX
8648,RERS17pb113,PT,7,OneSafe,00,FALSE,3,NONE,CEX
8649,RERS17pb113,PT,8,OneSafe,00,FALSE,3,NONE,CEX
8650,RERS17pb113,PT,9,OneSafe,00,FALSE,3,NONE,CEX
8651,RERS17pb114,PT,1,OneSafe,00,TRUE,2,NUPN,INV
8652,RERS17pb114,PT,2,OneSafe,00,FALSE,3,NONE,CEX
8653,RERS17pb114,PT,3,OneSafe,00,FALSE,3,NONE,CEX
8654,RERS17pb114,PT,4,OneSafe,00,FALSE,3,NONE,CEX
8655,RERS17pb114,PT,5,OneSafe,00,FALSE,3,NONE,CEX
8656,RERS17pb114,PT,6,OneSafe,00,FALSE,3,NONE,CEX
8657,RERS17pb114,PT,7,OneSafe,00,FALSE,3,NONE,CEX
8658,RERS17pb114,PT,8,OneSafe,00,FALSE,3,NONE,CEX
8659,RERS17pb114,PT,9,OneSafe,00,FALSE,3,NONE,CEX
8660,RERS17pb115,PT,1,OneSafe,00,TRUE,2,NUPN,INV
8661,RERS17pb115,PT,2,OneSafe,00,FALSE,3,NONE,CEX
8662,RERS17pb115,PT,3,OneSafe,00,FALSE,3,NONE,CEX
8663,RERS17pb115,PT,4,OneSafe,00,FALSE,3,NONE,CEX
8664,RERS17pb115,PT,5,OneSafe,00,FALSE,3,NONE,CEX
8665,RERS17pb115,PT,6,OneSafe,00,FALSE,3,NONE,CEX
8666,RERS17pb115,PT,7,OneSafe,00,FALSE,3,NONE,CEX
8667,RERS17pb115,PT,8,OneSafe,00,FALSE,3,NONE,CEX
8668,RERS17pb115,PT,9,OneSafe,00,FALSE,3,NONE,CEX
8669,RERS2020,PT,pb101,OneSafe,00,TRUE,3,NUPN,INV
8670,RERS2020,PT,pb102,OneSafe,00,TRUE,2,NUPN,INV
8671,RERS2020,PT,pb103,OneSafe,00,TRUE,3,NUPN,INV
8672,RERS2020,PT,pb104,OneSafe,00,TRUE,2,NUPN,INV
8673,RERS2020,PT,pb105,OneSafe,00,TRUE,2,NUPN,INV
8674,RERS2020,PT,pb106,OneSafe,00,TRUE,2,NUPN,INV
8675,RERS2020,PT,pb107,OneSafe,00,TRUE,3,NUPN,INV
8676,RERS2020,PT,pb108,OneSafe,00,TRUE,2,NUPN,INV
8677,RERS2020,PT,pb109,OneSafe,00,TRUE,2,NUPN,INV
8678,ResAllocation,PT,R002C002,OneSafe,00,TRUE,3,GEN,INV
8679,ResAllocation,PT,R003C002,OneSafe,00,TRUE,3,GEN,INV
8680,ResAllocation,PT,R003C003,OneSafe,00,TRUE,3,GEN,INV
8681,ResAllocation,PT,R003C005,OneSafe,00,TRUE,3,GEN,INV
8682,ResAllocation,PT,R003C010,OneSafe,00,TRUE,3,GEN,INV
8683,ResAllocation,PT,R003C015,OneSafe,00,TRUE,3,GEN,INV
8684,ResAllocation,PT,R003C020,OneSafe,00,TRUE,3,GEN,INV
8685,ResAllocation,PT,R003C050,OneSafe,00,TRUE,3,GEN,INV
8686,ResAllocation,PT,R003C100,OneSafe,00,TRUE,3,GEN,INV
8687,ResAllocation,PT,R005C002,OneSafe,00,TRUE,3,GEN,INV
8688,ResAllocation,PT,R010C002,OneSafe,00,TRUE,3,GEN,INV
8689,ResAllocation,PT,R015C002,OneSafe,00,TRUE,3,GEN,INV
8690,ResAllocation,PT,R020C002,OneSafe,00,TRUE,3,GEN,INV
8691,ResAllocation,PT,R050C002,OneSafe,00,TRUE,3,GEN,INV
8692,ResAllocation,PT,R100C002,OneSafe,00,TRUE,3,GEN,INV
8693,ResIsolation,PT,N08P1,OneSafe,00,TRUE,3,NONE,INV
8694,ResIsolation,PT,N08P2,OneSafe,00,TRUE,3,NONE,INV
8695,ResIsolation,PT,N08P3,OneSafe,00,TRUE,3,NONE,INV
8696,ResIsolation,PT,N08P4,OneSafe,00,TRUE,3,NONE,INV
8697,ResIsolation,PT,N08P5,OneSafe,00,TRUE,3,NONE,INV
8698,ResIsolation,PT,N09P1,OneSafe,00,TRUE,3,NONE,INV
8699,ResIsolation,PT,N09P2,OneSafe,00,TRUE,3,NONE,INV
8700,ResIsolation,PT,N09P3,OneSafe,00,TRUE,3,NONE,INV
8701,ResIsolation,PT,N09P4,OneSafe,00,TRUE,3,NONE,INV
8702,ResIsolation,PT,N09P5,OneSafe,00,TRUE,3,NONE,INV
8703,ResIsolation,PT,N10P1,OneSafe,00,TRUE,3,NONE,INV
8704,ResIsolation,PT,N10P2,OneSafe,00,TRUE,3,NONE,INV
8705,ResIsolation,PT,N10P3,OneSafe,00,TRUE,3,NONE,INV
8706,ResIsolation,PT,N10P4,OneSafe,00,TRUE,3,NONE,INV
8707,ResIsolation,PT,N11P1,OneSafe,00,TRUE,3,NONE,INV
8708,ResIsolation,PT,N11P2,OneSafe,00,TRUE,3,NONE,INV
8709,ResIsolation,PT,N11P3,OneSafe,00,TRUE,3,NONE,INV
8710,ResIsolation,PT,N12P1,OneSafe,00,TRUE,3,NONE,INV
8711,ResIsolation,PT,N12P2,OneSafe,00,TRUE,3,NONE,INV
8712,ResIsolation,PT,N13P1,OneSafe,00,TRUE,3,NONE,INV
8713,Ring,PT,none,OneSafe,00,TRUE,3,GEN,INV
8714,RingSingleMessageInMbox,PT,d0m005,OneSafe,00,FALSE,3,NONE,CEX
8715,RingSingleMessageInMbox,PT,d0m010,OneSafe,00,FALSE,3,NONE,CEX
8716,RingSingleMessageInMbox,PT,d0m020,OneSafe,00,FALSE,3,NONE,CEX
8717,RingSingleMessageInMbox,PT,d0m040,OneSafe,00,FALSE,3,NONE,CEX
8718,RingSingleMessageInMbox,PT,d0m080,OneSafe,00,FALSE,3,NONE,CEX
8719,RingSingleMessageInMbox,PT,d0m160,OneSafe,00,FALSE,3,NONE,CEX
8720,RingSingleMessageInMbox,PT,d1m005,OneSafe,00,FALSE,3,NONE,CEX
8721,RingSingleMessageInMbox,PT,d1m010,OneSafe,00,FALSE,3,NONE,CEX
8722,RingSingleMessageInMbox,PT,d1m020,OneSafe,00,FALSE,3,NONE,CEX
8723,RingSingleMessageInMbox,PT,d1m040,OneSafe,00,FALSE,3,NONE,CEX
8724,RingSingleMessageInMbox,PT,d1m080,OneSafe,00,FALSE,3,NONE,CEX
8725,RingSingleMessageInMbox,PT,d1m160,OneSafe,00,FALSE,3,NONE,CEX
8726,RingSingleMessageInMbox,PT,d2m005,OneSafe,00,FALSE,3,NONE,CEX
8727,RingSingleMessageInMbox,PT,d2m010,OneSafe,00,FALSE,3,NONE,CEX
8728,RingSingleMessageInMbox,PT,d2m020,OneSafe,00,FALSE,3,NONE,CEX
8729,RingSingleMessageInMbox,PT,d2m040,OneSafe,00,FALSE,3,NONE,CEX
8730,RingSingleMessageInMbox,PT,d2m080,OneSafe,00,FALSE,3,NONE,CEX
8731,RingSingleMessageInMbox,PT,d2m160,OneSafe,00,FALSE,3,NONE,CEX
8732,RobotManipulation,PT,00001,OneSafe,00,FALSE,3,NONE,CEX
8733,RobotManipulation,PT,00002,OneSafe,00,FALSE,3,NONE,CEX
8734,RobotManipulation,PT,00005,OneSafe,00,FALSE,3,NONE,CEX
8735,RobotManipulation,PT,00010,OneSafe,00,FALSE,3,NONE,CEX
8736,RobotManipulation,PT,00020,OneSafe,00,FALSE,3,NONE,CEX
8737,RobotManipulation,PT,00050,OneSafe,00,FALSE,3,NONE,CEX
8738,RobotManipulation,PT,00100,OneSafe,00,FALSE,3,NONE,CEX
8739,RobotManipulation,PT,00200,OneSafe,00,FALSE,3,NONE,CEX
8740,RobotManipulation,PT,00500,OneSafe,00,FALSE,3,NONE,CEX
8741,RobotManipulation,PT,01000,OneSafe,00,FALSE,3,NONE,CEX
8742,RobotManipulation,PT,02000,OneSafe,00,FALSE,3,NONE,CEX
8743,RobotManipulation,PT,05000,OneSafe,00,FALSE,3,NONE,CEX
8744,RobotManipulation,PT,10000,OneSafe,00,FALSE,3,NONE,CEX
8745,RwMutex,PT,r0010w0010,OneSafe,00,TRUE,3,GEN,INV
8746,RwMutex,PT,r0010w0020,OneSafe,00,TRUE,3,GEN,INV
8747,RwMutex,PT,r0010w0050,OneSafe,00,TRUE,3,GEN,INV
8748,RwMutex,PT,r0010w0100,OneSafe,00,TRUE,3,GEN,INV
8749,RwMutex,PT,r0010w0500,OneSafe,00,TRUE,3,GEN,INV
8750,RwMutex,PT,r0010w1000,OneSafe,00,TRUE,3,GEN,INV
8751,RwMutex,PT,r0010w2000,OneSafe,00,TRUE,3,GEN,INV
8752,RwMutex,PT,r0020w0010,OneSafe,00,TRUE,3,GEN,INV
8753,RwMutex,PT,r0100w0010,OneSafe,00,TRUE,3,GEN,INV
8754,RwMutex,PT,r0500w0010,OneSafe,00,TRUE,3,GEN,INV
8755,RwMutex,PT,r1000w0010,OneSafe,00,TRUE,3,GEN,INV
8756,RwMutex,PT,r2000w0010,OneSafe,00,TRUE,3,GEN,INV
8757,SafeBus,COL,03,OneSafe,00,FALSE,3,NONE,CEX
8758,SafeBus,COL,06,OneSafe,00,FALSE,3,NONE,CEX
8759,SafeBus,COL,10,OneSafe,00,FALSE,3,NONE,CEX
8760,SafeBus,COL,15,OneSafe,00,FALSE,3,NONE,CEX
8761,SafeBus,COL,20,OneSafe,00,FALSE,3,NONE,CEX
8762,SafeBus,COL,50,OneSafe,00,FALSE,3,NONE,CEX
8763,SafeBus,COL,80,OneSafe,00,FALSE,3,NONE,CEX
8764,SafeBus,PT,03,OneSafe,00,TRUE,3,GEN,INV
8765,SafeBus,PT,06,OneSafe,00,TRUE,3,GEN,INV
8766,SafeBus,PT,10,OneSafe,00,TRUE,3,GEN,INV
8767,SafeBus,PT,15,OneSafe,00,TRUE,3,GEN,INV
8768,SafeBus,PT,20,OneSafe,00,TRUE,3,GEN,INV
8769,SatelliteMemory,PT,X00100Y0003,OneSafe,00,FALSE,3,NONE,CEX
8770,SatelliteMemory,PT,X01000Y0032,OneSafe,00,FALSE,3,NONE,CEX
8771,SatelliteMemory,PT,X01500Y0046,OneSafe,00,FALSE,3,NONE,CEX
8772,SatelliteMemory,PT,X03000Y0094,OneSafe,00,FALSE,3,NONE,CEX
8773,SatelliteMemory,PT,X65535Y2048,OneSafe,00,FALSE,3,NONE,CEX
8774,SemanticWebServices,PT,S064P06,OneSafe,00,FALSE,3,NONE,CEX
8775,SemanticWebServices,PT,S064P09,OneSafe,00,FALSE,3,NONE,CEX
8776,SemanticWebServices,PT,S064P12,OneSafe,00,FALSE,3,NONE,CEX
8777,SemanticWebServices,PT,S064P15,OneSafe,00,FALSE,3,NONE,CEX
8778,SemanticWebServices,PT,S064P18,OneSafe,00,FALSE,3,NONE,CEX
8779,SemanticWebServices,PT,S128P06,OneSafe,00,FALSE,3,NONE,CEX
8780,SemanticWebServices,PT,S128P09,OneSafe,00,FALSE,3,NONE,CEX
8781,SemanticWebServices,PT,S128P12,OneSafe,00,FALSE,3,NONE,CEX
8782,SemanticWebServices,PT,S128P15,OneSafe,00,FALSE,3,NONE,CEX
8783,SemanticWebServices,PT,S128P18,OneSafe,00,FALSE,3,NONE,CEX
8784,SemanticWebServices,PT,S256P06,OneSafe,00,FALSE,3,NONE,CEX
8785,SemanticWebServices,PT,S256P09,OneSafe,00,FALSE,3,NONE,CEX
8786,SemanticWebServices,PT,S256P12,OneSafe,00,FALSE,3,NONE,CEX
8787,SemanticWebServices,PT,S256P15,OneSafe,00,FALSE,3,NONE,CEX
8788,SemanticWebServices,PT,S256P18,OneSafe,00,FALSE,3,NONE,CEX
8789,ServersAndClients,PT,100020,OneSafe,00,TRUE,3,GEN,INV
8790,ServersAndClients,PT,100040,OneSafe,00,TRUE,3,GEN,INV
8791,ServersAndClients,PT,100080,OneSafe,00,TRUE,3,GEN,INV
8792,ServersAndClients,PT,100160,OneSafe,00,TRUE,3,GEN,INV
8793,ServersAndClients,PT,100320,OneSafe,00,TRUE,3,GEN,INV
8794,ServersAndClients,PT,200040,OneSafe,00,TRUE,3,GEN,INV
8795,ServersAndClients,PT,200080,OneSafe,00,TRUE,3,GEN,INV
8796,ServersAndClients,PT,200160,OneSafe,00,TRUE,3,GEN,INV
8797,ServersAndClients,PT,200320,OneSafe,00,TRUE,3,GEN,INV
8798,ServersAndClients,PT,400080,OneSafe,00,TRUE,3,GEN,INV
8799,ServersAndClients,PT,400160,OneSafe,00,TRUE,3,GEN,INV
8800,SharedMemory,COL,000005,OneSafe,00,FALSE,3,NONE,CEX
8801,SharedMemory,COL,000010,OneSafe,00,FALSE,3,NONE,CEX
8802,SharedMemory,COL,000020,OneSafe,00,FALSE,3,NONE,CEX
8803,SharedMemory,COL,000050,OneSafe,00,FALSE,3,NONE,CEX
8804,SharedMemory,COL,000100,OneSafe,00,FALSE,3,NONE,CEX
8805,SharedMemory,COL,000200,OneSafe,00,FALSE,3,NONE,CEX
8806,SharedMemory,COL,000500,OneSafe,00,FALSE,3,NONE,CEX
8807,SharedMemory,COL,001000,OneSafe,00,FALSE,3,NONE,CEX
8808,SharedMemory,COL,002000,OneSafe,00,FALSE,3,NONE,CEX
8809,SharedMemory,COL,005000,OneSafe,00,FALSE,3,NONE,CEX
8810,SharedMemory,COL,010000,OneSafe,00,FALSE,3,NONE,CEX
8811,SharedMemory,COL,020000,OneSafe,00,FALSE,3,NONE,CEX
8812,SharedMemory,COL,050000,OneSafe,00,FALSE,3,NONE,CEX
8813,SharedMemory,COL,100000,OneSafe,00,FALSE,3,NONE,CEX
8814,SharedMemory,PT,000005,OneSafe,00,TRUE,3,GEN,INV
8815,SharedMemory,PT,000010,OneSafe,00,TRUE,3,GEN,INV
8816,SharedMemory,PT,000020,OneSafe,00,TRUE,3,GEN,INV
8817,SharedMemory,PT,000050,OneSafe,00,TRUE,3,GEN,INV
8818,SharedMemory,PT,000100,OneSafe,00,TRUE,2,GEN,INV
8819,SharedMemory,PT,000200,OneSafe,00,TRUE,2,GEN,INV
8820,ShieldIIPs,PT,001A,OneSafe,00,TRUE,3,NUPN,INV
8821,ShieldIIPs,PT,001B,OneSafe,00,TRUE,3,NUPN,INV
8822,ShieldIIPs,PT,002A,OneSafe,00,TRUE,3,NUPN,INV
8823,ShieldIIPs,PT,002B,OneSafe,00,TRUE,3,NUPN,INV
8824,ShieldIIPs,PT,003A,OneSafe,00,TRUE,3,NUPN,INV
8825,ShieldIIPs,PT,003B,OneSafe,00,TRUE,3,NUPN,INV
8826,ShieldIIPs,PT,004A,OneSafe,00,TRUE,3,NUPN,INV
8827,ShieldIIPs,PT,004B,OneSafe,00,TRUE,3,NUPN,INV
8828,ShieldIIPs,PT,005A,OneSafe,00,TRUE,3,NUPN,INV
8829,ShieldIIPs,PT,005B,OneSafe,00,TRUE,3,NUPN,INV
8830,ShieldIIPs,PT,010A,OneSafe,00,TRUE,3,NUPN,INV
8831,ShieldIIPs,PT,010B,OneSafe,00,TRUE,3,NUPN,INV
8832,ShieldIIPs,PT,020A,OneSafe,00,TRUE,3,NUPN,INV
8833,ShieldIIPs,PT,020B,OneSafe,00,TRUE,3,NUPN,INV
8834,ShieldIIPs,PT,030A,OneSafe,00,TRUE,3,NUPN,INV
8835,ShieldIIPs,PT,030B,OneSafe,00,TRUE,3,NUPN,INV
8836,ShieldIIPs,PT,040A,OneSafe,00,TRUE,3,NUPN,INV
8837,ShieldIIPs,PT,040B,OneSafe,00,TRUE,3,NUPN,INV
8838,ShieldIIPs,PT,050A,OneSafe,00,TRUE,3,NUPN,INV
8839,ShieldIIPs,PT,050B,OneSafe,00,TRUE,3,NUPN,INV
8840,ShieldIIPs,PT,100A,OneSafe,00,TRUE,3,NUPN,INV
8841,ShieldIIPs,PT,100B,OneSafe,00,TRUE,2,NUPN,INV
8842,ShieldIIPt,PT,001A,OneSafe,00,TRUE,3,NUPN,INV
8843,ShieldIIPt,PT,001B,OneSafe,00,TRUE,3,NUPN,INV
8844,ShieldIIPt,PT,002A,OneSafe,00,TRUE,3,NUPN,INV
8845,ShieldIIPt,PT,002B,OneSafe,00,TRUE,3,NUPN,INV
8846,ShieldIIPt,PT,003A,OneSafe,00,TRUE,3,NUPN,INV
8847,ShieldIIPt,PT,003B,OneSafe,00,TRUE,3,NUPN,INV
8848,ShieldIIPt,PT,004A,OneSafe,00,TRUE,3,NUPN,INV
8849,ShieldIIPt,PT,004B,OneSafe,00,TRUE,3,NUPN,INV
8850,ShieldIIPt,PT,005A,OneSafe,00,TRUE,3,NUPN,INV
8851,ShieldIIPt,PT,005B,OneSafe,00,TRUE,3,NUPN,INV
8852,ShieldIIPt,PT,010A,OneSafe,00,TRUE,3,NUPN,INV
8853,ShieldIIPt,PT,010B,OneSafe,00,TRUE,3,NUPN,INV
8854,ShieldIIPt,PT,020A,OneSafe,00,TRUE,3,NUPN,INV
8855,ShieldIIPt,PT,020B,OneSafe,00,TRUE,3,NUPN,INV
8856,ShieldIIPt,PT,030A,OneSafe,00,TRUE,3,NUPN,INV
8857,ShieldIIPt,PT,030B,OneSafe,00,TRUE,3,NUPN,INV
8858,ShieldIIPt,PT,040A,OneSafe,00,TRUE,3,NUPN,INV
8859,ShieldIIPt,PT,040B,OneSafe,00,TRUE,3,NUPN,INV
8860,ShieldIIPt,PT,050A,OneSafe,00,TRUE,3,NUPN,INV
8861,ShieldIIPt,PT,050B,OneSafe,00,TRUE,3,NUPN,INV
8862,ShieldIIPt,PT,100A,OneSafe,00,TRUE,3,NUPN,INV
8863,ShieldIIPt,PT,100B,OneSafe,00,TRUE,2,NUPN,INV
8864,ShieldPPPs,PT,001A,OneSafe,00,TRUE,3,NUPN,INV
8865,ShieldPPPs,PT,001B,OneSafe,00,TRUE,3,NUPN,INV
8866,ShieldPPPs,PT,002A,OneSafe,00,TRUE,3,NUPN,INV
8867,ShieldPPPs,PT,002B,OneSafe,00,TRUE,3,NUPN,INV
8868,ShieldPPPs,PT,003A,OneSafe,00,TRUE,3,NUPN,INV
8869,ShieldPPPs,PT,003B,OneSafe,00,TRUE,3,NUPN,INV
8870,ShieldPPPs,PT,004A,OneSafe,00,TRUE,3,NUPN,INV
8871,ShieldPPPs,PT,004B,OneSafe,00,TRUE,3,NUPN,INV
8872,ShieldPPPs,PT,005A,OneSafe,00,TRUE,3,NUPN,INV
8873,ShieldPPPs,PT,005B,OneSafe,00,TRUE,3,NUPN,INV
8874,ShieldPPPs,PT,010A,OneSafe,00,TRUE,3,NUPN,INV
8875,ShieldPPPs,PT,010B,OneSafe,00,TRUE,3,NUPN,INV
8876,ShieldPPPs,PT,020A,OneSafe,00,TRUE,3,NUPN,INV
8877,ShieldPPPs,PT,020B,OneSafe,00,TRUE,3,NUPN,INV
8878,ShieldPPPs,PT,030A,OneSafe,00,TRUE,3,NUPN,INV
8879,ShieldPPPs,PT,030B,OneSafe,00,TRUE,3,NUPN,INV
8880,ShieldPPPs,PT,040A,OneSafe,00,TRUE,3,NUPN,INV
8881,ShieldPPPs,PT,040B,OneSafe,00,TRUE,3,NUPN,INV
8882,ShieldPPPs,PT,050A,OneSafe,00,TRUE,3,NUPN,INV
8883,ShieldPPPs,PT,050B,OneSafe,00,TRUE,3,NUPN,INV
8884,ShieldPPPs,PT,100A,OneSafe,00,TRUE,3,NUPN,INV
8885,ShieldPPPs,PT,100B,OneSafe,00,TRUE,2,NUPN,INV
8886,ShieldPPPt,PT,001A,OneSafe,00,TRUE,3,NUPN,INV
8887,ShieldPPPt,PT,001B,OneSafe,00,TRUE,3,NUPN,INV
8888,ShieldPPPt,PT,002A,OneSafe,00,TRUE,3,NUPN,INV
8889,ShieldPPPt,PT,002B,OneSafe,00,TRUE,3,NUPN,INV
8890,ShieldPPPt,PT,003A,OneSafe,00,TRUE,3,NUPN,INV
8891,ShieldPPPt,PT,003B,OneSafe,00,TRUE,3,NUPN,INV
8892,ShieldPPPt,PT,004A,OneSafe,00,TRUE,3,NUPN,INV
8893,ShieldPPPt,PT,004B,OneSafe,00,TRUE,3,NUPN,INV
8894,ShieldPPPt,PT,005A,OneSafe,00,TRUE,3,NUPN,INV
8895,ShieldPPPt,PT,005B,OneSafe,00,TRUE,3,NUPN,INV
8896,ShieldPPPt,PT,010A,OneSafe,00,TRUE,3,NUPN,INV
8897,ShieldPPPt,PT,010B,OneSafe,00,TRUE,3,NUPN,INV
8898,ShieldPPPt,PT,020A,OneSafe,00,TRUE,3,NUPN,INV
8899,ShieldPPPt,PT,020B,OneSafe,00,TRUE,3,NUPN,INV
8900,ShieldPPPt,PT,030A,OneSafe,00,TRUE,3,NUPN,INV
8901,ShieldPPPt,PT,030B,OneSafe,00,TRUE,3,NUPN,INV
8902,ShieldPPPt,PT,040A,OneSafe,00,TRUE,3,NUPN,INV
8903,ShieldPPPt,PT,040B,OneSafe,00,TRUE,3,NUPN,INV
8904,ShieldPPPt,PT,050A,OneSafe,00,TRUE,3,NUPN,INV
8905,ShieldPPPt,PT,050B,OneSafe,00,TRUE,3,NUPN,INV
8906,ShieldPPPt,PT,100A,OneSafe,00,TRUE,3,NUPN,INV
8907,ShieldPPPt,PT,100B,OneSafe,00,TRUE,2,NUPN,INV
8908,ShieldRVs,PT,001A,OneSafe,00,TRUE,3,NUPN,INV
8909,ShieldRVs,PT,001B,OneSafe,00,TRUE,3,NUPN,INV
8910,ShieldRVs,PT,002A,OneSafe,00,TRUE,3,NUPN,INV
8911,ShieldRVs,PT,002B,OneSafe,00,TRUE,3,NUPN,INV
8912,ShieldRVs,PT,003A,OneSafe,00,TRUE,3,NUPN,INV
8913,ShieldRVs,PT,003B,OneSafe,00,TRUE,3,NUPN,INV
8914,ShieldRVs,PT,004A,OneSafe,00,TRUE,3,NUPN,INV
8915,ShieldRVs,PT,004B,OneSafe,00,TRUE,3,NUPN,INV
8916,ShieldRVs,PT,005A,OneSafe,00,TRUE,3,NUPN,INV
8917,ShieldRVs,PT,005B,OneSafe,00,TRUE,3,NUPN,INV
8918,ShieldRVs,PT,010A,OneSafe,00,TRUE,3,NUPN,INV
8919,ShieldRVs,PT,010B,OneSafe,00,TRUE,3,NUPN,INV
8920,ShieldRVs,PT,020A,OneSafe,00,TRUE,3,NUPN,INV
8921,ShieldRVs,PT,020B,OneSafe,00,TRUE,3,NUPN,INV
8922,ShieldRVs,PT,030A,OneSafe,00,TRUE,3,NUPN,INV
8923,ShieldRVs,PT,030B,OneSafe,00,TRUE,3,NUPN,INV
8924,ShieldRVs,PT,040A,OneSafe,00,TRUE,3,NUPN,INV
8925,ShieldRVs,PT,040B,OneSafe,00,TRUE,3,NUPN,INV
8926,ShieldRVs,PT,050A,OneSafe,00,TRUE,3,NUPN,INV
8927,ShieldRVs,PT,050B,OneSafe,00,TRUE,3,NUPN,INV
8928,ShieldRVs,PT,100A,OneSafe,00,TRUE,3,NUPN,INV
8929,ShieldRVs,PT,100B,OneSafe,00,TRUE,3,NUPN,INV
8930,ShieldRVt,PT,001A,OneSafe,00,TRUE,3,NUPN,INV
8931,ShieldRVt,PT,001B,OneSafe,00,TRUE,3,NUPN,INV
8932,ShieldRVt,PT,002A,OneSafe,00,TRUE,3,NUPN,INV
8933,ShieldRVt,PT,002B,OneSafe,00,TRUE,3,NUPN,INV
8934,ShieldRVt,PT,003A,OneSafe,00,TRUE,3,NUPN,INV
8935,ShieldRVt,PT,003B,OneSafe,00,TRUE,3,NUPN,INV
8936,ShieldRVt,PT,004A,OneSafe,00,TRUE,3,NUPN,INV
8937,ShieldRVt,PT,004B,OneSafe,00,TRUE,3,NUPN,INV
8938,ShieldRVt,PT,005A,OneSafe,00,TRUE,3,NUPN,INV
8939,ShieldRVt,PT,005B,OneSafe,00,TRUE,3,NUPN,INV
8940,ShieldRVt,PT,010A,OneSafe,00,TRUE,3,NUPN,INV
8941,ShieldRVt,PT,010B,OneSafe,00,TRUE,3,NUPN,INV
8942,ShieldRVt,PT,020A,OneSafe,00,TRUE,3,NUPN,INV
8943,ShieldRVt,PT,020B,OneSafe,00,TRUE,3,NUPN,INV
8944,ShieldRVt,PT,030A,OneSafe,00,TRUE,3,NUPN,INV
8945,ShieldRVt,PT,030B,OneSafe,00,TRUE,3,NUPN,INV
8946,ShieldRVt,PT,040A,OneSafe,00,TRUE,3,NUPN,INV
8947,ShieldRVt,PT,040B,OneSafe,00,TRUE,3,NUPN,INV
8948,ShieldRVt,PT,050A,OneSafe,00,TRUE,3,NUPN,INV
8949,ShieldRVt,PT,050B,OneSafe,00,TRUE,3,NUPN,INV
8950,ShieldRVt,PT,100A,OneSafe,00,TRUE,3,NUPN,INV
8951,ShieldRVt,PT,100B,OneSafe,00,TRUE,2,NUPN,INV
8952,SieveSingleMsgMbox,PT,d0m04,OneSafe,00,FALSE,3,NONE,CEX
8953,SieveSingleMsgMbox,PT,d0m06,OneSafe,00,FALSE,3,NONE,CEX
8954,SieveSingleMsgMbox,PT,d0m18,OneSafe,00,FALSE,3,NONE,CEX
8955,SieveSingleMsgMbox,PT,d0m36,OneSafe,00,FALSE,3,NONE,CEX
8956,SieveSingleMsgMbox,PT,d0m64,OneSafe,00,FALSE,3,NONE,CEX
8957,SieveSingleMsgMbox,PT,d0m96,OneSafe,00,FALSE,3,NONE,CEX
8958,SieveSingleMsgMbox,PT,d1m04,OneSafe,00,FALSE,3,NONE,CEX
8959,SieveSingleMsgMbox,PT,d1m06,OneSafe,00,FALSE,3,NONE,CEX
8960,SieveSingleMsgMbox,PT,d1m18,OneSafe,00,FALSE,3,NONE,CEX
8961,SieveSingleMsgMbox,PT,d1m36,OneSafe,00,FALSE,3,NONE,CEX
8962,SieveSingleMsgMbox,PT,d1m64,OneSafe,00,FALSE,3,NONE,CEX
8963,SieveSingleMsgMbox,PT,d1m96,OneSafe,00,FALSE,3,NONE,CEX
8964,SieveSingleMsgMbox,PT,d2m04,OneSafe,00,FALSE,3,NONE,CEX
8965,SieveSingleMsgMbox,PT,d2m06,OneSafe,00,FALSE,3,NONE,CEX
8966,SieveSingleMsgMbox,PT,d2m18,OneSafe,00,FALSE,3,NONE,CEX
8967,SieveSingleMsgMbox,PT,d2m36,OneSafe,00,FALSE,3,NONE,CEX
8968,SieveSingleMsgMbox,PT,d2m64,OneSafe,00,FALSE,3,NONE,CEX
8969,SieveSingleMsgMbox,PT,d2m96,OneSafe,00,FALSE,3,NONE,CEX
8970,SimpleLoadBal,PT,02,OneSafe,00,TRUE,3,GEN,INV
8971,SimpleLoadBal,PT,05,OneSafe,00,TRUE,3,GEN,INV
8972,SimpleLoadBal,PT,10,OneSafe,00,TRUE,3,GEN,INV
8973,SimpleLoadBal,PT,15,OneSafe,00,TRUE,3,GEN,INV
8974,SimpleLoadBal,PT,20,OneSafe,00,TRUE,3,GEN,INV
8975,SmallOperatingSystem,PT,MT0016DC0008,OneSafe,00,FALSE,3,NONE,CEX
8976,SmallOperatingSystem,PT,MT0032DC0008,OneSafe,00,FALSE,3,NONE,CEX
8977,SmallOperatingSystem,PT,MT0032DC0016,OneSafe,00,FALSE,3,NONE,CEX
8978,SmallOperatingSystem,PT,MT0064DC0016,OneSafe,00,FALSE,3,NONE,CEX
8979,SmallOperatingSystem,PT,MT0064DC0032,OneSafe,00,FALSE,3,NONE,CEX
8980,SmallOperatingSystem,PT,MT0128DC0032,OneSafe,00,FALSE,3,NONE,CEX
8981,SmallOperatingSystem,PT,MT0128DC0064,OneSafe,00,FALSE,3,NONE,CEX
8982,SmallOperatingSystem,PT,MT0256DC0064,OneSafe,00,FALSE,3,NONE,CEX
8983,SmallOperatingSystem,PT,MT0256DC0128,OneSafe,00,FALSE,3,NONE,CEX
8984,SmallOperatingSystem,PT,MT0512DC0128,OneSafe,00,FALSE,3,NONE,CEX
8985,SmallOperatingSystem,PT,MT0512DC0256,OneSafe,00,FALSE,3,NONE,CEX
8986,SmallOperatingSystem,PT,MT1024DC0256,OneSafe,00,FALSE,3,NONE,CEX
8987,SmallOperatingSystem,PT,MT1024DC0512,OneSafe,00,FALSE,3,NONE,CEX
8988,SmallOperatingSystem,PT,MT2048DC0512,OneSafe,00,FALSE,3,NONE,CEX
8989,SmallOperatingSystem,PT,MT2048DC1024,OneSafe,00,FALSE,3,NONE,CEX
8990,SmallOperatingSystem,PT,MT4096DC1024,OneSafe,00,FALSE,3,NONE,CEX
8991,SmallOperatingSystem,PT,MT4096DC2048,OneSafe,00,FALSE,3,NONE,CEX
8992,SmallOperatingSystem,PT,MT8192DC2048,OneSafe,00,FALSE,3,NONE,CEX
8993,SmallOperatingSystem,PT,MT8192DC4096,OneSafe,00,FALSE,3,NONE,CEX
8994,SmartHome,PT,01,OneSafe,00,TRUE,3,NUPN,INV
8995,SmartHome,PT,02,OneSafe,00,TRUE,3,NUPN,INV
8996,SmartHome,PT,03,OneSafe,00,TRUE,3,NUPN,INV
8997,SmartHome,PT,04,OneSafe,00,TRUE,3,NUPN,INV
8998,SmartHome,PT,05,OneSafe,00,TRUE,3,NUPN,INV
8999,SmartHome,PT,06,OneSafe,00,TRUE,3,NUPN,INV
9000,SmartHome,PT,07,OneSafe,00,TRUE,3,NUPN,INV
9001,SmartHome,PT,08,OneSafe,00,TRUE,3,NUPN,INV
9002,SmartHome,PT,09,OneSafe,00,TRUE,3,NUPN,INV
9003,SmartHome,PT,10,OneSafe,00,TRUE,3,NUPN,INV
9004,SmartHome,PT,11,OneSafe,00,TRUE,3,NUPN,INV
9005,SmartHome,PT,12,OneSafe,00,TRUE,3,NUPN,INV
9006,SmartHome,PT,13,OneSafe,00,TRUE,3,NUPN,INV
9007,SmartHome,PT,14,OneSafe,00,TRUE,3,NUPN,INV
9008,SmartHome,PT,15,OneSafe,00,TRUE,3,NUPN,INV
9009,SmartHome,PT,16,OneSafe,00,TRUE,3,NUPN,INV
9010,SmartHome,PT,17,OneSafe,00,TRUE,3,NUPN,INV
9011,SmartHome,PT,18,OneSafe,00,TRUE,3,NUPN,INV
9012,SmartHome,PT,19,OneSafe,00,TRUE,3,NUPN,INV
9013,Solitaire,PT,EngCT7x7,OneSafe,00,FALSE,3,NONE,CEX
9014,Solitaire,PT,EngNC7x7,OneSafe,00,TRUE,3,GEN,INV
9015,Solitaire,PT,FrnCT7x7,OneSafe,00,FALSE,3,NONE,CEX
9016,Solitaire,PT,FrnNC7x7,OneSafe,00,TRUE,3,GEN,INV
9017,Solitaire,PT,SqrCT5x5,OneSafe,00,FALSE,3,NONE,CEX
9018,Solitaire,PT,SqrNC5x5,OneSafe,00,TRUE,3,GEN,INV
9019,SquareGrid,PT,020102,OneSafe,00,FALSE,3,NONE,CEX
9020,SquareGrid,PT,040204,OneSafe,00,FALSE,3,NONE,CEX
9021,SquareGrid,PT,080408,OneSafe,00,FALSE,3,NONE,CEX
9022,SquareGrid,PT,100510,OneSafe,00,FALSE,3,NONE,CEX
9023,SquareGrid,PT,130613,OneSafe,00,FALSE,3,NONE,CEX
9024,StigmergyCommit,PT,02a,OneSafe,00,TRUE,3,NUPN,INV
9025,StigmergyCommit,PT,02b,OneSafe,00,TRUE,3,NUPN,INV
9026,StigmergyCommit,PT,03a,OneSafe,00,TRUE,3,NUPN,INV
9027,StigmergyCommit,PT,03b,OneSafe,00,TRUE,3,NUPN,INV
9028,StigmergyCommit,PT,04a,OneSafe,00,TRUE,3,NUPN,INV
9029,StigmergyCommit,PT,04b,OneSafe,00,TRUE,3,NUPN,INV
9030,StigmergyCommit,PT,05a,OneSafe,00,TRUE,3,NUPN,INV
9031,StigmergyCommit,PT,05b,OneSafe,00,TRUE,3,NUPN,INV
9032,StigmergyCommit,PT,06a,OneSafe,00,TRUE,3,NUPN,INV
9033,StigmergyCommit,PT,06b,OneSafe,00,TRUE,3,NUPN,INV
9034,StigmergyCommit,PT,07a,OneSafe,00,TRUE,3,NUPN,INV
9035,StigmergyCommit,PT,07b,OneSafe,00,TRUE,3,NUPN,INV
9036,StigmergyCommit,PT,08a,OneSafe,00,TRUE,3,NUPN,INV
9037,StigmergyCommit,PT,08b,OneSafe,00,TRUE,2,NUPN,INV
9038,StigmergyCommit,PT,09a,OneSafe,00,TRUE,3,NUPN,INV
9039,StigmergyCommit,PT,09b,OneSafe,00,TRUE,2,NUPN,INV
9040,StigmergyCommit,PT,10a,OneSafe,00,TRUE,3,NUPN,INV
9041,StigmergyCommit,PT,10b,OneSafe,00,TRUE,2,NUPN,INV
9042,StigmergyCommit,PT,11a,OneSafe,00,TRUE,3,NUPN,INV
9043,StigmergyCommit,PT,11b,OneSafe,00,TRUE,1,NUPN,INV
9044,StigmergyElection,PT,02a,OneSafe,00,TRUE,3,NUPN,INV
9045,StigmergyElection,PT,02b,OneSafe,00,TRUE,3,NUPN,INV
9046,StigmergyElection,PT,03a,OneSafe,00,TRUE,3,NUPN,INV
9047,StigmergyElection,PT,03b,OneSafe,00,TRUE,3,NUPN,INV
9048,StigmergyElection,PT,04a,OneSafe,00,TRUE,3,NUPN,INV
9049,StigmergyElection,PT,04b,OneSafe,00,TRUE,3,NUPN,INV
9050,StigmergyElection,PT,05a,OneSafe,00,TRUE,3,NUPN,INV
9051,StigmergyElection,PT,05b,OneSafe,00,TRUE,3,NUPN,INV
9052,StigmergyElection,PT,06a,OneSafe,00,TRUE,3,NUPN,INV
9053,StigmergyElection,PT,06b,OneSafe,00,TRUE,3,NUPN,INV
9054,StigmergyElection,PT,07a,OneSafe,00,TRUE,3,NUPN,INV
9055,StigmergyElection,PT,07b,OneSafe,00,TRUE,3,NUPN,INV
9056,StigmergyElection,PT,08a,OneSafe,00,TRUE,3,NUPN,INV
9057,StigmergyElection,PT,08b,OneSafe,00,TRUE,3,NUPN,INV
9058,StigmergyElection,PT,09a,OneSafe,00,TRUE,3,NUPN,INV
9059,StigmergyElection,PT,09b,OneSafe,00,TRUE,3,NUPN,INV
9060,StigmergyElection,PT,10a,OneSafe,00,TRUE,3,NUPN,INV
9061,StigmergyElection,PT,10b,OneSafe,00,TRUE,2,NUPN,INV
9062,StigmergyElection,PT,11a,OneSafe,00,TRUE,3,NUPN,INV
9063,StigmergyElection,PT,11b,OneSafe,00,TRUE,2,NUPN,INV
9064,Sudoku,COL,AN01,OneSafe,00,TRUE,3,NONE,INV
9065,Sudoku,COL,AN02,OneSafe,00,FALSE,3,NONE,CEX
9066,Sudoku,COL,AN03,OneSafe,00,FALSE,3,NONE,CEX
9067,Sudoku,COL,AN04,OneSafe,00,FALSE,3,NONE,CEX
9068,Sudoku,COL,AN05,OneSafe,00,FALSE,3,NONE,CEX
9069,Sudoku,COL,AN06,OneSafe,00,FALSE,3,NONE,CEX
9070,Sudoku,COL,AN07,OneSafe,00,FALSE,3,NONE,CEX
9071,Sudoku,COL,AN08,OneSafe,00,FALSE,3,NONE,CEX
9072,Sudoku,COL,AN09,OneSafe,00,FALSE,3,NONE,CEX
9073,Sudoku,COL,AN10,OneSafe,00,FALSE,3,NONE,CEX
9074,Sudoku,COL,AN11,OneSafe,00,FALSE,3,NONE,CEX
9075,Sudoku,COL,AN12,OneSafe,00,FALSE,3,NONE,CEX
9076,Sudoku,COL,AN13,OneSafe,00,FALSE,3,NONE,CEX
9077,Sudoku,COL,AN14,OneSafe,00,FALSE,3,NONE,CEX
9078,Sudoku,COL,AN15,OneSafe,00,FALSE,3,NONE,CEX
9079,Sudoku,COL,AN16,OneSafe,00,FALSE,3,NONE,CEX
9080,Sudoku,COL,BN01,OneSafe,00,TRUE,3,NONE,INV
9081,Sudoku,COL,BN04,OneSafe,00,FALSE,3,NONE,CEX
9082,Sudoku,COL,BN09,OneSafe,00,FALSE,3,NONE,CEX
9083,Sudoku,COL,BN16,OneSafe,00,FALSE,3,NONE,CEX
9084,Sudoku,PT,AN01,OneSafe,00,TRUE,3,GEN,INV
9085,Sudoku,PT,AN02,OneSafe,00,TRUE,3,GEN,INV
9086,Sudoku,PT,AN03,OneSafe,00,TRUE,3,GEN,INV
9087,Sudoku,PT,AN04,OneSafe,00,TRUE,3,GEN,INV
9088,Sudoku,PT,AN05,OneSafe,00,TRUE,3,GEN,INV
9089,Sudoku,PT,AN06,OneSafe,00,TRUE,3,GEN,INV
9090,Sudoku,PT,AN07,OneSafe,00,TRUE,3,GEN,INV
9091,Sudoku,PT,AN08,OneSafe,00,TRUE,3,GEN,INV
9092,Sudoku,PT,AN09,OneSafe,00,TRUE,3,GEN,INV
9093,Sudoku,PT,AN10,OneSafe,00,TRUE,3,GEN,INV
9094,Sudoku,PT,AN11,OneSafe,00,TRUE,3,GEN,INV
9095,Sudoku,PT,AN12,OneSafe,00,TRUE,3,GEN,INV
9096,Sudoku,PT,AN13,OneSafe,00,TRUE,3,GEN,INV
9097,Sudoku,PT,AN14,OneSafe,00,TRUE,3,GEN,INV
9098,Sudoku,PT,AN15,OneSafe,00,TRUE,3,GEN,INV
9099,Sudoku,PT,AN16,OneSafe,00,TRUE,3,GEN,INV
9100,Sudoku,PT,BN01,OneSafe,00,TRUE,3,GEN,INV
9101,Sudoku,PT,BN04,OneSafe,00,TRUE,3,GEN,INV
9102,Sudoku,PT,BN09,OneSafe,00,TRUE,3,GEN,INV
9103,Sudoku,PT,BN16,OneSafe,00,TRUE,3,GEN,INV
9104,SwimmingPool,PT,01,OneSafe,00,FALSE,3,NONE,CEX
9105,SwimmingPool,PT,02,OneSafe,00,FALSE,3,NONE,CEX
9106,SwimmingPool,PT,03,OneSafe,00,FALSE,3,NONE,CEX
9107,SwimmingPool,PT,04,OneSafe,00,FALSE,3,NONE,CEX
9108,SwimmingPool,PT,05,OneSafe,00,FALSE,3,NONE,CEX
9109,SwimmingPool,PT,06,OneSafe,00,FALSE,3,NONE,CEX
9110,SwimmingPool,PT,07,OneSafe,00,FALSE,3,NONE,CEX
9111,SwimmingPool,PT,08,OneSafe,00,FALSE,3,NONE,CEX
9112,SwimmingPool,PT,09,OneSafe,00,FALSE,3,NONE,CEX
9113,SwimmingPool,PT,10,OneSafe,00,FALSE,3,NONE,CEX
9114,Szymanski,PT,a02,OneSafe,00,FALSE,3,NONE,CEX
9115,Szymanski,PT,a04,OneSafe,00,FALSE,3,NONE,CEX
9116,Szymanski,PT,a06,OneSafe,00,FALSE,3,NONE,CEX
9117,Szymanski,PT,a08,OneSafe,00,FALSE,3,NONE,CEX
9118,Szymanski,PT,a10,OneSafe,00,FALSE,3,NONE,CEX
9119,Szymanski,PT,a12,OneSafe,00,FALSE,3,NONE,CEX
9120,Szymanski,PT,b02,OneSafe,00,FALSE,3,NONE,CEX
9121,Szymanski,PT,b04,OneSafe,00,FALSE,3,NONE,CEX
9122,Szymanski,PT,b06,OneSafe,00,FALSE,3,NONE,CEX
9123,Szymanski,PT,b08,OneSafe,00,FALSE,3,NONE,CEX
9124,Szymanski,PT,b10,OneSafe,00,FALSE,3,NONE,CEX
9125,Szymanski,PT,b12,OneSafe,00,FALSE,3,NONE,CEX
9126,TCPcondis,PT,05,OneSafe,00,FALSE,3,NONE,CEX
9127,TCPcondis,PT,10,OneSafe,00,FALSE,3,NONE,CEX
9128,TCPcondis,PT,15,OneSafe,00,FALSE,3,NONE,CEX
9129,TCPcondis,PT,20,OneSafe,00,FALSE,3,NONE,CEX
9130,TCPcondis,PT,25,OneSafe,00,FALSE,3,NONE,CEX
9131,TCPcondis,PT,30,OneSafe,00,FALSE,3,NONE,CEX
9132,TCPcondis,PT,35,OneSafe,00,FALSE,3,NONE,CEX
9133,TCPcondis,PT,40,OneSafe,00,FALSE,3,NONE,CEX
9134,TCPcondis,PT,50,OneSafe,00,FALSE,3,NONE,CEX
9135,TokenRing,COL,005,OneSafe,00,FALSE,3,NONE,CEX
9136,TokenRing,COL,010,OneSafe,00,FALSE,3,NONE,CEX
9137,TokenRing,COL,015,OneSafe,00,FALSE,3,NONE,CEX
9138,TokenRing,COL,020,OneSafe,00,FALSE,3,NONE,CEX
9139,TokenRing,COL,030,OneSafe,00,FALSE,3,NONE,CEX
9140,TokenRing,COL,040,OneSafe,00,FALSE,3,NONE,CEX
9141,TokenRing,COL,050,OneSafe,00,FALSE,3,NONE,CEX
9142,TokenRing,COL,100,OneSafe,00,FALSE,3,NONE,CEX
9143,TokenRing,COL,200,OneSafe,00,FALSE,3,NONE,CEX
9144,TokenRing,COL,500,OneSafe,00,FALSE,3,NONE,CEX
9145,TokenRing,PT,005,OneSafe,00,TRUE,3,GEN,INV
9146,TokenRing,PT,010,OneSafe,00,TRUE,3,GEN,INV
9147,TokenRing,PT,015,OneSafe,00,TRUE,3,GEN,INV
9148,TokenRing,PT,020,OneSafe,00,TRUE,3,GEN,INV
9149,TokenRing,PT,030,OneSafe,00,TRUE,3,GEN,INV
9150,TokenRing,PT,040,OneSafe,00,TRUE,3,GEN,INV
9151,TokenRing,PT,050,OneSafe,00,TRUE,3,GEN,INV
9152,TriangularGrid,PT,1200,OneSafe,00,FALSE,3,NONE,CEX
9153,TriangularGrid,PT,1500,OneSafe,00,FALSE,3,NONE,CEX
9154,TriangularGrid,PT,2011,OneSafe,00,FALSE,3,NONE,CEX
9155,TriangularGrid,PT,3011,OneSafe,00,FALSE,3,NONE,CEX
9156,TriangularGrid,PT,3026,OneSafe,00,FALSE,3,NONE,CEX
9157,TriangularGrid,PT,4022,OneSafe,00,FALSE,3,NONE,CEX
9158,TriangularGrid,PT,5020,OneSafe,00,FALSE,3,NONE,CEX
9159,TriangularGrid,PT,5046,OneSafe,00,FALSE,3,NONE,CEX
9160,TwoPhaseLocking,PT,nC00004vD,OneSafe,00,FALSE,3,NONE,CEX
9161,TwoPhaseLocking,PT,nC00004vN,OneSafe,00,FALSE,3,NONE,CEX
9162,TwoPhaseLocking,PT,nC00010vD,OneSafe,00,FALSE,3,NONE,CEX
9163,TwoPhaseLocking,PT,nC00010vN,OneSafe,00,FALSE,3,NONE,CEX
9164,TwoPhaseLocking,PT,nC00020vD,OneSafe,00,FALSE,3,NONE,CEX
9165,TwoPhaseLocking,PT,nC00020vN,OneSafe,00,FALSE,3,NONE,CEX
9166,TwoPhaseLocking,PT,nC00050vD,OneSafe,00,FALSE,3,NONE,CEX
9167,TwoPhaseLocking,PT,nC00050vN,OneSafe,00,FALSE,3,NONE,CEX
9168,TwoPhaseLocking,PT,nC00100vD,OneSafe,00,FALSE,3,NONE,CEX
9169,TwoPhaseLocking,PT,nC00100vN,OneSafe,00,FALSE,3,NONE,CEX
9170,TwoPhaseLocking,PT,nC00200vD,OneSafe,00,FALSE,3,NONE,CEX
9171,TwoPhaseLocking,PT,nC00200vN,OneSafe,00,FALSE,3,NONE,CEX
9172,TwoPhaseLocking,PT,nC00500vD,OneSafe,00,FALSE,3,NONE,CEX
9173,TwoPhaseLocking,PT,nC00500vN,OneSafe,00,FALSE,3,NONE,CEX
9174,TwoPhaseLocking,PT,nC01000vD,OneSafe,00,FALSE,3,NONE,CEX
9175,TwoPhaseLocking,PT,nC01000vN,OneSafe,00,FALSE,3,NONE,CEX
9176,TwoPhaseLocking,PT,nC02000vD,OneSafe,00,FALSE,3,NONE,CEX
9177,TwoPhaseLocking,PT,nC02000vN,OneSafe,00,FALSE,3,NONE,CEX
9178,TwoPhaseLocking,PT,nC05000vD,OneSafe,00,FALSE,3,NONE,CEX
9179,TwoPhaseLocking,PT,nC05000vN,OneSafe,00,FALSE,3,NONE,CEX
9180,TwoPhaseLocking,PT,nC10000vD,OneSafe,00,FALSE,3,NONE,CEX
9181,TwoPhaseLocking,PT,nC10000vN,OneSafe,00,FALSE,3,NONE,CEX
9182,UtahNoC,PT,none,OneSafe,00,TRUE,3,NUPN,INV
9183,UtilityControlRoom,COL,Z2T3N04,OneSafe,00,FALSE,3,NONE,CEX
9184,UtilityControlRoom,COL,Z2T3N06,OneSafe,00,FALSE,3,NONE,CEX
9185,UtilityControlRoom,COL,Z2T3N08,OneSafe,00,FALSE,3,NONE,CEX
9186,UtilityControlRoom,COL,Z2T3N10,OneSafe,00,FALSE,3,NONE,CEX
9187,UtilityControlRoom,COL,Z2T4N02,OneSafe,00,FALSE,3,NONE,CEX
9188,UtilityControlRoom,COL,Z2T4N04,OneSafe,00,FALSE,3,NONE,CEX
9189,UtilityControlRoom,COL,Z2T4N06,OneSafe,00,FALSE,3,NONE,CEX
9190,UtilityControlRoom,COL,Z2T4N08,OneSafe,00,FALSE,3,NONE,CEX
9191,UtilityControlRoom,COL,Z2T4N10,OneSafe,00,FALSE,3,NONE,CEX
9192,UtilityControlRoom,COL,Z4T3N06,OneSafe,00,FALSE,3,NONE,CEX
9193,UtilityControlRoom,COL,Z4T3N08,OneSafe,00,FALSE,3,NONE,CEX
9194,UtilityControlRoom,COL,Z4T3N10,OneSafe,00,FALSE,3,NONE,CEX
9195,UtilityControlRoom,COL,Z4T4N02,OneSafe,00,FALSE,3,NONE,CEX
9196,UtilityControlRoom,COL,Z4T4N04,OneSafe,00,FALSE,3,NONE,CEX
9197,UtilityControlRoom,COL,Z4T4N06,OneSafe,00,FALSE,3,NONE,CEX
9198,UtilityControlRoom,COL,Z4T4N08,OneSafe,00,FALSE,3,NONE,CEX
9199,UtilityControlRoom,COL,Z4T4N10,OneSafe,00,FALSE,3,NONE,CEX
9200,UtilityControlRoom,PT,Z2T3N04,OneSafe,00,FALSE,3,NONE,CEX
9201,UtilityControlRoom,PT,Z2T3N06,OneSafe,00,FALSE,3,NONE,CEX
9202,UtilityControlRoom,PT,Z2T3N08,OneSafe,00,FALSE,3,NONE,CEX
9203,UtilityControlRoom,PT,Z2T3N10,OneSafe,00,FALSE,3,NONE,CEX
9204,UtilityControlRoom,PT,Z2T4N02,OneSafe,00,FALSE,3,NONE,CEX
9205,UtilityControlRoom,PT,Z2T4N04,OneSafe,00,FALSE,3,NONE,CEX
9206,UtilityControlRoom,PT,Z2T4N06,OneSafe,00,FALSE,3,NONE,CEX
9207,UtilityControlRoom,PT,Z2T4N08,OneSafe,00,FALSE,3,NONE,CEX
9208,UtilityControlRoom,PT,Z2T4N10,OneSafe,00,FALSE,3,NONE,CEX
9209,UtilityControlRoom,PT,Z4T3N06,OneSafe,00,FALSE,3,NONE,CEX
9210,UtilityControlRoom,PT,Z4T3N08,OneSafe,00,FALSE,3,NONE,CEX
9211,UtilityControlRoom,PT,Z4T3N10,OneSafe,00,FALSE,3,NONE,CEX
9212,UtilityControlRoom,PT,Z4T4N02,OneSafe,00,FALSE,3,NONE,CEX
9213,UtilityControlRoom,PT,Z4T4N04,OneSafe,00,FALSE,3,NONE,CEX
9214,UtilityControlRoom,PT,Z4T4N06,OneSafe,00,FALSE,3,NONE,CEX
9215,UtilityControlRoom,PT,Z4T4N08,OneSafe,00,FALSE,3,NONE,CEX
9216,UtilityControlRoom,PT,Z4T4N10,OneSafe,00,FALSE,3,NONE,CEX
9217,Vasy2003,PT,none,OneSafe,00,TRUE,3,NUPN,INV
9218,VehicularWifi,COL,none,OneSafe,00,FALSE,3,NONE,CEX
9219,ViralEpidemic,PT,S02D1C1A10,OneSafe,00,TRUE,3,GEN,INV
9220,ViralEpidemic,PT,S02D1C1A12,OneSafe,00,TRUE,2,GEN,INV
9221,ViralEpidemic,PT,S03D1C1A02,OneSafe,00,TRUE,3,GEN,INV
9222,ViralEpidemic,PT,S03D1C1A04,OneSafe,00,TRUE,3,GEN,INV
9223,ViralEpidemic,PT,S03D1C1A06,OneSafe,00,TRUE,3,GEN,INV
9224,ViralEpidemic,PT,S03D1C1A08,OneSafe,00,TRUE,2,GEN,INV
9225,ViralEpidemic,PT,S04D1C1A02,OneSafe,00,TRUE,3,GEN,INV
9226,ViralEpidemic,PT,S04D1C1A03,OneSafe,00,TRUE,3,GEN,INV
9227,ViralEpidemic,PT,S04D1C1A04,OneSafe,00,TRUE,3,GEN,INV
9228,ViralEpidemic,PT,S04D1C1A06,OneSafe,00,TRUE,2,GEN,INV
9229,ViralEpidemic,PT,S08D1C2A02,OneSafe,00,FALSE,3,NONE,CEX
9230,ViralEpidemic,PT,S08D1C2A04,OneSafe,00,FALSE,3,NONE,CEX
9231,ViralEpidemic,PT,S16D2C4A01,OneSafe,00,FALSE,3,NONE,CEX
9232,ViralEpidemic,PT,S16D2C4A02,OneSafe,00,FALSE,3,NONE,CEX
9233,ViralEpidemic,PT,S16D2C4A03,OneSafe,00,FALSE,3,NONE,CEX
9234,ZombiesAndSurvivors,PT,Circular04005005,OneSafe,00,FALSE,3,NONE,CEX
9235,ZombiesAndSurvivors,PT,Circular04100100,OneSafe,00,FALSE,3,NONE,CEX
9236,ZombiesAndSurvivors,PT,Circular32050050,OneSafe,00,FALSE,3,NONE,CEX
9237,ZombiesAndSurvivors,PT,Circular64010010,OneSafe,00,FALSE,3,NONE,CEX
9238,ZombiesAndSurvivors,PT,Circular8100100,OneSafe,00,FALSE,3,NONE,CEX
9239,ZombiesAndSurvivors,PT,Heawood140505,OneSafe,00,FALSE,3,NONE,CEX
9240,ZombiesAndSurvivors,PT,Heawood146060,OneSafe,00,FALSE,3,NONE,CEX
9241,ZombiesAndSurvivors,PT,Heawood172525,OneSafe,00,FALSE,3,NONE,CEX
9242,ZombiesAndSurvivors,PT,Heawood175050,OneSafe,00,FALSE,3,NONE,CEX
9243,ZombiesAndSurvivors,PT,Heawood381515,OneSafe,00,FALSE,3,NONE,CEX
9244,ZombiesAndSurvivors,PT,Kneser210702005005,OneSafe,00,FALSE,3,NONE,CEX
9245,ZombiesAndSurvivors,PT,Kneser210702060060,OneSafe,00,FALSE,3,NONE,CEX
9246,ZombiesAndSurvivors,PT,Kneser210702080080,OneSafe,00,FALSE,3,NONE,CEX
9247,ZombiesAndSurvivors,PT,Kneser350703060060,OneSafe,00,FALSE,3,NONE,CEX
9248,ZombiesAndSurvivors,PT,Kneser350703100100,OneSafe,00,FALSE,3,NONE,CEX
9249,ErlangenMainframeV1,PT,aP09C09,OneSafe,00,TRUE,3,NONE,INV
9250,ErlangenMainframeV1,PT,aP10C08,OneSafe,00,TRUE,3,NONE,INV
9251,ErlangenMainframeV1,PT,aP11C06,OneSafe,00,TRUE,3,NONE,INV
9252,ErlangenMainframeV1,PT,aP12C04,OneSafe,00,TRUE,3,NONE,INV
9253,ErlangenMainframeV1,PT,aP13C02,OneSafe,00,TRUE,3,NONE,INV
9254,ErlangenMainframeV1,PT,aP14C01,OneSafe,00,TRUE,3,NONE,INV
9255,ErlangenMainframeV1,PT,bP01C01,OneSafe,00,TRUE,3,NONE,INV
9256,ErlangenMainframeV1,PT,bP02C02,OneSafe,00,TRUE,3,NONE,INV
9257,ErlangenMainframeV1,PT,bP03C03,OneSafe,00,TRUE,3,NONE,INV
9258,ErlangenMainframeV1,PT,bP04C04,OneSafe,00,TRUE,3,NONE,INV
9259,ErlangenMainframeV1,PT,bP05C05,OneSafe,00,TRUE,3,NONE,INV
9260,ErlangenMainframeV1,PT,bP06C06,OneSafe,00,TRUE,3,NONE,INV
9261,ErlangenMainframeV1,PT,bP07C07,OneSafe,00,TRUE,3,NONE,INV
9262,ErlangenMainframeV1,PT,bP08C08,OneSafe,00,TRUE,3,NONE,INV
9263,ErlangenMainframeV1,PT,bP09C09,OneSafe,00,TRUE,3,NONE,INV
9264,ErlangenMainframeV1,PT,bP10C08,OneSafe,00,TRUE,3,NONE,INV
9265,ErlangenMainframeV1,PT,bP11C06,OneSafe,00,TRUE,3,NONE,INV
9266,ErlangenMainframeV1,PT,bP12C04,OneSafe,00,TRUE,3,NONE,INV
9267,ErlangenMainframeV1,PT,bP13C02,OneSafe,00,TRUE,3,NONE,INV
9268,ErlangenMainframeV1,PT,bP14C01,OneSafe,00,TRUE,3,NONE,INV
9269,ErlangenMainframeV2,PT,aP09C09,OneSafe,00,TRUE,3,NONE,INV
9270,ErlangenMainframeV2,PT,aP10C08,OneSafe,00,TRUE,3,NONE,INV
9271,ErlangenMainframeV2,PT,aP11C06,OneSafe,00,TRUE,3,NONE,INV
9272,ErlangenMainframeV2,PT,aP12C04,OneSafe,00,TRUE,3,NONE,INV
9273,ErlangenMainframeV2,PT,aP13C02,OneSafe,00,TRUE,3,NONE,INV
9274,ErlangenMainframeV2,PT,aP14C01,OneSafe,00,TRUE,3,NONE,INV
9275,ErlangenMainframeV2,PT,bP01C01,OneSafe,00,TRUE,3,NONE,INV
9276,ErlangenMainframeV2,PT,bP02C02,OneSafe,00,TRUE,3,NONE,INV
9277,ErlangenMainframeV2,PT,bP03C03,OneSafe,00,TRUE,3,NONE,INV
9278,ErlangenMainframeV2,PT,bP04C04,OneSafe,00,TRUE,3,NONE,INV
9279,ErlangenMainframeV2,PT,bP05C05,OneSafe,00,TRUE,3,NONE,INV
9280,ErlangenMainframeV2,PT,bP06C06,OneSafe,00,TRUE,3,NONE,INV
9281,ErlangenMainframeV2,PT,bP07C07,OneSafe,00,TRUE,3,NONE,INV
9282,ErlangenMainframeV2,PT,bP08C08,OneSafe,00,TRUE,3,NONE,INV
9283,ErlangenMainframeV2,PT,bP09C09,OneSafe,00,TRUE,3,NONE,INV
9284,ErlangenMainframeV2,PT,bP10C08,OneSafe,00,TRUE,3,NONE,INV
9285,ErlangenMainframeV2,PT,bP11C06,OneSafe,00,TRUE,3,NONE,INV
9286,ErlangenMainframeV2,PT,bP12C04,OneSafe,00,TRUE,3,NONE,INV
9287,ErlangenMainframeV2,PT,bP13C02,OneSafe,00,TRUE,3,NONE,INV
9288,ErlangenMainframeV2,PT,bP14C01,OneSafe,00,TRUE,3,NONE,INV
9289,FileSystem,PT,N02I05B05,OneSafe,00,FALSE,3,NONE,CEX
9290,FileSystem,PT,N02I10B08,OneSafe,00,FALSE,3,NONE,CEX
9291,FileSystem,PT,N02I10B10,OneSafe,00,FALSE,3,NONE,CEX
9292,FileSystem,PT,N02I15B15,OneSafe,00,FALSE,3,NONE,CEX
9293,FileSystem,PT,N03I10B08,OneSafe,00,FALSE,3,NONE,CEX
9294,FileSystem,PT,N03I10B10,OneSafe,00,FALSE,3,NONE,CEX
9295,FileSystem,PT,N03I10B15,OneSafe,00,FALSE,3,NONE,CEX
9296,FileSystem,PT,N05I10B10,OneSafe,00,FALSE,3,NONE,CEX
9297,FileSystem,PT,N05I10B15,OneSafe,00,FALSE,3,NONE,CEX
9298,FileSystem,PT,N08I32B26,OneSafe,00,FALSE,3,NONE,CEX
9299,LastZero,COL,N08,OneSafe,00,FALSE,3,NONE,CEX
9300,LastZero,COL,N10,OneSafe,00,FALSE,3,NONE,CEX
9301,LastZero,COL,N12,OneSafe,00,FALSE,3,NONE,CEX
9302,LastZero,COL,N14,OneSafe,00,FALSE,3,NONE,CEX
9303,LastZero,COL,N16,OneSafe,00,FALSE,3,NONE,CEX
9304,LastZero,COL,N18,OneSafe,00,FALSE,3,NONE,CEX
9305,LastZero,COL,N20,OneSafe,00,FALSE,3,NONE,CEX
9306,LastZero,COL,N22,OneSafe,00,FALSE,3,NONE,CEX
9307,LastZero,COL,N24,OneSafe,00,FALSE,3,NONE,CEX
9308,LastZero,COL,N26,OneSafe,00,FALSE,3,NONE,CEX
9309,LastZero,PT,N08,OneSafe,00,TRUE,3,NONE,INV
9310,LastZero,PT,N10,OneSafe,00,TRUE,3,NONE,INV
9311,LastZero,PT,N12,OneSafe,00,TRUE,3,NONE,INV
9312,LastZero,PT,N14,OneSafe,00,TRUE,3,NONE,INV
9313,LastZero,PT,N16,OneSafe,00,TRUE,3,NONE,INV
9314,LastZero,PT,N18,OneSafe,00,TRUE,3,NONE,INV
9315,LastZero,PT,N20,OneSafe,00,TRUE,3,NONE,INV
9316,LastZero,PT,N22,OneSafe,00,TRUE,3,NONE,INV
9317,LastZero,PT,N24,OneSafe,00,TRUE,3,NONE,INV
9318,LastZero,PT,N26,OneSafe,00,TRUE,3,NONE,INV
9319,FamilyReunion,PT,L00100M0010C005P005G002,OneSafe,00,FALSE,1,NONE,CEX
9320,FileSystem,COL,N02I05B05,OneSafe,00,FALSE,1,NONE,CEX
9321,FileSystem,COL,N02I10B08,OneSafe,00,FALSE,1,NONE,CEX
9322,FileSystem,COL,N02I10B10,OneSafe,00,FALSE,1,NONE,CEX
9323,FileSystem,COL,N02I15B15,OneSafe,00,FALSE,1,NONE,CEX
9324,FileSystem,COL,N03I10B08,OneSafe,00,FALSE,1,NONE,CEX
9325,FileSystem,COL,N03I10B10,OneSafe,00,FALSE,1,NONE,CEX
9326,FileSystem,COL,N03I10B15,OneSafe,00,FALSE,1,NONE,CEX
9327,FileSystem,COL,N05I10B10,OneSafe,00,FALSE,1,NONE,CEX
9328,FileSystem,COL,N05I10B15,OneSafe,00,FALSE,1,NONE,CEX
9329,FileSystem,COL,N08I32B26,OneSafe,00,FALSE,1,NONE,CEX
9330,SupplyChain,PT,00002,OneSafe,00,FALSE,3,NONE,CEX
9331,SupplyChain,PT,00005,OneSafe,00,FALSE,2,NONE,CEX
9332,SupplyChain,PT,00010,OneSafe,00,FALSE,1,NONE,CEX
9333,SupplyChain,PT,00020,OneSafe,00,FALSE,1,NONE,CEX
9334,SupplyChain,PT,00050,OneSafe,00,FALSE,1,NONE,CEX
9335,SupplyChain,PT,00100,OneSafe,00,FALSE,1,NONE,CEX
9336,SupplyChain,PT,00200,OneSafe,00,FALSE,1,NONE,CEX
9337,SupplyChain,PT,00500,OneSafe,00,FALSE,1,NONE,CEX
9338,SupplyChain,PT,01000,OneSafe,00,FALSE,1,NONE,CEX
