Index,ModelFamily,ModelType,ModelInstance,Examination,ID,Consensus,Solutions,Nupn,FormulaType
1,AirplaneLD,COL,0010,StateSpace,00,43463,3,NONE,UNKNOWN
2,AirplaneLD,COL,0010,StateSpace,02,1,3,NONE,UNKNOWN
3,AirplaneLD,COL,0010,StateSpace,03,38,3,NONE,UNKNOWN
4,AirplaneLD,COL,0020,StateSpace,00,308303,3,NONE,UNKNOWN
5,AirplaneLD,COL,0020,StateSpace,02,1,3,NONE,UNKNOWN
6,AirplaneLD,COL,0020,StateSpace,03,68,3,NONE,UNKNOWN
7,AirplaneLD,COL,0050,StateSpace,00,4.4712E+0006,3,NONE,UNKNOWN
8,AirplaneLD,COL,0050,StateSpace,02,1,3,NONE,UNKNOWN
9,AirplaneLD,COL,0050,StateSpace,03,158,3,NONE,UNKNOWN
10,AirplaneLD,COL,0100,StateSpace,00,3.4877E+0007,3,NONE,UNKNOWN
11,AirplaneLD,COL,0100,StateSpace,02,1,3,NONE,UNKNOWN
12,AirplaneLD,COL,0100,StateSpace,03,308,3,NONE,UNKNOWN
13,AirplaneLD,COL,0200,StateSpace,00,2.7549E+0008,3,NONE,UNKNOWN
14,AirplaneLD,COL,0200,StateSpace,02,1,3,NONE,UNKNOWN
15,AirplaneLD,COL,0200,StateSpace,03,608,3,NONE,UNKNOWN
16,AirplaneLD,COL,0500,StateSpace,00,4.2718E+0009,3,NONE,UNKNOWN
17,AirplaneLD,COL,0500,StateSpace,02,1,3,NONE,UNKNOWN
18,AirplaneLD,COL,0500,StateSpace,03,1508,3,NONE,UNKNOWN
19,AirplaneLD,COL,1000,StateSpace,00,3.4087E+0010,3,NONE,UNKNOWN
20,AirplaneLD,COL,1000,StateSpace,02,1,3,NONE,UNKNOWN
21,AirplaneLD,COL,1000,StateSpace,03,3008,3,NONE,UNKNOWN
22,AirplaneLD,COL,2000,StateSpace,00,2.7235E+0011,3,NONE,UNKNOWN
23,AirplaneLD,COL,2000,StateSpace,02,1,3,NONE,UNKNOWN
24,AirplaneLD,COL,2000,StateSpace,03,6008,3,NONE,UNKNOWN
25,AirplaneLD,COL,4000,StateSpace,00,2.1774E+0012,3,NONE,UNKNOWN
26,AirplaneLD,COL,4000,StateSpace,02,1,3,NONE,UNKNOWN
27,AirplaneLD,COL,4000,StateSpace,03,12008,3,NONE,UNKNOWN
28,AirplaneLD,PT,0010,StateSpace,00,43463,3,GEN,UNKNOWN
29,AirplaneLD,PT,0010,StateSpace,02,1,3,GEN,UNKNOWN
30,AirplaneLD,PT,0010,StateSpace,03,38,3,GEN,UNKNOWN
31,AirplaneLD,PT,0020,StateSpace,00,308303,3,GEN,UNKNOWN
32,AirplaneLD,PT,0020,StateSpace,02,1,3,GEN,UNKNOWN
33,AirplaneLD,PT,0020,StateSpace,03,68,3,GEN,UNKNOWN
34,AirplaneLD,PT,0050,StateSpace,00,4.4712E+0006,3,GEN,UNKNOWN
35,AirplaneLD,PT,0050,StateSpace,02,1,3,GEN,UNKNOWN
36,AirplaneLD,PT,0050,StateSpace,03,158,3,GEN,UNKNOWN
37,AirplaneLD,PT,0100,StateSpace,00,3.4877E+0007,3,GEN,UNKNOWN
38,AirplaneLD,PT,0100,StateSpace,02,1,3,GEN,UNKNOWN
39,AirplaneLD,PT,0100,StateSpace,03,308,3,GEN,UNKNOWN
40,AirplaneLD,PT,0200,StateSpace,00,2.7549E+0008,3,GEN,UNKNOWN
41,AirplaneLD,PT,0200,StateSpace,02,1,3,GEN,UNKNOWN
42,AirplaneLD,PT,0200,StateSpace,03,608,3,GEN,UNKNOWN
43,AirplaneLD,PT,0500,StateSpace,00,4.2718E+0009,3,GEN,UNKNOWN
44,AirplaneLD,PT,0500,StateSpace,02,1,3,GEN,UNKNOWN
45,AirplaneLD,PT,0500,StateSpace,03,1508,3,GEN,UNKNOWN
46,AirplaneLD,PT,1000,StateSpace,00,3.4087E+0010,3,GEN,UNKNOWN
47,AirplaneLD,PT,1000,StateSpace,02,1,3,GEN,UNKNOWN
48,AirplaneLD,PT,1000,StateSpace,03,3008,3,GEN,UNKNOWN
49,AirplaneLD,PT,2000,StateSpace,00,2.7235E+0011,3,GEN,UNKNOWN
50,AirplaneLD,PT,2000,StateSpace,02,1,3,GEN,UNKNOWN
51,AirplaneLD,PT,2000,StateSpace,03,6008,3,GEN,UNKNOWN
52,AirplaneLD,PT,4000,StateSpace,00,2.1774E+0012,3,GEN,UNKNOWN
53,AirplaneLD,PT,4000,StateSpace,02,1,3,GEN,UNKNOWN
54,AirplaneLD,PT,4000,StateSpace,03,12008,3,GEN,UNKNOWN
55,Anderson,PT,04,StateSpace,00,29641,3,NUPN,UNKNOWN
56,Anderson,PT,04,StateSpace,02,1,3,NUPN,UNKNOWN
57,Anderson,PT,04,StateSpace,03,6,3,NUPN,UNKNOWN
58,Anderson,PT,05,StateSpace,00,689901,3,NUPN,UNKNOWN
59,Anderson,PT,05,StateSpace,02,1,3,NUPN,UNKNOWN
60,Anderson,PT,05,StateSpace,03,7,3,NUPN,UNKNOWN
61,Anderson,PT,06,StateSpace,00,1.8207E+0007,3,NUPN,UNKNOWN
62,Anderson,PT,06,StateSpace,02,1,3,NUPN,UNKNOWN
63,Anderson,PT,06,StateSpace,03,8,3,NUPN,UNKNOWN
64,Anderson,PT,07,StateSpace,00,5.3870E+0008,3,NUPN,UNKNOWN
65,Anderson,PT,07,StateSpace,02,1,3,NUPN,UNKNOWN
66,Anderson,PT,07,StateSpace,03,9,3,NUPN,UNKNOWN
67,Anderson,PT,08,StateSpace,00,1.7686E+0010,1,NUPN,UNKNOWN
68,Anderson,PT,08,StateSpace,02,1,3,NUPN,UNKNOWN
69,Anderson,PT,08,StateSpace,03,10,3,NUPN,UNKNOWN
70,Angiogenesis,PT,01,StateSpace,00,110,3,GEN,UNKNOWN
71,Angiogenesis,PT,01,StateSpace,02,1,3,GEN,UNKNOWN
72,Angiogenesis,PT,01,StateSpace,03,8,3,GEN,UNKNOWN
73,Angiogenesis,PT,05,StateSpace,00,4.2735E+0007,3,NONE,UNKNOWN
74,Angiogenesis,PT,05,StateSpace,02,5,3,NONE,UNKNOWN
75,Angiogenesis,PT,05,StateSpace,03,40,3,NONE,UNKNOWN
76,Angiogenesis,PT,10,StateSpace,00,8.2265E+0011,3,NONE,UNKNOWN
77,Angiogenesis,PT,10,StateSpace,02,10,3,NONE,UNKNOWN
78,Angiogenesis,PT,10,StateSpace,03,80,3,NONE,UNKNOWN
79,Angiogenesis,PT,15,StateSpace,00,1.1155E+0015,3,NONE,UNKNOWN
80,Angiogenesis,PT,15,StateSpace,02,15,3,NONE,UNKNOWN
81,Angiogenesis,PT,15,StateSpace,03,120,3,NONE,UNKNOWN
82,Angiogenesis,PT,20,StateSpace,00,3.5182E+0017,1,NONE,UNKNOWN
83,Angiogenesis,PT,20,StateSpace,02,20,1,NONE,UNKNOWN
84,Angiogenesis,PT,20,StateSpace,03,160,1,NONE,UNKNOWN
85,ARMCacheCoherence,PT,none,StateSpace,00,3.2057E+0008,3,NUPN,UNKNOWN
86,ARMCacheCoherence,PT,none,StateSpace,02,1,3,NUPN,UNKNOWN
87,ARMCacheCoherence,PT,none,StateSpace,03,12,3,NUPN,UNKNOWN
88,ASLink,PT,01a,StateSpace,00,1.8940E+0008,3,NUPN,UNKNOWN
89,ASLink,PT,01a,StateSpace,02,1,3,NUPN,UNKNOWN
90,ASLink,PT,01a,StateSpace,03,23,3,NUPN,UNKNOWN
91,ASLink,PT,01b,StateSpace,00,5.9495E+0014,3,NUPN,UNKNOWN
92,ASLink,PT,01b,StateSpace,02,1,3,NUPN,UNKNOWN
93,ASLink,PT,01b,StateSpace,03,23,3,NUPN,UNKNOWN
94,ASLink,PT,02a,StateSpace,00,8.8673E+0012,3,NUPN,UNKNOWN
95,ASLink,PT,02a,StateSpace,02,1,3,NUPN,UNKNOWN
96,ASLink,PT,02a,StateSpace,03,36,3,NUPN,UNKNOWN
97,ASLink,PT,03a,StateSpace,00,4.2435E+0017,3,NUPN,UNKNOWN
98,ASLink,PT,03a,StateSpace,02,1,3,NUPN,UNKNOWN
99,ASLink,PT,03a,StateSpace,03,49,3,NUPN,UNKNOWN
100,ASLink,PT,04a,StateSpace,00,2.0328E+0022,3,NUPN,UNKNOWN
101,ASLink,PT,04a,StateSpace,02,1,3,NUPN,UNKNOWN
102,ASLink,PT,04a,StateSpace,03,62,3,NUPN,UNKNOWN
103,ASLink,PT,05a,StateSpace,00,9.7382E+0026,3,NUPN,UNKNOWN
104,ASLink,PT,05a,StateSpace,02,1,3,NUPN,UNKNOWN
105,ASLink,PT,05a,StateSpace,03,75,3,NUPN,UNKNOWN
106,ASLink,PT,06a,StateSpace,00,4.6652E+0031,3,NUPN,UNKNOWN
107,ASLink,PT,06a,StateSpace,02,1,3,NUPN,UNKNOWN
108,ASLink,PT,06a,StateSpace,03,88,3,NUPN,UNKNOWN
109,AutoFlight,PT,01a,StateSpace,00,253,3,NUPN,UNKNOWN
110,AutoFlight,PT,01a,StateSpace,02,1,3,NUPN,UNKNOWN
111,AutoFlight,PT,01a,StateSpace,03,9,3,NUPN,UNKNOWN
112,AutoFlight,PT,01b,StateSpace,00,4.8882E+0007,3,NUPN,UNKNOWN
113,AutoFlight,PT,01b,StateSpace,02,1,3,NUPN,UNKNOWN
114,AutoFlight,PT,01b,StateSpace,03,9,3,NUPN,UNKNOWN
115,AutoFlight,PT,02a,StateSpace,00,6949,3,NUPN,UNKNOWN
116,AutoFlight,PT,02a,StateSpace,02,1,3,NUPN,UNKNOWN
117,AutoFlight,PT,02a,StateSpace,03,15,3,NUPN,UNKNOWN
118,AutoFlight,PT,02b,StateSpace,00,1.6155E+0013,3,NUPN,UNKNOWN
119,AutoFlight,PT,02b,StateSpace,02,1,3,NUPN,UNKNOWN
120,AutoFlight,PT,02b,StateSpace,03,15,3,NUPN,UNKNOWN
121,AutoFlight,PT,03a,StateSpace,00,157681,3,NUPN,UNKNOWN
122,AutoFlight,PT,03a,StateSpace,02,1,3,NUPN,UNKNOWN
123,AutoFlight,PT,03a,StateSpace,03,21,3,NUPN,UNKNOWN
124,AutoFlight,PT,03b,StateSpace,00,4.0962E+0018,3,NUPN,UNKNOWN
125,AutoFlight,PT,03b,StateSpace,02,1,3,NUPN,UNKNOWN
126,AutoFlight,PT,03b,StateSpace,03,21,3,NUPN,UNKNOWN
127,AutoFlight,PT,04a,StateSpace,00,3.3320E+0006,3,NUPN,UNKNOWN
128,AutoFlight,PT,04a,StateSpace,02,1,3,NUPN,UNKNOWN
129,AutoFlight,PT,04a,StateSpace,03,27,3,NUPN,UNKNOWN
130,AutoFlight,PT,04b,StateSpace,00,9.0465E+0023,3,NUPN,UNKNOWN
131,AutoFlight,PT,04b,StateSpace,02,1,3,NUPN,UNKNOWN
132,AutoFlight,PT,04b,StateSpace,03,27,3,NUPN,UNKNOWN
133,AutoFlight,PT,05a,StateSpace,00,6.8180E+0007,3,NUPN,UNKNOWN
134,AutoFlight,PT,05a,StateSpace,02,1,3,NUPN,UNKNOWN
135,AutoFlight,PT,05a,StateSpace,03,33,3,NUPN,UNKNOWN
136,AutoFlight,PT,05b,StateSpace,00,1.8382E+0029,3,NUPN,UNKNOWN
137,AutoFlight,PT,05b,StateSpace,02,1,3,NUPN,UNKNOWN
138,AutoFlight,PT,05b,StateSpace,03,33,3,NUPN,UNKNOWN
139,AutoFlight,PT,06a,StateSpace,00,1.3719E+0009,3,NUPN,UNKNOWN
140,AutoFlight,PT,06a,StateSpace,02,1,3,NUPN,UNKNOWN
141,AutoFlight,PT,06a,StateSpace,03,39,3,NUPN,UNKNOWN
142,AutoFlight,PT,06b,StateSpace,00,3.5325E+0034,1,NUPN,UNKNOWN
143,AutoFlight,PT,06b,StateSpace,02,1,3,NUPN,UNKNOWN
144,AutoFlight,PT,06b,StateSpace,03,39,1,NUPN,UNKNOWN
145,AutoFlight,PT,12a,StateSpace,00,7.8221E+0016,3,NUPN,UNKNOWN
146,AutoFlight,PT,12a,StateSpace,02,1,3,NUPN,UNKNOWN
147,AutoFlight,PT,12a,StateSpace,03,75,3,NUPN,UNKNOWN
148,AutoFlight,PT,24a,StateSpace,00,1.6997E+0032,3,NUPN,UNKNOWN
149,AutoFlight,PT,24a,StateSpace,02,1,3,NUPN,UNKNOWN
150,AutoFlight,PT,24a,StateSpace,03,147,3,NUPN,UNKNOWN
151,AutoFlight,PT,48a,StateSpace,00,1.6136E+0051,3,NUPN,UNKNOWN
152,AutoFlight,PT,48a,StateSpace,02,1,3,NUPN,UNKNOWN
153,AutoFlight,PT,48a,StateSpace,03,257,3,NUPN,UNKNOWN
154,AutonomousCar,PT,01a,StateSpace,00,227,3,NUPN,UNKNOWN
155,AutonomousCar,PT,01a,StateSpace,02,1,3,NUPN,UNKNOWN
156,AutonomousCar,PT,01a,StateSpace,03,6,3,NUPN,UNKNOWN
157,AutonomousCar,PT,01b,StateSpace,00,117338,3,NUPN,UNKNOWN
158,AutonomousCar,PT,01b,StateSpace,02,1,3,NUPN,UNKNOWN
159,AutonomousCar,PT,01b,StateSpace,03,6,3,NUPN,UNKNOWN
160,AutonomousCar,PT,02a,StateSpace,00,2314,3,NUPN,UNKNOWN
161,AutonomousCar,PT,02a,StateSpace,02,1,3,NUPN,UNKNOWN
162,AutonomousCar,PT,02a,StateSpace,03,7,3,NUPN,UNKNOWN
163,AutonomousCar,PT,02b,StateSpace,00,4.0517E+0006,3,NUPN,UNKNOWN
164,AutonomousCar,PT,02b,StateSpace,02,1,3,NUPN,UNKNOWN
165,AutonomousCar,PT,02b,StateSpace,03,7,3,NUPN,UNKNOWN
166,AutonomousCar,PT,03a,StateSpace,00,22521,3,NUPN,UNKNOWN
167,AutonomousCar,PT,03a,StateSpace,02,1,3,NUPN,UNKNOWN
168,AutonomousCar,PT,03a,StateSpace,03,8,3,NUPN,UNKNOWN
169,AutonomousCar,PT,03b,StateSpace,00,1.4445E+0008,3,NUPN,UNKNOWN
170,AutonomousCar,PT,03b,StateSpace,02,1,3,NUPN,UNKNOWN
171,AutonomousCar,PT,03b,StateSpace,03,8,3,NUPN,UNKNOWN
172,AutonomousCar,PT,04a,StateSpace,00,206492,3,NUPN,UNKNOWN
173,AutonomousCar,PT,04a,StateSpace,02,1,3,NUPN,UNKNOWN
174,AutonomousCar,PT,04a,StateSpace,03,9,3,NUPN,UNKNOWN
175,AutonomousCar,PT,04b,StateSpace,00,4.9062E+0009,3,NUPN,UNKNOWN
176,AutonomousCar,PT,04b,StateSpace,02,1,3,NUPN,UNKNOWN
177,AutonomousCar,PT,04b,StateSpace,03,9,3,NUPN,UNKNOWN
178,AutonomousCar,PT,05a,StateSpace,00,1.8031E+0006,3,NUPN,UNKNOWN
179,AutonomousCar,PT,05a,StateSpace,02,1,3,NUPN,UNKNOWN
180,AutonomousCar,PT,05a,StateSpace,03,10,3,NUPN,UNKNOWN
181,AutonomousCar,PT,05b,StateSpace,00,1.5800E+0011,3,NUPN,UNKNOWN
182,AutonomousCar,PT,05b,StateSpace,02,1,3,NUPN,UNKNOWN
183,AutonomousCar,PT,05b,StateSpace,03,10,3,NUPN,UNKNOWN
184,AutonomousCar,PT,06a,StateSpace,00,1.5168E+0007,3,NUPN,UNKNOWN
185,AutonomousCar,PT,06a,StateSpace,02,1,3,NUPN,UNKNOWN
186,AutonomousCar,PT,06a,StateSpace,03,11,3,NUPN,UNKNOWN
187,AutonomousCar,PT,06b,StateSpace,00,4.8643E+0012,3,NUPN,UNKNOWN
188,AutonomousCar,PT,06b,StateSpace,02,1,3,NUPN,UNKNOWN
189,AutonomousCar,PT,06b,StateSpace,03,11,3,NUPN,UNKNOWN
190,AutonomousCar,PT,07a,StateSpace,00,1.2405E+0008,3,NUPN,UNKNOWN
191,AutonomousCar,PT,07a,StateSpace,02,1,3,NUPN,UNKNOWN
192,AutonomousCar,PT,07a,StateSpace,03,12,3,NUPN,UNKNOWN
193,AutonomousCar,PT,07b,StateSpace,00,1.4442E+0014,3,NUPN,UNKNOWN
194,AutonomousCar,PT,07b,StateSpace,02,1,3,NUPN,UNKNOWN
195,AutonomousCar,PT,07b,StateSpace,03,12,3,NUPN,UNKNOWN
196,AutonomousCar,PT,08a,StateSpace,00,9.9272E+0008,3,NUPN,UNKNOWN
197,AutonomousCar,PT,08a,StateSpace,02,1,3,NUPN,UNKNOWN
198,AutonomousCar,PT,08a,StateSpace,03,13,3,NUPN,UNKNOWN
199,AutonomousCar,PT,08b,StateSpace,00,4.1643E+0015,3,NUPN,UNKNOWN
200,AutonomousCar,PT,08b,StateSpace,02,1,3,NUPN,UNKNOWN
201,AutonomousCar,PT,08b,StateSpace,03,13,3,NUPN,UNKNOWN
202,AutonomousCar,PT,09a,StateSpace,00,7.8121E+0009,3,NUPN,UNKNOWN
203,AutonomousCar,PT,09a,StateSpace,02,1,3,NUPN,UNKNOWN
204,AutonomousCar,PT,09a,StateSpace,03,14,3,NUPN,UNKNOWN
205,AutonomousCar,PT,09b,StateSpace,00,1.1728E+0017,3,NUPN,UNKNOWN
206,AutonomousCar,PT,09b,StateSpace,02,1,3,NUPN,UNKNOWN
207,AutonomousCar,PT,09b,StateSpace,03,14,3,NUPN,UNKNOWN
208,AutonomousCar,PT,10a,StateSpace,00,6.0665E+0010,3,NUPN,UNKNOWN
209,AutonomousCar,PT,10a,StateSpace,02,1,3,NUPN,UNKNOWN
210,AutonomousCar,PT,10a,StateSpace,03,15,3,NUPN,UNKNOWN
211,AutonomousCar,PT,10b,StateSpace,00,3.2393E+0018,3,NUPN,UNKNOWN
212,AutonomousCar,PT,10b,StateSpace,02,1,3,NUPN,UNKNOWN
213,AutonomousCar,PT,10b,StateSpace,03,15,3,NUPN,UNKNOWN
214,BART,COL,002,StateSpace,00,17424,3,NONE,UNKNOWN
215,BART,COL,002,StateSpace,02,1,3,NONE,UNKNOWN
216,BART,COL,002,StateSpace,03,274,3,NONE,UNKNOWN
217,BART,COL,005,StateSpace,00,4.0075E+0010,3,NONE,UNKNOWN
218,BART,COL,005,StateSpace,02,1,3,NONE,UNKNOWN
219,BART,COL,005,StateSpace,03,277,3,NONE,UNKNOWN
220,BART,COL,010,StateSpace,00,1.6060E+0021,3,NONE,UNKNOWN
221,BART,COL,010,StateSpace,02,1,3,NONE,UNKNOWN
222,BART,COL,010,StateSpace,03,282,3,NONE,UNKNOWN
223,BART,COL,020,StateSpace,00,2.5792E+0042,3,NONE,UNKNOWN
224,BART,COL,020,StateSpace,02,1,3,NONE,UNKNOWN
225,BART,COL,020,StateSpace,03,292,3,NONE,UNKNOWN
226,BART,COL,030,StateSpace,00,4.1421E+0063,3,NONE,UNKNOWN
227,BART,COL,030,StateSpace,02,1,3,NONE,UNKNOWN
228,BART,COL,030,StateSpace,03,302,3,NONE,UNKNOWN
229,BART,COL,040,StateSpace,00,6.6521E+0084,3,NONE,UNKNOWN
230,BART,COL,040,StateSpace,02,1,3,NONE,UNKNOWN
231,BART,COL,040,StateSpace,03,312,3,NONE,UNKNOWN
232,BART,COL,050,StateSpace,00,1.0683E+0106,3,NONE,UNKNOWN
233,BART,COL,050,StateSpace,02,1,3,NONE,UNKNOWN
234,BART,COL,050,StateSpace,03,322,3,NONE,UNKNOWN
235,BART,COL,060,StateSpace,00,1.7157E+0127,3,NONE,UNKNOWN
236,BART,COL,060,StateSpace,02,1,3,NONE,UNKNOWN
237,BART,COL,060,StateSpace,03,332,3,NONE,UNKNOWN
238,BART,PT,002,StateSpace,00,17424,3,GEN,UNKNOWN
239,BART,PT,002,StateSpace,02,1,3,GEN,UNKNOWN
240,BART,PT,002,StateSpace,03,212,3,GEN,UNKNOWN
241,BART,PT,005,StateSpace,00,4.0075E+0010,3,GEN,UNKNOWN
242,BART,PT,005,StateSpace,02,1,3,GEN,UNKNOWN
243,BART,PT,005,StateSpace,03,215,3,GEN,UNKNOWN
244,BART,PT,010,StateSpace,00,1.6060E+0021,3,GEN,UNKNOWN
245,BART,PT,010,StateSpace,02,1,3,GEN,UNKNOWN
246,BART,PT,010,StateSpace,03,220,3,GEN,UNKNOWN
247,BART,PT,020,StateSpace,00,2.5792E+0042,3,GEN,UNKNOWN
248,BART,PT,020,StateSpace,02,1,3,GEN,UNKNOWN
249,BART,PT,020,StateSpace,03,230,3,GEN,UNKNOWN
250,BART,PT,030,StateSpace,00,4.1421E+0063,3,GEN,UNKNOWN
251,BART,PT,030,StateSpace,02,1,3,GEN,UNKNOWN
252,BART,PT,030,StateSpace,03,240,3,GEN,UNKNOWN
253,BART,PT,040,StateSpace,00,6.6521E+0084,3,GEN,UNKNOWN
254,BART,PT,040,StateSpace,02,1,3,GEN,UNKNOWN
255,BART,PT,040,StateSpace,03,250,3,GEN,UNKNOWN
256,BART,PT,050,StateSpace,00,1.0683E+0106,3,GEN,UNKNOWN
257,BART,PT,050,StateSpace,02,1,3,GEN,UNKNOWN
258,BART,PT,050,StateSpace,03,260,3,GEN,UNKNOWN
259,BART,PT,060,StateSpace,00,1.7157E+0127,3,GEN,UNKNOWN
260,BART,PT,060,StateSpace,02,1,3,GEN,UNKNOWN
261,BART,PT,060,StateSpace,03,270,3,GEN,UNKNOWN
262,BlocksWorld,PT,01,StateSpace,00,8.1457E+0006,3,NONE,UNKNOWN
263,BlocksWorld,PT,01,StateSpace,02,1,3,NONE,UNKNOWN
264,BlocksWorld,PT,01,StateSpace,03,19,3,NONE,UNKNOWN
265,BridgeAndVehicles,COL,V04P05N02,StateSpace,00,2874,3,NONE,UNKNOWN
266,BridgeAndVehicles,COL,V04P05N02,StateSpace,02,5,3,NONE,UNKNOWN
267,BridgeAndVehicles,COL,V04P05N02,StateSpace,03,17,3,NONE,UNKNOWN
268,BridgeAndVehicles,COL,V10P10N10,StateSpace,00,259556,3,NONE,UNKNOWN
269,BridgeAndVehicles,COL,V10P10N10,StateSpace,02,10,3,NONE,UNKNOWN
270,BridgeAndVehicles,COL,V10P10N10,StateSpace,03,34,3,NONE,UNKNOWN
271,BridgeAndVehicles,COL,V20P10N10,StateSpace,00,6.7326E+0006,3,NONE,UNKNOWN
272,BridgeAndVehicles,COL,V20P10N10,StateSpace,02,20,3,NONE,UNKNOWN
273,BridgeAndVehicles,COL,V20P10N10,StateSpace,03,54,3,NONE,UNKNOWN
274,BridgeAndVehicles,COL,V20P10N20,StateSpace,00,9.0763E+0006,3,NONE,UNKNOWN
275,BridgeAndVehicles,COL,V20P10N20,StateSpace,02,20,3,NONE,UNKNOWN
276,BridgeAndVehicles,COL,V20P10N20,StateSpace,03,54,3,NONE,UNKNOWN
277,BridgeAndVehicles,COL,V20P10N50,StateSpace,00,9.0809E+0006,3,NONE,UNKNOWN
278,BridgeAndVehicles,COL,V20P10N50,StateSpace,02,20,3,NONE,UNKNOWN
279,BridgeAndVehicles,COL,V20P10N50,StateSpace,03,54,3,NONE,UNKNOWN
280,BridgeAndVehicles,COL,V20P20N10,StateSpace,00,6.7326E+0006,3,NONE,UNKNOWN
281,BridgeAndVehicles,COL,V20P20N10,StateSpace,02,20,3,NONE,UNKNOWN
282,BridgeAndVehicles,COL,V20P20N10,StateSpace,03,64,3,NONE,UNKNOWN
283,BridgeAndVehicles,COL,V20P20N20,StateSpace,00,9.7836E+0006,3,NONE,UNKNOWN
284,BridgeAndVehicles,COL,V20P20N20,StateSpace,02,20,3,NONE,UNKNOWN
285,BridgeAndVehicles,COL,V20P20N20,StateSpace,03,64,3,NONE,UNKNOWN
286,BridgeAndVehicles,COL,V20P20N50,StateSpace,00,9.7923E+0006,3,NONE,UNKNOWN
287,BridgeAndVehicles,COL,V20P20N50,StateSpace,02,20,3,NONE,UNKNOWN
288,BridgeAndVehicles,COL,V20P20N50,StateSpace,03,64,3,NONE,UNKNOWN
289,BridgeAndVehicles,PT,V04P05N02,StateSpace,00,2874,3,NONE,UNKNOWN
290,BridgeAndVehicles,PT,V04P05N02,StateSpace,02,5,3,NONE,UNKNOWN
291,BridgeAndVehicles,PT,V04P05N02,StateSpace,03,17,3,NONE,UNKNOWN
292,BridgeAndVehicles,PT,V10P10N10,StateSpace,00,259556,3,NONE,UNKNOWN
293,BridgeAndVehicles,PT,V10P10N10,StateSpace,02,10,3,NONE,UNKNOWN
294,BridgeAndVehicles,PT,V10P10N10,StateSpace,03,34,3,NONE,UNKNOWN
295,BridgeAndVehicles,PT,V20P10N10,StateSpace,00,6.7326E+0006,3,NONE,UNKNOWN
296,BridgeAndVehicles,PT,V20P10N10,StateSpace,02,20,3,NONE,UNKNOWN
297,BridgeAndVehicles,PT,V20P10N10,StateSpace,03,54,3,NONE,UNKNOWN
298,BridgeAndVehicles,PT,V20P10N20,StateSpace,00,9.0763E+0006,3,NONE,UNKNOWN
299,BridgeAndVehicles,PT,V20P10N20,StateSpace,02,20,3,NONE,UNKNOWN
300,BridgeAndVehicles,PT,V20P10N20,StateSpace,03,54,3,NONE,UNKNOWN
301,BridgeAndVehicles,PT,V20P10N50,StateSpace,00,9.0809E+0006,3,NONE,UNKNOWN
302,BridgeAndVehicles,PT,V20P10N50,StateSpace,02,20,3,NONE,UNKNOWN
303,BridgeAndVehicles,PT,V20P10N50,StateSpace,03,54,3,NONE,UNKNOWN
304,BridgeAndVehicles,PT,V20P20N10,StateSpace,00,6.7326E+0006,3,NONE,UNKNOWN
305,BridgeAndVehicles,PT,V20P20N10,StateSpace,02,20,3,NONE,UNKNOWN
306,BridgeAndVehicles,PT,V20P20N10,StateSpace,03,64,3,NONE,UNKNOWN
307,BridgeAndVehicles,PT,V20P20N20,StateSpace,00,9.7836E+0006,3,NONE,UNKNOWN
308,BridgeAndVehicles,PT,V20P20N20,StateSpace,02,20,3,NONE,UNKNOWN
309,BridgeAndVehicles,PT,V20P20N20,StateSpace,03,64,3,NONE,UNKNOWN
310,BridgeAndVehicles,PT,V20P20N50,StateSpace,00,9.7923E+0006,3,NONE,UNKNOWN
311,BridgeAndVehicles,PT,V20P20N50,StateSpace,02,20,3,NONE,UNKNOWN
312,BridgeAndVehicles,PT,V20P20N50,StateSpace,03,64,3,NONE,UNKNOWN
313,BusinessProcesses,PT,01,StateSpace,00,2.4161E+0010,3,NUPN,UNKNOWN
314,BusinessProcesses,PT,01,StateSpace,02,1,3,NUPN,UNKNOWN
315,BusinessProcesses,PT,01,StateSpace,03,22,3,NUPN,UNKNOWN
316,BusinessProcesses,PT,02,StateSpace,00,3.1432E+0012,3,NUPN,UNKNOWN
317,BusinessProcesses,PT,02,StateSpace,02,1,3,NUPN,UNKNOWN
318,BusinessProcesses,PT,02,StateSpace,03,32,3,NUPN,UNKNOWN
319,BusinessProcesses,PT,03,StateSpace,00,1.4794E+0013,3,NUPN,UNKNOWN
320,BusinessProcesses,PT,03,StateSpace,02,1,3,NUPN,UNKNOWN
321,BusinessProcesses,PT,03,StateSpace,03,31,3,NUPN,UNKNOWN
322,BusinessProcesses,PT,04,StateSpace,00,2.1970E+0011,3,NUPN,UNKNOWN
323,BusinessProcesses,PT,04,StateSpace,02,1,3,NUPN,UNKNOWN
324,BusinessProcesses,PT,04,StateSpace,03,25,3,NUPN,UNKNOWN
325,BusinessProcesses,PT,05,StateSpace,00,2.3839E+0017,3,NUPN,UNKNOWN
326,BusinessProcesses,PT,05,StateSpace,02,1,3,NUPN,UNKNOWN
327,BusinessProcesses,PT,05,StateSpace,03,41,3,NUPN,UNKNOWN
328,BusinessProcesses,PT,06,StateSpace,00,2.9156E+0018,3,NUPN,UNKNOWN
329,BusinessProcesses,PT,06,StateSpace,02,1,3,NUPN,UNKNOWN
330,BusinessProcesses,PT,06,StateSpace,03,56,3,NUPN,UNKNOWN
331,BusinessProcesses,PT,07,StateSpace,00,8.1436E+0017,3,NUPN,UNKNOWN
332,BusinessProcesses,PT,07,StateSpace,02,1,3,NUPN,UNKNOWN
333,BusinessProcesses,PT,07,StateSpace,03,39,3,NUPN,UNKNOWN
334,BusinessProcesses,PT,08,StateSpace,00,4.9400E+0017,3,NUPN,UNKNOWN
335,BusinessProcesses,PT,08,StateSpace,02,1,3,NUPN,UNKNOWN
336,BusinessProcesses,PT,08,StateSpace,03,44,3,NUPN,UNKNOWN
337,BusinessProcesses,PT,09,StateSpace,00,7.5226E+0018,3,NUPN,UNKNOWN
338,BusinessProcesses,PT,09,StateSpace,02,1,3,NUPN,UNKNOWN
339,BusinessProcesses,PT,09,StateSpace,03,41,3,NUPN,UNKNOWN
340,BusinessProcesses,PT,10,StateSpace,00,2.0834E+0025,3,NUPN,UNKNOWN
341,BusinessProcesses,PT,10,StateSpace,02,1,3,NUPN,UNKNOWN
342,BusinessProcesses,PT,10,StateSpace,03,54,3,NUPN,UNKNOWN
343,BusinessProcesses,PT,11,StateSpace,00,7.1819E+0022,3,NUPN,UNKNOWN
344,BusinessProcesses,PT,11,StateSpace,02,1,3,NUPN,UNKNOWN
345,BusinessProcesses,PT,11,StateSpace,03,61,3,NUPN,UNKNOWN
346,BusinessProcesses,PT,12,StateSpace,00,6.1433E+0023,3,NUPN,UNKNOWN
347,BusinessProcesses,PT,12,StateSpace,02,1,3,NUPN,UNKNOWN
348,BusinessProcesses,PT,12,StateSpace,03,63,3,NUPN,UNKNOWN
349,BusinessProcesses,PT,13,StateSpace,00,3.1266E+0025,3,NUPN,UNKNOWN
350,BusinessProcesses,PT,13,StateSpace,02,1,3,NUPN,UNKNOWN
351,BusinessProcesses,PT,13,StateSpace,03,62,3,NUPN,UNKNOWN
352,BusinessProcesses,PT,14,StateSpace,00,5.1850E+0026,3,NUPN,UNKNOWN
353,BusinessProcesses,PT,14,StateSpace,02,1,3,NUPN,UNKNOWN
354,BusinessProcesses,PT,14,StateSpace,03,65,3,NUPN,UNKNOWN
355,BusinessProcesses,PT,15,StateSpace,00,8.8732E+0025,3,NUPN,UNKNOWN
356,BusinessProcesses,PT,15,StateSpace,02,1,3,NUPN,UNKNOWN
357,BusinessProcesses,PT,15,StateSpace,03,67,3,NUPN,UNKNOWN
358,BusinessProcesses,PT,16,StateSpace,00,3.7427E+0027,3,NUPN,UNKNOWN
359,BusinessProcesses,PT,16,StateSpace,02,1,3,NUPN,UNKNOWN
360,BusinessProcesses,PT,16,StateSpace,03,66,3,NUPN,UNKNOWN
361,BusinessProcesses,PT,17,StateSpace,00,3.7496E+0026,3,NUPN,UNKNOWN
362,BusinessProcesses,PT,17,StateSpace,02,1,3,NUPN,UNKNOWN
363,BusinessProcesses,PT,17,StateSpace,03,70,3,NUPN,UNKNOWN
364,BusinessProcesses,PT,18,StateSpace,00,3.7276E+0031,3,NUPN,UNKNOWN
365,BusinessProcesses,PT,18,StateSpace,02,1,3,NUPN,UNKNOWN
366,BusinessProcesses,PT,18,StateSpace,03,77,3,NUPN,UNKNOWN
367,BusinessProcesses,PT,19,StateSpace,00,7.1571E+0033,3,NUPN,UNKNOWN
368,BusinessProcesses,PT,19,StateSpace,02,1,3,NUPN,UNKNOWN
369,BusinessProcesses,PT,19,StateSpace,03,84,3,NUPN,UNKNOWN
370,CANConstruction,PT,005,StateSpace,00,97527,3,NONE,UNKNOWN
371,CANConstruction,PT,005,StateSpace,02,5,3,NONE,UNKNOWN
372,CANConstruction,PT,005,StateSpace,03,10,3,NONE,UNKNOWN
373,CANConstruction,PT,010,StateSpace,00,8.6526E+0010,3,NONE,UNKNOWN
374,CANConstruction,PT,010,StateSpace,02,10,3,NONE,UNKNOWN
375,CANConstruction,PT,010,StateSpace,03,20,3,NONE,UNKNOWN
376,CANInsertWithFailure,PT,005,StateSpace,00,200157,3,NONE,UNKNOWN
377,CANInsertWithFailure,PT,005,StateSpace,02,5,3,NONE,UNKNOWN
378,CANInsertWithFailure,PT,005,StateSpace,03,11,3,NONE,UNKNOWN
379,Champagne,PT,H04T0R,StateSpace,00,7.0608E+0013,3,NONE,UNKNOWN
380,Champagne,PT,H04T0R,StateSpace,02,1,3,NONE,UNKNOWN
381,Champagne,PT,H04T0R,StateSpace,03,11,3,NONE,UNKNOWN
382,Champagne,PT,H04T1U,StateSpace,00,1.7287E+0015,3,NONE,UNKNOWN
383,Champagne,PT,H04T1U,StateSpace,02,1,3,NONE,UNKNOWN
384,Champagne,PT,H04T1U,StateSpace,03,11,3,NONE,UNKNOWN
385,Champagne,PT,H04T2O,StateSpace,00,1.5061E+0017,3,NONE,UNKNOWN
386,Champagne,PT,H04T2O,StateSpace,02,1,3,NONE,UNKNOWN
387,Champagne,PT,H04T2O,StateSpace,03,11,3,NONE,UNKNOWN
388,Champagne,PT,H05T0R,StateSpace,00,7.2080E+0018,3,NONE,UNKNOWN
389,Champagne,PT,H05T0R,StateSpace,02,1,3,NONE,UNKNOWN
390,Champagne,PT,H05T0R,StateSpace,03,15,3,NONE,UNKNOWN
391,Champagne,PT,H05T1U,StateSpace,00,5.6559E+0020,3,NONE,UNKNOWN
392,Champagne,PT,H05T1U,StateSpace,02,1,3,NONE,UNKNOWN
393,Champagne,PT,H05T1U,StateSpace,03,15,3,NONE,UNKNOWN
394,Champagne,PT,H05T2O,StateSpace,00,2.5400E+0023,3,NONE,UNKNOWN
395,Champagne,PT,H05T2O,StateSpace,02,1,3,NONE,UNKNOWN
396,Champagne,PT,H05T2O,StateSpace,03,15,3,NONE,UNKNOWN
397,Champagne,PT,H06T0R,StateSpace,00,1.3187E+0025,3,NONE,UNKNOWN
398,Champagne,PT,H06T0R,StateSpace,02,1,3,NONE,UNKNOWN
399,Champagne,PT,H06T0R,StateSpace,03,20,3,NONE,UNKNOWN
400,Champagne,PT,H06T1U,StateSpace,00,4.3910E+0027,3,NONE,UNKNOWN
401,Champagne,PT,H06T1U,StateSpace,02,1,3,NONE,UNKNOWN
402,Champagne,PT,H06T1U,StateSpace,03,20,3,NONE,UNKNOWN
403,Champagne,PT,H06T2O,StateSpace,00,1.5239E+0031,3,NONE,UNKNOWN
404,Champagne,PT,H06T2O,StateSpace,02,1,3,NONE,UNKNOWN
405,Champagne,PT,H06T2O,StateSpace,03,20,3,NONE,UNKNOWN
406,Champagne,PT,H07T0R,StateSpace,00,7.8313E+0033,3,NONE,UNKNOWN
407,Champagne,PT,H07T0R,StateSpace,02,1,3,NONE,UNKNOWN
408,Champagne,PT,H07T0R,StateSpace,03,27,3,NONE,UNKNOWN
409,Champagne,PT,H07T1U,StateSpace,00,1.9475E+0037,3,NONE,UNKNOWN
410,Champagne,PT,H07T1U,StateSpace,02,1,3,NONE,UNKNOWN
411,Champagne,PT,H07T1U,StateSpace,03,27,3,NONE,UNKNOWN
412,Champagne,PT,H07T2O,StateSpace,00,1.1688E+0042,3,NONE,UNKNOWN
413,Champagne,PT,H07T2O,StateSpace,02,1,3,NONE,UNKNOWN
414,Champagne,PT,H07T2O,StateSpace,03,27,3,NONE,UNKNOWN
415,Champagne,PT,H08T0R,StateSpace,00,2.7423E+0046,3,NONE,UNKNOWN
416,Champagne,PT,H08T0R,StateSpace,02,1,3,NONE,UNKNOWN
417,Champagne,PT,H08T0R,StateSpace,03,37,3,NONE,UNKNOWN
418,Champagne,PT,H08T1U,StateSpace,00,1.1956E+0051,3,NONE,UNKNOWN
419,Champagne,PT,H08T1U,StateSpace,02,1,3,NONE,UNKNOWN
420,Champagne,PT,H08T1U,StateSpace,03,37,3,NONE,UNKNOWN
421,Champagne,PT,H08T2O,StateSpace,00,4.1328E+0057,3,NONE,UNKNOWN
422,Champagne,PT,H08T2O,StateSpace,02,1,3,NONE,UNKNOWN
423,Champagne,PT,H08T2O,StateSpace,03,37,3,NONE,UNKNOWN
424,Champagne,PT,H09T0R,StateSpace,00,3.1550E+0061,3,NONE,UNKNOWN
425,Champagne,PT,H09T0R,StateSpace,02,1,3,NONE,UNKNOWN
426,Champagne,PT,H09T0R,StateSpace,03,49,3,NONE,UNKNOWN
427,Champagne,PT,H09T1U,StateSpace,00,4.2883E+0067,3,NONE,UNKNOWN
428,Champagne,PT,H09T1U,StateSpace,02,1,3,NONE,UNKNOWN
429,Champagne,PT,H09T1U,StateSpace,03,49,3,NONE,UNKNOWN
430,Champagne,PT,H09T2O,StateSpace,00,1.8982E+0076,3,NONE,UNKNOWN
431,Champagne,PT,H09T2O,StateSpace,02,1,3,NONE,UNKNOWN
432,Champagne,PT,H09T2O,StateSpace,03,49,3,NONE,UNKNOWN
433,Champagne,PT,H10T0R,StateSpace,00,1.1835E+0079,3,NONE,UNKNOWN
434,Champagne,PT,H10T0R,StateSpace,02,1,3,NONE,UNKNOWN
435,Champagne,PT,H10T0R,StateSpace,03,63,3,NONE,UNKNOWN
436,Champagne,PT,H10T1U,StateSpace,00,8.9591E+0086,3,NONE,UNKNOWN
437,Champagne,PT,H10T1U,StateSpace,02,1,3,NONE,UNKNOWN
438,Champagne,PT,H10T1U,StateSpace,03,63,3,NONE,UNKNOWN
439,Champagne,PT,H10T2O,StateSpace,00,1.1403E+0098,3,NONE,UNKNOWN
440,Champagne,PT,H10T2O,StateSpace,02,1,3,NONE,UNKNOWN
441,Champagne,PT,H10T2O,StateSpace,03,63,3,NONE,UNKNOWN
442,CircadianClock,PT,000001,StateSpace,00,128,3,GEN,UNKNOWN
443,CircadianClock,PT,000001,StateSpace,02,1,3,GEN,UNKNOWN
444,CircadianClock,PT,000001,StateSpace,03,7,3,GEN,UNKNOWN
445,CircadianClock,PT,000010,StateSpace,00,644204,3,NONE,UNKNOWN
446,CircadianClock,PT,000010,StateSpace,02,10,3,NONE,UNKNOWN
447,CircadianClock,PT,000010,StateSpace,03,52,3,NONE,UNKNOWN
448,CircadianClock,PT,000100,StateSpace,00,4.2040E+0010,3,NONE,UNKNOWN
449,CircadianClock,PT,000100,StateSpace,02,100,3,NONE,UNKNOWN
450,CircadianClock,PT,000100,StateSpace,03,502,3,NONE,UNKNOWN
451,CircadianClock,PT,001000,StateSpace,00,4.0200E+0015,3,NONE,UNKNOWN
452,CircadianClock,PT,001000,StateSpace,02,1000,3,NONE,UNKNOWN
453,CircadianClock,PT,001000,StateSpace,03,5002,3,NONE,UNKNOWN
454,CircularTrains,PT,012,StateSpace,00,195,3,NONE,UNKNOWN
455,CircularTrains,PT,012,StateSpace,02,2,3,NONE,UNKNOWN
456,CircularTrains,PT,012,StateSpace,03,12,3,NONE,UNKNOWN
457,CircularTrains,PT,024,StateSpace,00,86515,3,NONE,UNKNOWN
458,CircularTrains,PT,024,StateSpace,02,2,3,NONE,UNKNOWN
459,CircularTrains,PT,024,StateSpace,03,24,3,NONE,UNKNOWN
460,CircularTrains,PT,048,StateSpace,00,2.3973E+0010,3,NONE,UNKNOWN
461,CircularTrains,PT,048,StateSpace,02,2,3,NONE,UNKNOWN
462,CircularTrains,PT,048,StateSpace,03,48,3,NONE,UNKNOWN
463,CircularTrains,PT,096,StateSpace,00,2.5913E+0021,3,NONE,UNKNOWN
464,CircularTrains,PT,096,StateSpace,02,2,3,NONE,UNKNOWN
465,CircularTrains,PT,096,StateSpace,03,96,3,NONE,UNKNOWN
466,CircularTrains,PT,192,StateSpace,00,4.2702E+0043,3,NONE,UNKNOWN
467,CircularTrains,PT,192,StateSpace,02,2,3,NONE,UNKNOWN
468,CircularTrains,PT,192,StateSpace,03,192,3,NONE,UNKNOWN
469,CircularTrains,PT,384,StateSpace,00,1.6377E+0088,3,NONE,UNKNOWN
470,CircularTrains,PT,384,StateSpace,02,2,3,NONE,UNKNOWN
471,CircularTrains,PT,384,StateSpace,03,384,3,NONE,UNKNOWN
472,ClientsAndServers,PT,N0001P0,StateSpace,00,27576,3,NONE,UNKNOWN
473,ClientsAndServers,PT,N0001P0,StateSpace,02,8,3,NONE,UNKNOWN
474,ClientsAndServers,PT,N0001P0,StateSpace,03,25,3,NONE,UNKNOWN
475,ClientsAndServers,PT,N0002P0,StateSpace,00,7.0816E+0006,3,NONE,UNKNOWN
476,ClientsAndServers,PT,N0002P0,StateSpace,02,16,3,NONE,UNKNOWN
477,ClientsAndServers,PT,N0002P0,StateSpace,03,50,3,NONE,UNKNOWN
478,ClientsAndServers,PT,N0002P1,StateSpace,00,1.2462E+0007,3,NONE,UNKNOWN
479,ClientsAndServers,PT,N0002P1,StateSpace,02,16,3,NONE,UNKNOWN
480,ClientsAndServers,PT,N0002P1,StateSpace,03,55,3,NONE,UNKNOWN
481,ClientsAndServers,PT,N0005P0,StateSpace,00,1.2551E+0011,3,NONE,UNKNOWN
482,ClientsAndServers,PT,N0005P0,StateSpace,02,40,3,NONE,UNKNOWN
483,ClientsAndServers,PT,N0005P0,StateSpace,03,125,3,NONE,UNKNOWN
484,ClientsAndServers,PT,N0005P1,StateSpace,00,2.1171E+0011,3,NONE,UNKNOWN
485,ClientsAndServers,PT,N0005P1,StateSpace,02,40,3,NONE,UNKNOWN
486,ClientsAndServers,PT,N0005P1,StateSpace,03,130,3,NONE,UNKNOWN
487,ClientsAndServers,PT,N0010P0,StateSpace,00,1.0911E+0015,3,NONE,UNKNOWN
488,ClientsAndServers,PT,N0010P0,StateSpace,02,80,3,NONE,UNKNOWN
489,ClientsAndServers,PT,N0010P0,StateSpace,03,250,3,NONE,UNKNOWN
490,ClientsAndServers,PT,N0010P1,StateSpace,00,1.5502E+0015,3,NONE,UNKNOWN
491,ClientsAndServers,PT,N0010P1,StateSpace,02,80,3,NONE,UNKNOWN
492,ClientsAndServers,PT,N0010P1,StateSpace,03,255,3,NONE,UNKNOWN
493,ClientsAndServers,PT,N0010P2,StateSpace,00,1.8980E+0015,3,NONE,UNKNOWN
494,ClientsAndServers,PT,N0010P2,StateSpace,02,80,3,NONE,UNKNOWN
495,ClientsAndServers,PT,N0010P2,StateSpace,03,260,3,NONE,UNKNOWN
496,CloudDeployment,PT,2a,StateSpace,00,4807,3,NUPN,UNKNOWN
497,CloudDeployment,PT,2a,StateSpace,02,1,3,NUPN,UNKNOWN
498,CloudDeployment,PT,2a,StateSpace,03,9,3,NUPN,UNKNOWN
499,CloudDeployment,PT,2b,StateSpace,00,1.6766E+0011,3,NUPN,UNKNOWN
500,CloudDeployment,PT,2b,StateSpace,02,1,3,NUPN,UNKNOWN
501,CloudDeployment,PT,2b,StateSpace,03,9,3,NUPN,UNKNOWN
502,CloudDeployment,PT,3a,StateSpace,00,190102,3,NUPN,UNKNOWN
503,CloudDeployment,PT,3a,StateSpace,02,1,3,NUPN,UNKNOWN
504,CloudDeployment,PT,3a,StateSpace,03,13,3,NUPN,UNKNOWN
505,CloudDeployment,PT,3b,StateSpace,00,7.4567E+0016,3,NUPN,UNKNOWN
506,CloudDeployment,PT,3b,StateSpace,02,1,3,NUPN,UNKNOWN
507,CloudDeployment,PT,3b,StateSpace,03,13,3,NUPN,UNKNOWN
508,CloudDeployment,PT,4a,StateSpace,00,7.0910E+0006,3,NUPN,UNKNOWN
509,CloudDeployment,PT,4a,StateSpace,02,1,3,NUPN,UNKNOWN
510,CloudDeployment,PT,4a,StateSpace,03,17,3,NUPN,UNKNOWN
511,CloudDeployment,PT,5a,StateSpace,00,2.4883E+0008,3,NUPN,UNKNOWN
512,CloudDeployment,PT,5a,StateSpace,02,1,3,NUPN,UNKNOWN
513,CloudDeployment,PT,5a,StateSpace,03,21,3,NUPN,UNKNOWN
514,CloudDeployment,PT,6a,StateSpace,00,8.3047E+0009,3,NUPN,UNKNOWN
515,CloudDeployment,PT,6a,StateSpace,02,1,3,NUPN,UNKNOWN
516,CloudDeployment,PT,6a,StateSpace,03,25,3,NUPN,UNKNOWN
517,CloudDeployment,PT,7a,StateSpace,00,2.6648E+0011,3,NUPN,UNKNOWN
518,CloudDeployment,PT,7a,StateSpace,02,1,3,NUPN,UNKNOWN
519,CloudDeployment,PT,7a,StateSpace,03,29,3,NUPN,UNKNOWN
520,CloudOpsManagement,PT,00002by00001,StateSpace,00,3857,3,NONE,UNKNOWN
521,CloudOpsManagement,PT,00002by00001,StateSpace,02,4,3,NONE,UNKNOWN
522,CloudOpsManagement,PT,00002by00001,StateSpace,03,18,3,NONE,UNKNOWN
523,CloudOpsManagement,PT,00005by00002,StateSpace,00,1.6127E+0006,3,NONE,UNKNOWN
524,CloudOpsManagement,PT,00005by00002,StateSpace,02,9,3,NONE,UNKNOWN
525,CloudOpsManagement,PT,00005by00002,StateSpace,03,41,3,NONE,UNKNOWN
526,CloudOpsManagement,PT,00010by00005,StateSpace,00,1.0733E+0010,3,NONE,UNKNOWN
527,CloudOpsManagement,PT,00010by00005,StateSpace,02,20,3,NONE,UNKNOWN
528,CloudOpsManagement,PT,00010by00005,StateSpace,03,90,3,NONE,UNKNOWN
529,CloudOpsManagement,PT,00020by00010,StateSpace,00,6.6422E+0013,3,NONE,UNKNOWN
530,CloudOpsManagement,PT,00020by00010,StateSpace,02,40,3,NONE,UNKNOWN
531,CloudOpsManagement,PT,00020by00010,StateSpace,03,180,3,NONE,UNKNOWN
532,CloudOpsManagement,PT,00040by00020,StateSpace,00,1.0905E+0018,3,NONE,UNKNOWN
533,CloudOpsManagement,PT,00040by00020,StateSpace,02,80,3,NONE,UNKNOWN
534,CloudOpsManagement,PT,00040by00020,StateSpace,03,360,3,NONE,UNKNOWN
535,CloudOpsManagement,PT,00080by00040,StateSpace,00,3.3365E+0022,3,NONE,UNKNOWN
536,CloudOpsManagement,PT,00080by00040,StateSpace,02,160,3,NONE,UNKNOWN
537,CloudOpsManagement,PT,00080by00040,StateSpace,03,720,3,NONE,UNKNOWN
538,CloudOpsManagement,PT,00160by00080,StateSpace,00,1.4631E+0027,1,NONE,UNKNOWN
539,CloudOpsManagement,PT,00160by00080,StateSpace,02,320,1,NONE,UNKNOWN
540,CloudOpsManagement,PT,00160by00080,StateSpace,03,1440,1,NONE,UNKNOWN
541,CloudOpsManagement,PT,00320by00160,StateSpace,00,7.7980E+0031,1,NONE,UNKNOWN
542,CloudOpsManagement,PT,00320by00160,StateSpace,02,640,1,NONE,UNKNOWN
543,CloudOpsManagement,PT,00320by00160,StateSpace,03,2880,1,NONE,UNKNOWN
544,CloudReconfiguration,PT,301,StateSpace,00,1.3197E+0011,3,NUPN,UNKNOWN
545,CloudReconfiguration,PT,301,StateSpace,02,1,3,NUPN,UNKNOWN
546,CloudReconfiguration,PT,301,StateSpace,03,5,3,NUPN,UNKNOWN
547,CloudReconfiguration,PT,302,StateSpace,00,2.0254E+0011,3,NUPN,UNKNOWN
548,CloudReconfiguration,PT,302,StateSpace,02,1,3,NUPN,UNKNOWN
549,CloudReconfiguration,PT,302,StateSpace,03,5,3,NUPN,UNKNOWN
550,CloudReconfiguration,PT,303,StateSpace,00,5.5244E+0010,3,NUPN,UNKNOWN
551,CloudReconfiguration,PT,303,StateSpace,02,1,3,NUPN,UNKNOWN
552,CloudReconfiguration,PT,303,StateSpace,03,5,3,NUPN,UNKNOWN
553,CloudReconfiguration,PT,304,StateSpace,00,1.3197E+0011,3,NUPN,UNKNOWN
554,CloudReconfiguration,PT,304,StateSpace,02,1,3,NUPN,UNKNOWN
555,CloudReconfiguration,PT,304,StateSpace,03,5,3,NUPN,UNKNOWN
556,CloudReconfiguration,PT,305,StateSpace,00,1.3139E+0011,3,NUPN,UNKNOWN
557,CloudReconfiguration,PT,305,StateSpace,02,1,3,NUPN,UNKNOWN
558,CloudReconfiguration,PT,305,StateSpace,03,5,3,NUPN,UNKNOWN
559,CloudReconfiguration,PT,306,StateSpace,00,5.5244E+0010,3,NUPN,UNKNOWN
560,CloudReconfiguration,PT,306,StateSpace,02,1,3,NUPN,UNKNOWN
561,CloudReconfiguration,PT,306,StateSpace,03,5,3,NUPN,UNKNOWN
562,CloudReconfiguration,PT,307,StateSpace,00,6.9905E+0010,3,NUPN,UNKNOWN
563,CloudReconfiguration,PT,307,StateSpace,02,1,3,NUPN,UNKNOWN
564,CloudReconfiguration,PT,307,StateSpace,03,5,3,NUPN,UNKNOWN
565,CloudReconfiguration,PT,308,StateSpace,00,2.0254E+0011,3,NUPN,UNKNOWN
566,CloudReconfiguration,PT,308,StateSpace,02,1,3,NUPN,UNKNOWN
567,CloudReconfiguration,PT,308,StateSpace,03,5,3,NUPN,UNKNOWN
568,CloudReconfiguration,PT,309,StateSpace,00,2.0254E+0011,3,NUPN,UNKNOWN
569,CloudReconfiguration,PT,309,StateSpace,02,1,3,NUPN,UNKNOWN
570,CloudReconfiguration,PT,309,StateSpace,03,5,3,NUPN,UNKNOWN
571,CloudReconfiguration,PT,310,StateSpace,00,1.3139E+0011,3,NUPN,UNKNOWN
572,CloudReconfiguration,PT,310,StateSpace,02,1,3,NUPN,UNKNOWN
573,CloudReconfiguration,PT,310,StateSpace,03,5,3,NUPN,UNKNOWN
574,CloudReconfiguration,PT,311,StateSpace,00,1.0768E+0011,3,NUPN,UNKNOWN
575,CloudReconfiguration,PT,311,StateSpace,02,1,3,NUPN,UNKNOWN
576,CloudReconfiguration,PT,311,StateSpace,03,5,3,NUPN,UNKNOWN
577,CloudReconfiguration,PT,312,StateSpace,00,2.0254E+0011,3,NUPN,UNKNOWN
578,CloudReconfiguration,PT,312,StateSpace,02,1,3,NUPN,UNKNOWN
579,CloudReconfiguration,PT,312,StateSpace,03,5,3,NUPN,UNKNOWN
580,CloudReconfiguration,PT,313,StateSpace,00,2.0254E+0011,3,NUPN,UNKNOWN
581,CloudReconfiguration,PT,313,StateSpace,02,1,3,NUPN,UNKNOWN
582,CloudReconfiguration,PT,313,StateSpace,03,5,3,NUPN,UNKNOWN
583,CloudReconfiguration,PT,314,StateSpace,00,1.0768E+0011,3,NUPN,UNKNOWN
584,CloudReconfiguration,PT,314,StateSpace,02,1,3,NUPN,UNKNOWN
585,CloudReconfiguration,PT,314,StateSpace,03,5,3,NUPN,UNKNOWN
586,CloudReconfiguration,PT,316,StateSpace,00,1.3139E+0011,3,NUPN,UNKNOWN
587,CloudReconfiguration,PT,316,StateSpace,02,1,3,NUPN,UNKNOWN
588,CloudReconfiguration,PT,316,StateSpace,03,5,3,NUPN,UNKNOWN
589,CloudReconfiguration,PT,317,StateSpace,00,1.7272E+0011,3,NUPN,UNKNOWN
590,CloudReconfiguration,PT,317,StateSpace,02,1,3,NUPN,UNKNOWN
591,CloudReconfiguration,PT,317,StateSpace,03,5,3,NUPN,UNKNOWN
592,CloudReconfiguration,PT,318,StateSpace,00,2.8613E+0011,3,NUPN,UNKNOWN
593,CloudReconfiguration,PT,318,StateSpace,02,1,3,NUPN,UNKNOWN
594,CloudReconfiguration,PT,318,StateSpace,03,5,3,NUPN,UNKNOWN
595,CloudReconfiguration,PT,319,StateSpace,00,1.3140E+0011,3,NUPN,UNKNOWN
596,CloudReconfiguration,PT,319,StateSpace,02,1,3,NUPN,UNKNOWN
597,CloudReconfiguration,PT,319,StateSpace,03,5,3,NUPN,UNKNOWN
598,CloudReconfiguration,PT,320,StateSpace,00,1.8547E+0011,3,NUPN,UNKNOWN
599,CloudReconfiguration,PT,320,StateSpace,02,1,3,NUPN,UNKNOWN
600,CloudReconfiguration,PT,320,StateSpace,03,5,3,NUPN,UNKNOWN
601,CloudReconfiguration,PT,401,StateSpace,00,1.9294E+0014,3,NUPN,UNKNOWN
602,CloudReconfiguration,PT,401,StateSpace,02,1,3,NUPN,UNKNOWN
603,CloudReconfiguration,PT,401,StateSpace,03,6,3,NUPN,UNKNOWN
604,CloudReconfiguration,PT,402,StateSpace,00,1.9294E+0014,3,NUPN,UNKNOWN
605,CloudReconfiguration,PT,402,StateSpace,02,1,3,NUPN,UNKNOWN
606,CloudReconfiguration,PT,402,StateSpace,03,6,3,NUPN,UNKNOWN
607,CO4,PT,01,StateSpace,00,1.4251E+0006,3,NONE,UNKNOWN
608,CO4,PT,01,StateSpace,02,1,3,NONE,UNKNOWN
609,CO4,PT,01,StateSpace,03,11,3,NONE,UNKNOWN
610,CO4,PT,02,StateSpace,00,2.3921E+0006,3,NONE,UNKNOWN
611,CO4,PT,02,StateSpace,02,1,3,NONE,UNKNOWN
612,CO4,PT,02,StateSpace,03,11,3,NONE,UNKNOWN
613,CO4,PT,03,StateSpace,00,4.9768E+0006,3,NONE,UNKNOWN
614,CO4,PT,03,StateSpace,02,1,3,NONE,UNKNOWN
615,CO4,PT,03,StateSpace,03,11,3,NONE,UNKNOWN
616,CO4,PT,04,StateSpace,00,1.1032E+0006,3,NONE,UNKNOWN
617,CO4,PT,04,StateSpace,02,1,3,NONE,UNKNOWN
618,CO4,PT,04,StateSpace,03,9,3,NONE,UNKNOWN
619,CO4,PT,05,StateSpace,00,1.4196E+0006,3,NONE,UNKNOWN
620,CO4,PT,05,StateSpace,02,1,3,NONE,UNKNOWN
621,CO4,PT,05,StateSpace,03,9,3,NONE,UNKNOWN
622,CO4,PT,06,StateSpace,00,1.1858E+0006,3,NONE,UNKNOWN
623,CO4,PT,06,StateSpace,02,1,3,NONE,UNKNOWN
624,CO4,PT,06,StateSpace,03,6,3,NONE,UNKNOWN
625,CO4,PT,07,StateSpace,00,1.4558E+0006,3,NONE,UNKNOWN
626,CO4,PT,07,StateSpace,02,1,3,NONE,UNKNOWN
627,CO4,PT,07,StateSpace,03,6,3,NONE,UNKNOWN
628,CO4,PT,08,StateSpace,00,2.6758E+0008,3,NONE,UNKNOWN
629,CO4,PT,08,StateSpace,02,1,3,NONE,UNKNOWN
630,CO4,PT,08,StateSpace,03,8,3,NONE,UNKNOWN
631,CO4,PT,09,StateSpace,00,2.6657E+0008,3,NONE,UNKNOWN
632,CO4,PT,09,StateSpace,02,1,3,NONE,UNKNOWN
633,CO4,PT,09,StateSpace,03,8,3,NONE,UNKNOWN
634,CO4,PT,10,StateSpace,00,3.1050E+0006,3,NONE,UNKNOWN
635,CO4,PT,10,StateSpace,02,1,3,NONE,UNKNOWN
636,CO4,PT,10,StateSpace,03,6,3,NONE,UNKNOWN
637,CO4,PT,11,StateSpace,00,3.8125E+0006,3,NONE,UNKNOWN
638,CO4,PT,11,StateSpace,02,1,3,NONE,UNKNOWN
639,CO4,PT,11,StateSpace,03,6,3,NONE,UNKNOWN
640,CO4,PT,12,StateSpace,00,8.1509E+0008,3,NONE,UNKNOWN
641,CO4,PT,12,StateSpace,02,1,3,NONE,UNKNOWN
642,CO4,PT,12,StateSpace,03,8,3,NONE,UNKNOWN
643,CO4,PT,13,StateSpace,00,8.0921E+0008,3,NONE,UNKNOWN
644,CO4,PT,13,StateSpace,02,1,3,NONE,UNKNOWN
645,CO4,PT,13,StateSpace,03,8,3,NONE,UNKNOWN
646,CO4,PT,14,StateSpace,00,2.1030E+0009,3,NONE,UNKNOWN
647,CO4,PT,14,StateSpace,02,1,3,NONE,UNKNOWN
648,CO4,PT,14,StateSpace,03,8,3,NONE,UNKNOWN
649,CO4,PT,15,StateSpace,00,1.2975E+0013,3,NONE,UNKNOWN
650,CO4,PT,15,StateSpace,02,1,3,NONE,UNKNOWN
651,CO4,PT,15,StateSpace,03,11,3,NONE,UNKNOWN
652,CO4,PT,16,StateSpace,00,3.4401E+0013,3,NONE,UNKNOWN
653,CO4,PT,16,StateSpace,02,1,3,NONE,UNKNOWN
654,CO4,PT,16,StateSpace,03,11,3,NONE,UNKNOWN
655,CO4,PT,17,StateSpace,00,2.5408E+0011,3,NONE,UNKNOWN
656,CO4,PT,17,StateSpace,02,1,3,NONE,UNKNOWN
657,CO4,PT,17,StateSpace,03,9,3,NONE,UNKNOWN
658,CO4,PT,18,StateSpace,00,1.2868E+0010,3,NONE,UNKNOWN
659,CO4,PT,18,StateSpace,02,1,3,NONE,UNKNOWN
660,CO4,PT,18,StateSpace,03,8,3,NONE,UNKNOWN
661,CO4,PT,19,StateSpace,00,1.1087E+0014,3,NONE,UNKNOWN
662,CO4,PT,19,StateSpace,02,1,3,NONE,UNKNOWN
663,CO4,PT,19,StateSpace,03,11,3,NONE,UNKNOWN
664,CO4,PT,20,StateSpace,00,2.9879E+0014,3,NONE,UNKNOWN
665,CO4,PT,20,StateSpace,02,1,3,NONE,UNKNOWN
666,CO4,PT,20,StateSpace,03,11,3,NONE,UNKNOWN
667,CO4,PT,21,StateSpace,00,2.2266E+0012,3,NONE,UNKNOWN
668,CO4,PT,21,StateSpace,02,1,3,NONE,UNKNOWN
669,CO4,PT,21,StateSpace,03,9,3,NONE,UNKNOWN
670,CopsAndRobbers,PT,CRL005X001,StateSpace,00,166,3,NONE,UNKNOWN
671,CopsAndRobbers,PT,CRL005X001,StateSpace,02,1,3,NONE,UNKNOWN
672,CopsAndRobbers,PT,CRL005X001,StateSpace,03,8,3,NONE,UNKNOWN
673,CopsAndRobbers,PT,CRL015X005,StateSpace,00,8.3965E+0006,3,NONE,UNKNOWN
674,CopsAndRobbers,PT,CRL015X005,StateSpace,02,5,3,NONE,UNKNOWN
675,CopsAndRobbers,PT,CRL015X005,StateSpace,03,26,3,NONE,UNKNOWN
676,CopsAndRobbers,PT,CRL023X004,StateSpace,00,1.0377E+0007,3,NONE,UNKNOWN
677,CopsAndRobbers,PT,CRL023X004,StateSpace,02,4,3,NONE,UNKNOWN
678,CopsAndRobbers,PT,CRL023X004,StateSpace,03,32,3,NONE,UNKNOWN
679,CopsAndRobbers,PT,CRL025X003,StateSpace,00,1.2853E+0006,3,NONE,UNKNOWN
680,CopsAndRobbers,PT,CRL025X003,StateSpace,02,3,3,NONE,UNKNOWN
681,CopsAndRobbers,PT,CRL025X003,StateSpace,03,32,3,NONE,UNKNOWN
682,CopsAndRobbers,PT,HRL014X002,StateSpace,00,17158,3,NONE,UNKNOWN
683,CopsAndRobbers,PT,HRL014X002,StateSpace,02,2,3,NONE,UNKNOWN
684,CopsAndRobbers,PT,HRL014X002,StateSpace,03,19,3,NONE,UNKNOWN
685,CopsAndRobbers,PT,HRL017X005,StateSpace,00,2.1027E+0007,3,NONE,UNKNOWN
686,CopsAndRobbers,PT,HRL017X005,StateSpace,02,5,3,NONE,UNKNOWN
687,CopsAndRobbers,PT,HRL017X005,StateSpace,03,28,3,NONE,UNKNOWN
688,CopsAndRobbers,PT,HRL020X006,StateSpace,00,3.9089E+0008,1,NONE,UNKNOWN
689,CopsAndRobbers,PT,HRL020X006,StateSpace,02,6,1,NONE,UNKNOWN
690,CopsAndRobbers,PT,HRL020X006,StateSpace,03,33,1,NONE,UNKNOWN
691,CopsAndRobbers,PT,HRL023X006,StateSpace,00,9.7406E+0008,3,NONE,UNKNOWN
692,CopsAndRobbers,PT,HRL023X006,StateSpace,02,6,3,NONE,UNKNOWN
693,CopsAndRobbers,PT,HRL023X006,StateSpace,03,36,3,NONE,UNKNOWN
694,CopsAndRobbers,PT,KFL010N005K002X001,StateSpace,00,620,3,NONE,UNKNOWN
695,CopsAndRobbers,PT,KFL010N005K002X001,StateSpace,02,1,3,NONE,UNKNOWN
696,CopsAndRobbers,PT,KFL010N005K002X001,StateSpace,03,12,3,NONE,UNKNOWN
697,CopsAndRobbers,PT,KFL028N008K002X005,StateSpace,00,3.4551E+0008,3,NONE,UNKNOWN
698,CopsAndRobbers,PT,KFL028N008K002X005,StateSpace,02,5,3,NONE,UNKNOWN
699,CopsAndRobbers,PT,KFL028N008K002X005,StateSpace,03,38,3,NONE,UNKNOWN
700,CopsAndRobbers,PT,KFL036N009K002X003,StateSpace,00,5.4732E+0006,3,NONE,UNKNOWN
701,CopsAndRobbers,PT,KFL036N009K002X003,StateSpace,02,3,3,NONE,UNKNOWN
702,CopsAndRobbers,PT,KFL036N009K002X003,StateSpace,03,42,3,NONE,UNKNOWN
703,CopsAndRobbers,PT,KFL084N009K003X002,StateSpace,00,3.0132E+0006,3,NONE,UNKNOWN
704,CopsAndRobbers,PT,KFL084N009K003X002,StateSpace,02,2,3,NONE,UNKNOWN
705,CopsAndRobbers,PT,KFL084N009K003X002,StateSpace,03,88,3,NONE,UNKNOWN
706,CryptoMiner,COL,D03N010,StateSpace,00,10636,3,NONE,UNKNOWN
707,CryptoMiner,COL,D03N010,StateSpace,02,10,3,NONE,UNKNOWN
708,CryptoMiner,COL,D03N010,StateSpace,03,11,3,NONE,UNKNOWN
709,CryptoMiner,COL,D03N100,StateSpace,00,3.0049E+0009,3,NONE,UNKNOWN
710,CryptoMiner,COL,D03N100,StateSpace,02,100,3,NONE,UNKNOWN
711,CryptoMiner,COL,D03N100,StateSpace,03,101,3,NONE,UNKNOWN
712,CryptoMiner,COL,D05N100,StateSpace,00,3.6265E+0012,3,NONE,UNKNOWN
713,CryptoMiner,COL,D05N100,StateSpace,02,100,3,NONE,UNKNOWN
714,CryptoMiner,COL,D05N100,StateSpace,03,101,3,NONE,UNKNOWN
715,CryptoMiner,COL,D05N250,StateSpace,00,3.3357E+0016,3,NONE,UNKNOWN
716,CryptoMiner,COL,D05N250,StateSpace,02,250,3,NONE,UNKNOWN
717,CryptoMiner,COL,D05N250,StateSpace,03,251,3,NONE,UNKNOWN
718,CryptoMiner,COL,D10N100,StateSpace,00,1.3683E+0018,3,NONE,UNKNOWN
719,CryptoMiner,COL,D10N100,StateSpace,02,100,3,NONE,UNKNOWN
720,CryptoMiner,COL,D10N100,StateSpace,03,101,3,NONE,UNKNOWN
721,CryptoMiner,COL,D20N100,StateSpace,00,1.4626E+0026,3,NONE,UNKNOWN
722,CryptoMiner,COL,D20N100,StateSpace,02,100,3,NONE,UNKNOWN
723,CryptoMiner,COL,D20N100,StateSpace,03,101,3,NONE,UNKNOWN
724,CryptoMiner,PT,D03N010,StateSpace,00,10636,3,NONE,UNKNOWN
725,CryptoMiner,PT,D03N010,StateSpace,02,10,3,NONE,UNKNOWN
726,CryptoMiner,PT,D03N010,StateSpace,03,11,3,NONE,UNKNOWN
727,CryptoMiner,PT,D03N100,StateSpace,00,3.0049E+0009,3,NONE,UNKNOWN
728,CryptoMiner,PT,D03N100,StateSpace,02,100,3,NONE,UNKNOWN
729,CryptoMiner,PT,D03N100,StateSpace,03,101,3,NONE,UNKNOWN
730,CryptoMiner,PT,D05N100,StateSpace,00,3.6265E+0012,3,NONE,UNKNOWN
731,CryptoMiner,PT,D05N100,StateSpace,02,100,3,NONE,UNKNOWN
732,CryptoMiner,PT,D05N100,StateSpace,03,101,3,NONE,UNKNOWN
733,CryptoMiner,PT,D05N250,StateSpace,00,3.3357E+0016,3,NONE,UNKNOWN
734,CryptoMiner,PT,D05N250,StateSpace,02,250,3,NONE,UNKNOWN
735,CryptoMiner,PT,D05N250,StateSpace,03,251,3,NONE,UNKNOWN
736,CryptoMiner,PT,D10N100,StateSpace,00,1.3683E+0018,3,NONE,UNKNOWN
737,CryptoMiner,PT,D10N100,StateSpace,02,100,3,NONE,UNKNOWN
738,CryptoMiner,PT,D10N100,StateSpace,03,101,3,NONE,UNKNOWN
739,CryptoMiner,PT,D20N100,StateSpace,00,1.4626E+0026,3,NONE,UNKNOWN
740,CryptoMiner,PT,D20N100,StateSpace,02,100,3,NONE,UNKNOWN
741,CryptoMiner,PT,D20N100,StateSpace,03,101,3,NONE,UNKNOWN
742,CSRepetitions,COL,02,StateSpace,00,7424,3,NONE,UNKNOWN
743,CSRepetitions,COL,02,StateSpace,02,2,3,NONE,UNKNOWN
744,CSRepetitions,COL,02,StateSpace,03,8,3,NONE,UNKNOWN
745,CSRepetitions,COL,03,StateSpace,00,1.3407E+0008,3,NONE,UNKNOWN
746,CSRepetitions,COL,03,StateSpace,02,3,3,NONE,UNKNOWN
747,CSRepetitions,COL,03,StateSpace,03,15,3,NONE,UNKNOWN
748,CSRepetitions,COL,04,StateSpace,00,3.0948E+0013,1,NONE,UNKNOWN
749,CSRepetitions,COL,04,StateSpace,02,4,1,NONE,UNKNOWN
750,CSRepetitions,COL,04,StateSpace,03,24,3,NONE,UNKNOWN
751,CSRepetitions,COL,05,StateSpace,00,6.5491E+0019,1,NONE,UNKNOWN
752,CSRepetitions,COL,05,StateSpace,02,5,1,NONE,UNKNOWN
753,CSRepetitions,COL,05,StateSpace,03,35,3,NONE,UNKNOWN
754,CSRepetitions,PT,02,StateSpace,00,7424,3,NONE,UNKNOWN
755,CSRepetitions,PT,02,StateSpace,02,2,3,NONE,UNKNOWN
756,CSRepetitions,PT,02,StateSpace,03,8,3,NONE,UNKNOWN
757,CSRepetitions,PT,03,StateSpace,00,1.3407E+0008,3,NONE,UNKNOWN
758,CSRepetitions,PT,03,StateSpace,02,3,3,NONE,UNKNOWN
759,CSRepetitions,PT,03,StateSpace,03,15,3,NONE,UNKNOWN
760,CSRepetitions,PT,04,StateSpace,00,3.0948E+0013,1,NONE,UNKNOWN
761,CSRepetitions,PT,04,StateSpace,02,4,1,NONE,UNKNOWN
762,CSRepetitions,PT,04,StateSpace,03,24,3,NONE,UNKNOWN
763,CSRepetitions,PT,05,StateSpace,00,6.5491E+0019,1,NONE,UNKNOWN
764,CSRepetitions,PT,05,StateSpace,02,5,1,NONE,UNKNOWN
765,CSRepetitions,PT,05,StateSpace,03,35,3,NONE,UNKNOWN
766,DatabaseWithMutex,COL,02,StateSpace,00,153,3,NONE,UNKNOWN
767,DatabaseWithMutex,COL,02,StateSpace,02,1,3,NONE,UNKNOWN
768,DatabaseWithMutex,COL,02,StateSpace,03,6,3,NONE,UNKNOWN
769,DatabaseWithMutex,COL,04,StateSpace,00,4.7179E+0009,3,NONE,UNKNOWN
770,DatabaseWithMutex,COL,04,StateSpace,02,1,3,NONE,UNKNOWN
771,DatabaseWithMutex,COL,04,StateSpace,03,20,3,NONE,UNKNOWN
772,DatabaseWithMutex,PT,02,StateSpace,00,153,3,GEN,UNKNOWN
773,DatabaseWithMutex,PT,02,StateSpace,02,1,3,GEN,UNKNOWN
774,DatabaseWithMutex,PT,02,StateSpace,03,6,3,GEN,UNKNOWN
775,DatabaseWithMutex,PT,04,StateSpace,00,4.7179E+0009,3,GEN,UNKNOWN
776,DatabaseWithMutex,PT,04,StateSpace,02,1,3,GEN,UNKNOWN
777,DatabaseWithMutex,PT,04,StateSpace,03,20,3,GEN,UNKNOWN
778,DBSingleClientW,PT,d0m04,StateSpace,00,13654,3,NONE,UNKNOWN
779,DBSingleClientW,PT,d0m04,StateSpace,02,4,3,NONE,UNKNOWN
780,DBSingleClientW,PT,d0m04,StateSpace,03,5,3,NONE,UNKNOWN
781,DBSingleClientW,PT,d0m05,StateSpace,00,236174,3,NONE,UNKNOWN
782,DBSingleClientW,PT,d0m05,StateSpace,02,5,3,NONE,UNKNOWN
783,DBSingleClientW,PT,d0m05,StateSpace,03,6,3,NONE,UNKNOWN
784,DBSingleClientW,PT,d0m06,StateSpace,00,3.0134E+0006,3,NONE,UNKNOWN
785,DBSingleClientW,PT,d0m06,StateSpace,02,6,3,NONE,UNKNOWN
786,DBSingleClientW,PT,d0m06,StateSpace,03,7,3,NONE,UNKNOWN
787,DBSingleClientW,PT,d0m07,StateSpace,00,2.8010E+0007,3,NONE,UNKNOWN
788,DBSingleClientW,PT,d0m07,StateSpace,02,7,3,NONE,UNKNOWN
789,DBSingleClientW,PT,d0m07,StateSpace,03,8,3,NONE,UNKNOWN
790,DBSingleClientW,PT,d0m08,StateSpace,00,2.1268E+0008,3,NONE,UNKNOWN
791,DBSingleClientW,PT,d0m08,StateSpace,02,8,3,NONE,UNKNOWN
792,DBSingleClientW,PT,d0m08,StateSpace,03,9,3,NONE,UNKNOWN
793,DBSingleClientW,PT,d0m09,StateSpace,00,1.3742E+0009,3,NONE,UNKNOWN
794,DBSingleClientW,PT,d0m09,StateSpace,02,9,3,NONE,UNKNOWN
795,DBSingleClientW,PT,d0m09,StateSpace,03,10,3,NONE,UNKNOWN
796,DBSingleClientW,PT,d0m10,StateSpace,00,7.8003E+0009,3,NONE,UNKNOWN
797,DBSingleClientW,PT,d0m10,StateSpace,02,10,3,NONE,UNKNOWN
798,DBSingleClientW,PT,d0m10,StateSpace,03,11,3,NONE,UNKNOWN
799,DBSingleClientW,PT,d1m04,StateSpace,00,219181,3,NONE,UNKNOWN
800,DBSingleClientW,PT,d1m04,StateSpace,02,4,3,NONE,UNKNOWN
801,DBSingleClientW,PT,d1m04,StateSpace,03,5,3,NONE,UNKNOWN
802,DBSingleClientW,PT,d1m05,StateSpace,00,8.7207E+0006,3,NONE,UNKNOWN
803,DBSingleClientW,PT,d1m05,StateSpace,02,5,3,NONE,UNKNOWN
804,DBSingleClientW,PT,d1m05,StateSpace,03,6,3,NONE,UNKNOWN
805,DBSingleClientW,PT,d2m04,StateSpace,00,1.5503E+0006,3,NONE,UNKNOWN
806,DBSingleClientW,PT,d2m04,StateSpace,02,4,3,NONE,UNKNOWN
807,DBSingleClientW,PT,d2m04,StateSpace,03,5,3,NONE,UNKNOWN
808,Dekker,PT,010,StateSpace,00,6144,3,GEN,UNKNOWN
809,Dekker,PT,010,StateSpace,02,1,3,GEN,UNKNOWN
810,Dekker,PT,010,StateSpace,03,20,3,GEN,UNKNOWN
811,Dekker,PT,015,StateSpace,00,278528,3,GEN,UNKNOWN
812,Dekker,PT,015,StateSpace,02,1,3,GEN,UNKNOWN
813,Dekker,PT,015,StateSpace,03,30,3,GEN,UNKNOWN
814,Dekker,PT,020,StateSpace,00,1.1534E+0007,3,GEN,UNKNOWN
815,Dekker,PT,020,StateSpace,02,1,3,GEN,UNKNOWN
816,Dekker,PT,020,StateSpace,03,40,3,GEN,UNKNOWN
817,Dekker,PT,050,StateSpace,00,2.9273E+0016,3,GEN,UNKNOWN
818,Dekker,PT,050,StateSpace,02,1,3,GEN,UNKNOWN
819,Dekker,PT,050,StateSpace,03,100,3,GEN,UNKNOWN
820,Dekker,PT,100,StateSpace,00,6.4650E+0031,3,GEN,UNKNOWN
821,Dekker,PT,100,StateSpace,02,1,3,GEN,UNKNOWN
822,Dekker,PT,100,StateSpace,03,200,3,GEN,UNKNOWN
823,Dekker,PT,200,StateSpace,00,1.6230E+0062,3,GEN,UNKNOWN
824,Dekker,PT,200,StateSpace,02,1,3,GEN,UNKNOWN
825,Dekker,PT,200,StateSpace,03,400,3,GEN,UNKNOWN
826,DES,PT,00a,StateSpace,00,2.4197E+0010,3,NUPN,UNKNOWN
827,DES,PT,00a,StateSpace,02,1,3,NUPN,UNKNOWN
828,DES,PT,00a,StateSpace,03,47,3,NUPN,UNKNOWN
829,DES,PT,00b,StateSpace,00,2.4601E+0019,3,NUPN,UNKNOWN
830,DES,PT,00b,StateSpace,02,1,3,NUPN,UNKNOWN
831,DES,PT,00b,StateSpace,03,47,3,NUPN,UNKNOWN
832,DES,PT,01a,StateSpace,00,1.0858E+0008,3,NUPN,UNKNOWN
833,DES,PT,01a,StateSpace,02,1,3,NUPN,UNKNOWN
834,DES,PT,01a,StateSpace,03,48,3,NUPN,UNKNOWN
835,DES,PT,01b,StateSpace,00,2.0127E+0017,3,NUPN,UNKNOWN
836,DES,PT,01b,StateSpace,02,1,3,NUPN,UNKNOWN
837,DES,PT,01b,StateSpace,03,51,3,NUPN,UNKNOWN
838,DES,PT,02a,StateSpace,00,4.9532E+0009,3,NUPN,UNKNOWN
839,DES,PT,02a,StateSpace,02,1,3,NUPN,UNKNOWN
840,DES,PT,02a,StateSpace,03,51,3,NUPN,UNKNOWN
841,DES,PT,02b,StateSpace,00,7.1021E+0018,3,NUPN,UNKNOWN
842,DES,PT,02b,StateSpace,02,1,3,NUPN,UNKNOWN
843,DES,PT,02b,StateSpace,03,51,3,NUPN,UNKNOWN
844,DES,PT,05a,StateSpace,00,2.3100E+0011,3,NUPN,UNKNOWN
845,DES,PT,05a,StateSpace,02,1,3,NUPN,UNKNOWN
846,DES,PT,05a,StateSpace,03,51,3,NUPN,UNKNOWN
847,DES,PT,05b,StateSpace,00,2.6140E+0020,3,NUPN,UNKNOWN
848,DES,PT,05b,StateSpace,02,1,3,NUPN,UNKNOWN
849,DES,PT,05b,StateSpace,03,51,3,NUPN,UNKNOWN
850,DES,PT,10a,StateSpace,00,1.6003E+0012,3,NUPN,UNKNOWN
851,DES,PT,10a,StateSpace,02,1,3,NUPN,UNKNOWN
852,DES,PT,10a,StateSpace,03,51,3,NUPN,UNKNOWN
853,DES,PT,10b,StateSpace,00,1.6887E+0021,3,NUPN,UNKNOWN
854,DES,PT,10b,StateSpace,02,1,3,NUPN,UNKNOWN
855,DES,PT,10b,StateSpace,03,51,3,NUPN,UNKNOWN
856,DES,PT,20a,StateSpace,00,7.9693E+0012,3,NUPN,UNKNOWN
857,DES,PT,20a,StateSpace,02,1,3,NUPN,UNKNOWN
858,DES,PT,20a,StateSpace,03,51,3,NUPN,UNKNOWN
859,DES,PT,20b,StateSpace,00,8.2277E+0021,3,NUPN,UNKNOWN
860,DES,PT,20b,StateSpace,02,1,3,NUPN,UNKNOWN
861,DES,PT,20b,StateSpace,03,51,3,NUPN,UNKNOWN
862,DES,PT,30a,StateSpace,00,1.9178E+0013,3,NUPN,UNKNOWN
863,DES,PT,30a,StateSpace,02,1,3,NUPN,UNKNOWN
864,DES,PT,30a,StateSpace,03,51,3,NUPN,UNKNOWN
865,DES,PT,30b,StateSpace,00,1.9679E+0022,3,NUPN,UNKNOWN
866,DES,PT,30b,StateSpace,02,1,3,NUPN,UNKNOWN
867,DES,PT,30b,StateSpace,03,51,3,NUPN,UNKNOWN
868,DES,PT,40a,StateSpace,00,3.5226E+0013,3,NUPN,UNKNOWN
869,DES,PT,40a,StateSpace,02,1,3,NUPN,UNKNOWN
870,DES,PT,40a,StateSpace,03,51,3,NUPN,UNKNOWN
871,DES,PT,40b,StateSpace,00,3.6042E+0022,3,NUPN,UNKNOWN
872,DES,PT,40b,StateSpace,02,1,3,NUPN,UNKNOWN
873,DES,PT,40b,StateSpace,03,51,3,NUPN,UNKNOWN
874,DES,PT,50a,StateSpace,00,5.6113E+0013,3,NUPN,UNKNOWN
875,DES,PT,50a,StateSpace,02,1,3,NUPN,UNKNOWN
876,DES,PT,50a,StateSpace,03,51,3,NUPN,UNKNOWN
877,DES,PT,50b,StateSpace,00,5.7316E+0022,3,NUPN,UNKNOWN
878,DES,PT,50b,StateSpace,02,1,3,NUPN,UNKNOWN
879,DES,PT,50b,StateSpace,03,51,3,NUPN,UNKNOWN
880,DES,PT,60a,StateSpace,00,8.1839E+0013,3,NUPN,UNKNOWN
881,DES,PT,60a,StateSpace,02,1,3,NUPN,UNKNOWN
882,DES,PT,60a,StateSpace,03,51,3,NUPN,UNKNOWN
883,DES,PT,60b,StateSpace,00,8.3503E+0022,3,NUPN,UNKNOWN
884,DES,PT,60b,StateSpace,02,1,3,NUPN,UNKNOWN
885,DES,PT,60b,StateSpace,03,51,3,NUPN,UNKNOWN
886,Diffusion2D,PT,D05N010,StateSpace,00,1.3113E+0008,3,NONE,UNKNOWN
887,Diffusion2D,PT,D05N010,StateSpace,02,10,3,NONE,UNKNOWN
888,Diffusion2D,PT,D05N010,StateSpace,03,10,3,NONE,UNKNOWN
889,Diffusion2D,PT,D05N050,StateSpace,00,1.7530E+0019,3,NONE,UNKNOWN
890,Diffusion2D,PT,D05N050,StateSpace,02,50,3,NONE,UNKNOWN
891,Diffusion2D,PT,D05N050,StateSpace,03,50,3,NONE,UNKNOWN
892,Diffusion2D,PT,D05N100,StateSpace,00,2.6011E+0025,3,NONE,UNKNOWN
893,Diffusion2D,PT,D05N100,StateSpace,02,100,3,NONE,UNKNOWN
894,Diffusion2D,PT,D05N100,StateSpace,03,100,3,NONE,UNKNOWN
895,Diffusion2D,PT,D05N150,StateSpace,00,1.8126E+0029,3,NONE,UNKNOWN
896,Diffusion2D,PT,D05N150,StateSpace,02,150,3,NONE,UNKNOWN
897,Diffusion2D,PT,D05N150,StateSpace,03,150,3,NONE,UNKNOWN
898,Diffusion2D,PT,D05N200,StateSpace,00,1.1439E+0032,3,NONE,UNKNOWN
899,Diffusion2D,PT,D05N200,StateSpace,02,200,3,NONE,UNKNOWN
900,Diffusion2D,PT,D05N200,StateSpace,03,200,3,NONE,UNKNOWN
901,Diffusion2D,PT,D05N250,StateSpace,00,1.8314E+0034,3,NONE,UNKNOWN
902,Diffusion2D,PT,D05N250,StateSpace,02,250,3,NONE,UNKNOWN
903,Diffusion2D,PT,D05N250,StateSpace,03,250,3,NONE,UNKNOWN
904,Diffusion2D,PT,D05N300,StateSpace,00,1.2054E+0036,3,NONE,UNKNOWN
905,Diffusion2D,PT,D05N300,StateSpace,02,300,3,NONE,UNKNOWN
906,Diffusion2D,PT,D05N300,StateSpace,03,300,3,NONE,UNKNOWN
907,Diffusion2D,PT,D05N350,StateSpace,00,4.2539E+0037,3,NONE,UNKNOWN
908,Diffusion2D,PT,D05N350,StateSpace,02,350,3,NONE,UNKNOWN
909,Diffusion2D,PT,D05N350,StateSpace,03,350,3,NONE,UNKNOWN
910,Diffusion2D,PT,D10N010,StateSpace,00,4.2634E+0013,3,NONE,UNKNOWN
911,Diffusion2D,PT,D10N010,StateSpace,02,10,3,NONE,UNKNOWN
912,Diffusion2D,PT,D10N010,StateSpace,03,10,3,NONE,UNKNOWN
913,Diffusion2D,PT,D10N050,StateSpace,00,1.3419E+0040,3,NONE,UNKNOWN
914,Diffusion2D,PT,D10N050,StateSpace,02,50,3,NONE,UNKNOWN
915,Diffusion2D,PT,D10N050,StateSpace,03,50,3,NONE,UNKNOWN
916,Diffusion2D,PT,D10N100,StateSpace,00,4.5274E+0058,3,NONE,UNKNOWN
917,Diffusion2D,PT,D10N100,StateSpace,02,100,3,NONE,UNKNOWN
918,Diffusion2D,PT,D10N100,StateSpace,03,100,3,NONE,UNKNOWN
919,Diffusion2D,PT,D10N150,StateSpace,00,2.4252E+0071,3,NONE,UNKNOWN
920,Diffusion2D,PT,D10N150,StateSpace,02,150,3,NONE,UNKNOWN
921,Diffusion2D,PT,D10N150,StateSpace,03,150,3,NONE,UNKNOWN
922,Diffusion2D,PT,D10N200,StateSpace,00,1.3861E+0081,3,NONE,UNKNOWN
923,Diffusion2D,PT,D10N200,StateSpace,02,200,3,NONE,UNKNOWN
924,Diffusion2D,PT,D10N200,StateSpace,03,200,3,NONE,UNKNOWN
925,Diffusion2D,PT,D20N010,StateSpace,00,3.2308E+0019,3,NONE,UNKNOWN
926,Diffusion2D,PT,D20N010,StateSpace,02,10,3,NONE,UNKNOWN
927,Diffusion2D,PT,D20N010,StateSpace,03,10,3,NONE,UNKNOWN
928,Diffusion2D,PT,D20N050,StateSpace,00,7.9113E+0066,3,NONE,UNKNOWN
929,Diffusion2D,PT,D20N050,StateSpace,02,50,3,NONE,UNKNOWN
930,Diffusion2D,PT,D20N050,StateSpace,03,50,3,NONE,UNKNOWN
931,Diffusion2D,PT,D20N100,StateSpace,00,1.6334E+0107,3,NONE,UNKNOWN
932,Diffusion2D,PT,D20N100,StateSpace,02,100,3,NONE,UNKNOWN
933,Diffusion2D,PT,D20N100,StateSpace,03,100,3,NONE,UNKNOWN
934,Diffusion2D,PT,D20N150,StateSpace,00,2.5424E+0138,3,NONE,UNKNOWN
935,Diffusion2D,PT,D20N150,StateSpace,02,150,3,NONE,UNKNOWN
936,Diffusion2D,PT,D20N150,StateSpace,03,150,3,NONE,UNKNOWN
937,Diffusion2D,PT,D30N010,StateSpace,00,1.0100E+0023,3,NONE,UNKNOWN
938,Diffusion2D,PT,D30N010,StateSpace,02,10,3,NONE,UNKNOWN
939,Diffusion2D,PT,D30N010,StateSpace,03,10,3,NONE,UNKNOWN
940,Diffusion2D,PT,D30N050,StateSpace,00,6.4510E+0083,3,NONE,UNKNOWN
941,Diffusion2D,PT,D30N050,StateSpace,02,50,3,NONE,UNKNOWN
942,Diffusion2D,PT,D30N050,StateSpace,03,50,3,NONE,UNKNOWN
943,Diffusion2D,PT,D30N100,StateSpace,00,5.7465E+0139,3,NONE,UNKNOWN
944,Diffusion2D,PT,D30N100,StateSpace,02,100,3,NONE,UNKNOWN
945,Diffusion2D,PT,D30N100,StateSpace,03,100,3,NONE,UNKNOWN
946,Diffusion2D,PT,D30N150,StateSpace,00,3.1330E+0185,3,NONE,UNKNOWN
947,Diffusion2D,PT,D30N150,StateSpace,02,150,3,NONE,UNKNOWN
948,Diffusion2D,PT,D30N150,StateSpace,03,150,3,NONE,UNKNOWN
949,Diffusion2D,PT,D40N010,StateSpace,00,3.1162E+0025,3,NONE,UNKNOWN
950,Diffusion2D,PT,D40N010,StateSpace,02,10,3,NONE,UNKNOWN
951,Diffusion2D,PT,D40N010,StateSpace,03,10,3,NONE,UNKNOWN
952,Diffusion2D,PT,D40N050,StateSpace,00,1.1273E+0096,3,NONE,UNKNOWN
953,Diffusion2D,PT,D40N050,StateSpace,02,50,3,NONE,UNKNOWN
954,Diffusion2D,PT,D40N050,StateSpace,03,50,3,NONE,UNKNOWN
955,Diffusion2D,PT,D40N100,StateSpace,00,5.7356E+0163,3,NONE,UNKNOWN
956,Diffusion2D,PT,D40N100,StateSpace,02,100,3,NONE,UNKNOWN
957,Diffusion2D,PT,D40N100,StateSpace,03,100,3,NONE,UNKNOWN
958,Diffusion2D,PT,D50N010,StateSpace,00,2.6757E+0027,3,NONE,UNKNOWN
959,Diffusion2D,PT,D50N010,StateSpace,02,10,3,NONE,UNKNOWN
960,Diffusion2D,PT,D50N010,StateSpace,03,10,3,NONE,UNKNOWN
961,Diffusion2D,PT,D50N050,StateSpace,00,4.2203E+0105,3,NONE,UNKNOWN
962,Diffusion2D,PT,D50N050,StateSpace,02,50,3,NONE,UNKNOWN
963,Diffusion2D,PT,D50N050,StateSpace,03,50,3,NONE,UNKNOWN
964,DiscoveryGPU,PT,06a,StateSpace,00,1.7716E+0006,3,NUPN,UNKNOWN
965,DiscoveryGPU,PT,06a,StateSpace,02,1,3,NUPN,UNKNOWN
966,DiscoveryGPU,PT,06a,StateSpace,03,8,3,NUPN,UNKNOWN
967,DiscoveryGPU,PT,06b,StateSpace,00,6.1387E+0009,3,NUPN,UNKNOWN
968,DiscoveryGPU,PT,06b,StateSpace,02,1,3,NUPN,UNKNOWN
969,DiscoveryGPU,PT,06b,StateSpace,03,8,3,NUPN,UNKNOWN
970,DiscoveryGPU,PT,07a,StateSpace,00,1.9487E+0007,3,NUPN,UNKNOWN
971,DiscoveryGPU,PT,07a,StateSpace,02,1,3,NUPN,UNKNOWN
972,DiscoveryGPU,PT,07a,StateSpace,03,9,3,NUPN,UNKNOWN
973,DiscoveryGPU,PT,07b,StateSpace,00,1.7868E+0011,3,NUPN,UNKNOWN
974,DiscoveryGPU,PT,07b,StateSpace,02,1,3,NUPN,UNKNOWN
975,DiscoveryGPU,PT,07b,StateSpace,03,9,3,NUPN,UNKNOWN
976,DiscoveryGPU,PT,08a,StateSpace,00,2.1436E+0008,3,NUPN,UNKNOWN
977,DiscoveryGPU,PT,08a,StateSpace,02,1,3,NUPN,UNKNOWN
978,DiscoveryGPU,PT,08a,StateSpace,03,10,3,NUPN,UNKNOWN
979,DiscoveryGPU,PT,08b,StateSpace,00,5.1215E+0012,3,NUPN,UNKNOWN
980,DiscoveryGPU,PT,08b,StateSpace,02,1,3,NUPN,UNKNOWN
981,DiscoveryGPU,PT,08b,StateSpace,03,10,3,NUPN,UNKNOWN
982,DiscoveryGPU,PT,09a,StateSpace,00,2.3579E+0009,3,NUPN,UNKNOWN
983,DiscoveryGPU,PT,09a,StateSpace,02,1,3,NUPN,UNKNOWN
984,DiscoveryGPU,PT,09a,StateSpace,03,11,3,NUPN,UNKNOWN
985,DiscoveryGPU,PT,09b,StateSpace,00,1.4510E+0014,3,NUPN,UNKNOWN
986,DiscoveryGPU,PT,09b,StateSpace,02,1,3,NUPN,UNKNOWN
987,DiscoveryGPU,PT,09b,StateSpace,03,11,3,NUPN,UNKNOWN
988,DiscoveryGPU,PT,10a,StateSpace,00,2.5937E+0010,3,NUPN,UNKNOWN
989,DiscoveryGPU,PT,10a,StateSpace,02,1,3,NUPN,UNKNOWN
990,DiscoveryGPU,PT,10a,StateSpace,03,12,3,NUPN,UNKNOWN
991,DiscoveryGPU,PT,10b,StateSpace,00,4.0741E+0015,3,NUPN,UNKNOWN
992,DiscoveryGPU,PT,10b,StateSpace,02,1,3,NUPN,UNKNOWN
993,DiscoveryGPU,PT,10b,StateSpace,03,12,3,NUPN,UNKNOWN
994,DiscoveryGPU,PT,11a,StateSpace,00,2.8531E+0011,3,NUPN,UNKNOWN
995,DiscoveryGPU,PT,11a,StateSpace,02,1,3,NUPN,UNKNOWN
996,DiscoveryGPU,PT,11a,StateSpace,03,13,3,NUPN,UNKNOWN
997,DiscoveryGPU,PT,11b,StateSpace,00,1.1358E+0017,3,NUPN,UNKNOWN
998,DiscoveryGPU,PT,11b,StateSpace,02,1,3,NUPN,UNKNOWN
999,DiscoveryGPU,PT,11b,StateSpace,03,13,3,NUPN,UNKNOWN
1000,DiscoveryGPU,PT,12a,StateSpace,00,3.1384E+0012,3,NUPN,UNKNOWN
1001,DiscoveryGPU,PT,12a,StateSpace,02,1,3,NUPN,UNKNOWN
1002,DiscoveryGPU,PT,12a,StateSpace,03,14,3,NUPN,UNKNOWN
1003,DiscoveryGPU,PT,12b,StateSpace,00,3.1487E+0018,3,NUPN,UNKNOWN
1004,DiscoveryGPU,PT,12b,StateSpace,02,1,3,NUPN,UNKNOWN
1005,DiscoveryGPU,PT,12b,StateSpace,03,14,3,NUPN,UNKNOWN
1006,DiscoveryGPU,PT,13a,StateSpace,00,3.4523E+0013,3,NUPN,UNKNOWN
1007,DiscoveryGPU,PT,13a,StateSpace,02,1,3,NUPN,UNKNOWN
1008,DiscoveryGPU,PT,13a,StateSpace,03,15,3,NUPN,UNKNOWN
1009,DiscoveryGPU,PT,13b,StateSpace,00,8.6891E+0019,3,NUPN,UNKNOWN
1010,DiscoveryGPU,PT,13b,StateSpace,02,1,3,NUPN,UNKNOWN
1011,DiscoveryGPU,PT,13b,StateSpace,03,15,3,NUPN,UNKNOWN
1012,DiscoveryGPU,PT,14a,StateSpace,00,3.7975E+0014,3,NUPN,UNKNOWN
1013,DiscoveryGPU,PT,14a,StateSpace,02,1,3,NUPN,UNKNOWN
1014,DiscoveryGPU,PT,14a,StateSpace,03,16,3,NUPN,UNKNOWN
1015,DiscoveryGPU,PT,14b,StateSpace,00,2.3890E+0021,3,NUPN,UNKNOWN
1016,DiscoveryGPU,PT,14b,StateSpace,02,1,3,NUPN,UNKNOWN
1017,DiscoveryGPU,PT,14b,StateSpace,03,16,3,NUPN,UNKNOWN
1018,DiscoveryGPU,PT,15a,StateSpace,00,4.1772E+0015,3,NUPN,UNKNOWN
1019,DiscoveryGPU,PT,15a,StateSpace,02,1,3,NUPN,UNKNOWN
1020,DiscoveryGPU,PT,15a,StateSpace,03,17,3,NUPN,UNKNOWN
1021,DiscoveryGPU,PT,15b,StateSpace,00,6.5486E+0022,3,NUPN,UNKNOWN
1022,DiscoveryGPU,PT,15b,StateSpace,02,1,3,NUPN,UNKNOWN
1023,DiscoveryGPU,PT,15b,StateSpace,03,17,3,NUPN,UNKNOWN
1024,DLCflexbar,PT,2a,StateSpace,00,7.9792E+0020,3,NUPN,UNKNOWN
1025,DLCflexbar,PT,2a,StateSpace,02,1,3,NUPN,UNKNOWN
1026,DLCflexbar,PT,2a,StateSpace,03,196,3,NUPN,UNKNOWN
1027,DLCflexbar,PT,3a,StateSpace,00,2.2539E+0030,3,NUPN,UNKNOWN
1028,DLCflexbar,PT,3a,StateSpace,02,1,3,NUPN,UNKNOWN
1029,DLCflexbar,PT,3a,StateSpace,03,355,3,NUPN,UNKNOWN
1030,DLCflexbar,PT,4a,StateSpace,00,1.5287E+0043,3,NUPN,UNKNOWN
1031,DLCflexbar,PT,4a,StateSpace,02,1,3,NUPN,UNKNOWN
1032,DLCflexbar,PT,4a,StateSpace,03,608,3,NUPN,UNKNOWN
1033,DLCflexbar,PT,5a,StateSpace,00,2.4893E+0059,3,NUPN,UNKNOWN
1034,DLCflexbar,PT,5a,StateSpace,02,1,3,NUPN,UNKNOWN
1035,DLCflexbar,PT,5a,StateSpace,03,979,3,NUPN,UNKNOWN
1036,DLCflexbar,PT,6a,StateSpace,00,9.7327E+0078,3,NUPN,UNKNOWN
1037,DLCflexbar,PT,6a,StateSpace,02,1,3,NUPN,UNKNOWN
1038,DLCflexbar,PT,6a,StateSpace,03,1492,3,NUPN,UNKNOWN
1039,DLCflexbar,PT,7a,StateSpace,00,9.1366E+0101,3,NUPN,UNKNOWN
1040,DLCflexbar,PT,7a,StateSpace,02,1,3,NUPN,UNKNOWN
1041,DLCflexbar,PT,7a,StateSpace,03,2171,3,NUPN,UNKNOWN
1042,DLCflexbar,PT,8a,StateSpace,00,2.0593E+0128,3,NUPN,UNKNOWN
1043,DLCflexbar,PT,8a,StateSpace,02,1,3,NUPN,UNKNOWN
1044,DLCflexbar,PT,8a,StateSpace,03,3040,3,NUPN,UNKNOWN
1045,DLCround,PT,03a,StateSpace,00,2.4010E+0007,3,NUPN,UNKNOWN
1046,DLCround,PT,03a,StateSpace,02,1,3,NUPN,UNKNOWN
1047,DLCround,PT,03a,StateSpace,03,52,3,NUPN,UNKNOWN
1048,DLCround,PT,04a,StateSpace,00,2.4010E+0008,3,NUPN,UNKNOWN
1049,DLCround,PT,04a,StateSpace,02,1,3,NUPN,UNKNOWN
1050,DLCround,PT,04a,StateSpace,03,69,3,NUPN,UNKNOWN
1051,DLCround,PT,05a,StateSpace,00,2.4010E+0009,3,NUPN,UNKNOWN
1052,DLCround,PT,05a,StateSpace,02,1,3,NUPN,UNKNOWN
1053,DLCround,PT,05a,StateSpace,03,88,3,NUPN,UNKNOWN
1054,DLCround,PT,06a,StateSpace,00,2.4010E+0010,3,NUPN,UNKNOWN
1055,DLCround,PT,06a,StateSpace,02,1,3,NUPN,UNKNOWN
1056,DLCround,PT,06a,StateSpace,03,109,3,NUPN,UNKNOWN
1057,DLCround,PT,07a,StateSpace,00,2.4010E+0011,3,NUPN,UNKNOWN
1058,DLCround,PT,07a,StateSpace,02,1,3,NUPN,UNKNOWN
1059,DLCround,PT,07a,StateSpace,03,132,3,NUPN,UNKNOWN
1060,DLCround,PT,08a,StateSpace,00,2.4010E+0012,3,NUPN,UNKNOWN
1061,DLCround,PT,08a,StateSpace,02,1,3,NUPN,UNKNOWN
1062,DLCround,PT,08a,StateSpace,03,157,3,NUPN,UNKNOWN
1063,DLCround,PT,09a,StateSpace,00,2.4010E+0013,3,NUPN,UNKNOWN
1064,DLCround,PT,09a,StateSpace,02,1,3,NUPN,UNKNOWN
1065,DLCround,PT,09a,StateSpace,03,184,3,NUPN,UNKNOWN
1066,DLCround,PT,10a,StateSpace,00,2.4010E+0014,3,NUPN,UNKNOWN
1067,DLCround,PT,10a,StateSpace,02,1,3,NUPN,UNKNOWN
1068,DLCround,PT,10a,StateSpace,03,213,3,NUPN,UNKNOWN
1069,DLCround,PT,11a,StateSpace,00,2.4010E+0015,3,NUPN,UNKNOWN
1070,DLCround,PT,11a,StateSpace,02,1,3,NUPN,UNKNOWN
1071,DLCround,PT,11a,StateSpace,03,244,3,NUPN,UNKNOWN
1072,DLCround,PT,12a,StateSpace,00,2.4010E+0016,3,NUPN,UNKNOWN
1073,DLCround,PT,12a,StateSpace,02,1,3,NUPN,UNKNOWN
1074,DLCround,PT,12a,StateSpace,03,277,3,NUPN,UNKNOWN
1075,DLCround,PT,13a,StateSpace,00,2.4010E+0017,3,NUPN,UNKNOWN
1076,DLCround,PT,13a,StateSpace,02,1,3,NUPN,UNKNOWN
1077,DLCround,PT,13a,StateSpace,03,312,3,NUPN,UNKNOWN
1078,DLCshifumi,PT,2a,StateSpace,00,4.7476E+0014,3,NUPN,UNKNOWN
1079,DLCshifumi,PT,2a,StateSpace,02,1,3,NUPN,UNKNOWN
1080,DLCshifumi,PT,2a,StateSpace,03,79,3,NUPN,UNKNOWN
1081,DLCshifumi,PT,3a,StateSpace,00,9.0954E+0035,3,NUPN,UNKNOWN
1082,DLCshifumi,PT,3a,StateSpace,02,1,3,NUPN,UNKNOWN
1083,DLCshifumi,PT,3a,StateSpace,03,282,3,NUPN,UNKNOWN
1084,DLCshifumi,PT,4a,StateSpace,00,2.4119E+0067,3,NUPN,UNKNOWN
1085,DLCshifumi,PT,4a,StateSpace,02,1,3,NUPN,UNKNOWN
1086,DLCshifumi,PT,4a,StateSpace,03,691,3,NUPN,UNKNOWN
1087,DLCshifumi,PT,5a,StateSpace,00,8.8524E+0108,3,NUPN,UNKNOWN
1088,DLCshifumi,PT,5a,StateSpace,02,1,3,NUPN,UNKNOWN
1089,DLCshifumi,PT,5a,StateSpace,03,1378,3,NUPN,UNKNOWN
1090,DLCshifumi,PT,6a,StateSpace,00,4.4972E+0160,3,NUPN,UNKNOWN
1091,DLCshifumi,PT,6a,StateSpace,02,1,3,NUPN,UNKNOWN
1092,DLCshifumi,PT,6a,StateSpace,03,2415,3,NUPN,UNKNOWN
1093,DNAwalker,PT,01track12Block1,StateSpace,00,3795,3,NONE,UNKNOWN
1094,DNAwalker,PT,01track12Block1,StateSpace,02,2,3,NONE,UNKNOWN
1095,DNAwalker,PT,01track12Block1,StateSpace,03,13,3,NONE,UNKNOWN
1096,DNAwalker,PT,02track12Block2,StateSpace,00,5459,3,NONE,UNKNOWN
1097,DNAwalker,PT,02track12Block2,StateSpace,02,2,3,NONE,UNKNOWN
1098,DNAwalker,PT,02track12Block2,StateSpace,03,13,3,NONE,UNKNOWN
1099,DNAwalker,PT,03track12BlockBoth,StateSpace,00,5248,3,NONE,UNKNOWN
1100,DNAwalker,PT,03track12BlockBoth,StateSpace,02,2,3,NONE,UNKNOWN
1101,DNAwalker,PT,03track12BlockBoth,StateSpace,03,13,3,NONE,UNKNOWN
1102,DNAwalker,PT,04track28LL,StateSpace,00,4.3288E+0008,3,NONE,UNKNOWN
1103,DNAwalker,PT,04track28LL,StateSpace,02,2,3,NONE,UNKNOWN
1104,DNAwalker,PT,04track28LL,StateSpace,03,29,3,NONE,UNKNOWN
1105,DNAwalker,PT,05track28LR,StateSpace,00,4.3534E+0008,3,NONE,UNKNOWN
1106,DNAwalker,PT,05track28LR,StateSpace,02,2,3,NONE,UNKNOWN
1107,DNAwalker,PT,05track28LR,StateSpace,03,29,3,NONE,UNKNOWN
1108,DNAwalker,PT,08ringLL,StateSpace,00,2.7951E+0007,3,NONE,UNKNOWN
1109,DNAwalker,PT,08ringLL,StateSpace,02,2,3,NONE,UNKNOWN
1110,DNAwalker,PT,08ringLL,StateSpace,03,22,3,NONE,UNKNOWN
1111,DNAwalker,PT,09ringLR,StateSpace,00,2.8210E+0007,3,NONE,UNKNOWN
1112,DNAwalker,PT,09ringLR,StateSpace,02,2,3,NONE,UNKNOWN
1113,DNAwalker,PT,09ringLR,StateSpace,03,22,3,NONE,UNKNOWN
1114,DNAwalker,PT,12ringLLLarge,StateSpace,00,1.8854E+0009,3,NONE,UNKNOWN
1115,DNAwalker,PT,12ringLLLarge,StateSpace,02,2,3,NONE,UNKNOWN
1116,DNAwalker,PT,12ringLLLarge,StateSpace,03,28,3,NONE,UNKNOWN
1117,DNAwalker,PT,14ringLRLarge,StateSpace,00,1.8609E+0009,3,NONE,UNKNOWN
1118,DNAwalker,PT,14ringLRLarge,StateSpace,02,2,3,NONE,UNKNOWN
1119,DNAwalker,PT,14ringLRLarge,StateSpace,03,28,3,NONE,UNKNOWN
1120,DNAwalker,PT,16redondantChoiceR,StateSpace,00,8.0032E+0011,3,NONE,UNKNOWN
1121,DNAwalker,PT,16redondantChoiceR,StateSpace,02,2,3,NONE,UNKNOWN
1122,DNAwalker,PT,16redondantChoiceR,StateSpace,03,34,3,NONE,UNKNOWN
1123,DoubleExponent,PT,001,StateSpace,00,149,3,NONE,UNKNOWN
1124,DoubleExponent,PT,001,StateSpace,02,4,3,NONE,UNKNOWN
1125,DoubleExponent,PT,001,StateSpace,03,21,3,NONE,UNKNOWN
1126,DoubleExponent,PT,002,StateSpace,00,3708,3,NONE,UNKNOWN
1127,DoubleExponent,PT,002,StateSpace,02,16,3,NONE,UNKNOWN
1128,DoubleExponent,PT,002,StateSpace,03,71,3,NONE,UNKNOWN
1129,DoubleExponent,PT,003,StateSpace,00,2.3851E+0006,3,NONE,UNKNOWN
1130,DoubleExponent,PT,003,StateSpace,02,256,3,NONE,UNKNOWN
1131,DoubleExponent,PT,003,StateSpace,03,841,3,NONE,UNKNOWN
1132,DrinkVendingMachine,COL,02,StateSpace,00,1024,3,NONE,UNKNOWN
1133,DrinkVendingMachine,COL,02,StateSpace,02,1,3,NONE,UNKNOWN
1134,DrinkVendingMachine,COL,02,StateSpace,03,12,3,NONE,UNKNOWN
1135,DrinkVendingMachine,COL,10,StateSpace,00,1.1529E+0018,3,NONE,UNKNOWN
1136,DrinkVendingMachine,COL,10,StateSpace,02,1,3,NONE,UNKNOWN
1137,DrinkVendingMachine,COL,10,StateSpace,03,60,3,NONE,UNKNOWN
1138,DrinkVendingMachine,PT,02,StateSpace,00,1024,3,NONE,UNKNOWN
1139,DrinkVendingMachine,PT,02,StateSpace,02,1,3,NONE,UNKNOWN
1140,DrinkVendingMachine,PT,02,StateSpace,03,12,3,NONE,UNKNOWN
1141,DrinkVendingMachine,PT,10,StateSpace,00,1.1529E+0018,3,NONE,UNKNOWN
1142,DrinkVendingMachine,PT,10,StateSpace,02,1,3,NONE,UNKNOWN
1143,DrinkVendingMachine,PT,10,StateSpace,03,60,3,NONE,UNKNOWN
1144,EGFr,PT,02010,StateSpace,00,4200,3,GEN,UNKNOWN
1145,EGFr,PT,02010,StateSpace,02,1,3,GEN,UNKNOWN
1146,EGFr,PT,02010,StateSpace,03,20,3,GEN,UNKNOWN
1147,EGFr,PT,10420,StateSpace,00,2.7022E+0016,3,GEN,UNKNOWN
1148,EGFr,PT,10420,StateSpace,02,1,3,GEN,UNKNOWN
1149,EGFr,PT,10420,StateSpace,03,104,3,GEN,UNKNOWN
1150,EGFr,PT,10421,StateSpace,00,2.7022E+0016,3,NONE,UNKNOWN
1151,EGFr,PT,10421,StateSpace,02,1,3,NONE,UNKNOWN
1152,EGFr,PT,10421,StateSpace,03,104,3,NONE,UNKNOWN
1153,EisenbergMcGuire,PT,03,StateSpace,00,31265,3,NUPN,UNKNOWN
1154,EisenbergMcGuire,PT,03,StateSpace,02,1,3,NUPN,UNKNOWN
1155,EisenbergMcGuire,PT,03,StateSpace,03,7,3,NUPN,UNKNOWN
1156,EisenbergMcGuire,PT,04,StateSpace,00,1.7624E+0006,3,NUPN,UNKNOWN
1157,EisenbergMcGuire,PT,04,StateSpace,02,1,3,NUPN,UNKNOWN
1158,EisenbergMcGuire,PT,04,StateSpace,03,9,3,NUPN,UNKNOWN
1159,EisenbergMcGuire,PT,05,StateSpace,00,1.1411E+0008,3,NUPN,UNKNOWN
1160,EisenbergMcGuire,PT,05,StateSpace,02,1,3,NUPN,UNKNOWN
1161,EisenbergMcGuire,PT,05,StateSpace,03,11,3,NUPN,UNKNOWN
1162,EnergyBus,PT,none,StateSpace,00,2.1318E+0012,3,NUPN,UNKNOWN
1163,EnergyBus,PT,none,StateSpace,02,1,3,NUPN,UNKNOWN
1164,EnergyBus,PT,none,StateSpace,03,22,3,NUPN,UNKNOWN
1165,Eratosthenes,PT,010,StateSpace,00,32,3,NONE,UNKNOWN
1166,Eratosthenes,PT,010,StateSpace,02,1,3,NONE,UNKNOWN
1167,Eratosthenes,PT,010,StateSpace,03,9,3,NONE,UNKNOWN
1168,Eratosthenes,PT,020,StateSpace,00,2048,3,NONE,UNKNOWN
1169,Eratosthenes,PT,020,StateSpace,02,1,3,NONE,UNKNOWN
1170,Eratosthenes,PT,020,StateSpace,03,19,3,NONE,UNKNOWN
1171,Eratosthenes,PT,050,StateSpace,00,1.7180E+0010,3,NONE,UNKNOWN
1172,Eratosthenes,PT,050,StateSpace,02,1,3,NONE,UNKNOWN
1173,Eratosthenes,PT,050,StateSpace,03,49,3,NONE,UNKNOWN
1174,Eratosthenes,PT,100,StateSpace,00,1.8889E+0022,3,NONE,UNKNOWN
1175,Eratosthenes,PT,100,StateSpace,02,1,3,NONE,UNKNOWN
1176,Eratosthenes,PT,100,StateSpace,03,99,3,NONE,UNKNOWN
1177,Eratosthenes,PT,200,StateSpace,00,1.1418E+0046,3,NONE,UNKNOWN
1178,Eratosthenes,PT,200,StateSpace,02,1,3,NONE,UNKNOWN
1179,Eratosthenes,PT,200,StateSpace,03,199,3,NONE,UNKNOWN
1180,Eratosthenes,PT,500,StateSpace,00,4.1316E+0121,3,NONE,UNKNOWN
1181,Eratosthenes,PT,500,StateSpace,02,1,3,NONE,UNKNOWN
1182,Eratosthenes,PT,500,StateSpace,03,499,3,NONE,UNKNOWN
1183,ERK,PT,000001,StateSpace,00,13,3,GEN,UNKNOWN
1184,ERK,PT,000001,StateSpace,02,1,3,GEN,UNKNOWN
1185,ERK,PT,000001,StateSpace,03,5,3,GEN,UNKNOWN
1186,ERK,PT,000010,StateSpace,00,47047,3,NONE,UNKNOWN
1187,ERK,PT,000010,StateSpace,02,10,3,NONE,UNKNOWN
1188,ERK,PT,000010,StateSpace,03,50,3,NONE,UNKNOWN
1189,ERK,PT,000100,StateSpace,00,1.5914E+0010,3,NONE,UNKNOWN
1190,ERK,PT,000100,StateSpace,02,100,3,NONE,UNKNOWN
1191,ERK,PT,000100,StateSpace,03,500,3,NONE,UNKNOWN
1192,ERK,PT,001000,StateSpace,00,1.4082E+0016,3,NONE,UNKNOWN
1193,ERK,PT,001000,StateSpace,02,1000,3,NONE,UNKNOWN
1194,ERK,PT,001000,StateSpace,03,5000,3,NONE,UNKNOWN
1195,ErlangenMainframeV0,PT,0404,StateSpace,00,9.0874E+0010,3,NONE,UNKNOWN
1196,ErlangenMainframeV0,PT,0404,StateSpace,02,1,3,NONE,UNKNOWN
1197,ErlangenMainframeV0,PT,0404,StateSpace,03,10,3,NONE,UNKNOWN
1198,ErlangenMainframeV0,PT,0505,StateSpace,00,1.2305E+0012,3,NONE,UNKNOWN
1199,ErlangenMainframeV0,PT,0505,StateSpace,02,1,3,NONE,UNKNOWN
1200,ErlangenMainframeV0,PT,0505,StateSpace,03,11,3,NONE,UNKNOWN
1201,ErlangenMainframeV0,PT,0606,StateSpace,00,1.6754E+0013,3,NONE,UNKNOWN
1202,ErlangenMainframeV0,PT,0606,StateSpace,02,1,3,NONE,UNKNOWN
1203,ErlangenMainframeV0,PT,0606,StateSpace,03,12,3,NONE,UNKNOWN
1204,ErlangenMainframeV0,PT,0707,StateSpace,00,2.2933E+0014,3,NONE,UNKNOWN
1205,ErlangenMainframeV0,PT,0707,StateSpace,02,1,3,NONE,UNKNOWN
1206,ErlangenMainframeV0,PT,0707,StateSpace,03,13,3,NONE,UNKNOWN
1207,ErlangenMainframeV0,PT,0808,StateSpace,00,3.1537E+0015,3,NONE,UNKNOWN
1208,ErlangenMainframeV0,PT,0808,StateSpace,02,1,3,NONE,UNKNOWN
1209,ErlangenMainframeV0,PT,0808,StateSpace,03,14,3,NONE,UNKNOWN
1210,ErlangenMainframeV0,PT,0909,StateSpace,00,4.3546E+0016,3,NONE,UNKNOWN
1211,ErlangenMainframeV0,PT,0909,StateSpace,02,1,3,NONE,UNKNOWN
1212,ErlangenMainframeV0,PT,0909,StateSpace,03,15,3,NONE,UNKNOWN
1213,ErlangenMainframeV0,PT,1005,StateSpace,00,6.8470E+0016,3,NONE,UNKNOWN
1214,ErlangenMainframeV0,PT,1005,StateSpace,02,1,3,NONE,UNKNOWN
1215,ErlangenMainframeV0,PT,1005,StateSpace,03,16,3,NONE,UNKNOWN
1216,ErlangenMainframeV0,PT,1006,StateSpace,00,1.0558E+0017,3,NONE,UNKNOWN
1217,ErlangenMainframeV0,PT,1006,StateSpace,02,1,3,NONE,UNKNOWN
1218,ErlangenMainframeV0,PT,1006,StateSpace,03,16,3,NONE,UNKNOWN
1219,ErlangenMainframeV0,PT,1007,StateSpace,00,1.6305E+0017,3,NONE,UNKNOWN
1220,ErlangenMainframeV0,PT,1007,StateSpace,02,1,3,NONE,UNKNOWN
1221,ErlangenMainframeV0,PT,1007,StateSpace,03,16,3,NONE,UNKNOWN
1222,ErlangenMainframeV0,PT,1008,StateSpace,00,2.5206E+0017,2,NONE,UNKNOWN
1223,ErlangenMainframeV0,PT,1008,StateSpace,02,1,3,NONE,UNKNOWN
1224,ErlangenMainframeV0,PT,1008,StateSpace,03,16,2,NONE,UNKNOWN
1225,ErlangenMainframeV0,PT,1104,StateSpace,00,3.9574E+0017,3,NONE,UNKNOWN
1226,ErlangenMainframeV0,PT,1104,StateSpace,02,1,3,NONE,UNKNOWN
1227,ErlangenMainframeV0,PT,1104,StateSpace,03,17,3,NONE,UNKNOWN
1228,ErlangenMainframeV0,PT,1105,StateSpace,00,6.0971E+0017,3,NONE,UNKNOWN
1229,ErlangenMainframeV0,PT,1105,StateSpace,02,1,3,NONE,UNKNOWN
1230,ErlangenMainframeV0,PT,1105,StateSpace,03,17,3,NONE,UNKNOWN
1231,ErlangenMainframeV0,PT,1106,StateSpace,00,9.4131E+0017,3,NONE,UNKNOWN
1232,ErlangenMainframeV0,PT,1106,StateSpace,02,1,3,NONE,UNKNOWN
1233,ErlangenMainframeV0,PT,1106,StateSpace,03,17,3,NONE,UNKNOWN
1234,ErlangenMainframeV0,PT,1201,StateSpace,00,9.8024E+0017,3,NONE,UNKNOWN
1235,ErlangenMainframeV0,PT,1201,StateSpace,02,1,3,NONE,UNKNOWN
1236,ErlangenMainframeV0,PT,1201,StateSpace,03,18,3,NONE,UNKNOWN
1237,ErlangenMainframeV0,PT,1202,StateSpace,00,1.4967E+0018,3,NONE,UNKNOWN
1238,ErlangenMainframeV0,PT,1202,StateSpace,02,1,3,NONE,UNKNOWN
1239,ErlangenMainframeV0,PT,1202,StateSpace,03,18,3,NONE,UNKNOWN
1240,ErlangenMainframeV0,PT,1203,StateSpace,00,2.2937E+0018,3,NONE,UNKNOWN
1241,ErlangenMainframeV0,PT,1203,StateSpace,02,1,3,NONE,UNKNOWN
1242,ErlangenMainframeV0,PT,1203,StateSpace,03,18,3,NONE,UNKNOWN
1243,ErlangenMainframeV0,PT,1204,StateSpace,00,3.5275E+0018,3,NONE,UNKNOWN
1244,ErlangenMainframeV0,PT,1204,StateSpace,02,1,3,NONE,UNKNOWN
1245,ErlangenMainframeV0,PT,1204,StateSpace,03,18,3,NONE,UNKNOWN
1246,ErlangenMainframeV0,PT,1301,StateSpace,00,8.7356E+0018,3,NONE,UNKNOWN
1247,ErlangenMainframeV0,PT,1301,StateSpace,02,1,3,NONE,UNKNOWN
1248,ErlangenMainframeV0,PT,1301,StateSpace,03,19,3,NONE,UNKNOWN
1249,ErlangenMainframeV0,PT,1302,StateSpace,00,1.3346E+0019,3,NONE,UNKNOWN
1250,ErlangenMainframeV0,PT,1302,StateSpace,02,1,3,NONE,UNKNOWN
1251,ErlangenMainframeV0,PT,1302,StateSpace,03,19,3,NONE,UNKNOWN
1252,ErlangenMainframeV0,PT,1400,StateSpace,00,4.3436E+0019,3,NONE,UNKNOWN
1253,ErlangenMainframeV0,PT,1400,StateSpace,02,1,3,NONE,UNKNOWN
1254,ErlangenMainframeV0,PT,1400,StateSpace,03,20,3,NONE,UNKNOWN
1255,FireWire,PT,01,StateSpace,00,1.5927E+0006,3,NONE,UNKNOWN
1256,FireWire,PT,01,StateSpace,02,1,3,NONE,UNKNOWN
1257,FireWire,PT,01,StateSpace,03,9,3,NONE,UNKNOWN
1258,FireWire,PT,02,StateSpace,00,1.7122E+0006,3,NONE,UNKNOWN
1259,FireWire,PT,02,StateSpace,02,1,3,NONE,UNKNOWN
1260,FireWire,PT,02,StateSpace,03,9,3,NONE,UNKNOWN
1261,FireWire,PT,03,StateSpace,00,6.2042E+0006,3,NONE,UNKNOWN
1262,FireWire,PT,03,StateSpace,02,1,3,NONE,UNKNOWN
1263,FireWire,PT,03,StateSpace,03,9,3,NONE,UNKNOWN
1264,FireWire,PT,04,StateSpace,00,1.4869E+0006,3,NONE,UNKNOWN
1265,FireWire,PT,04,StateSpace,02,1,3,NONE,UNKNOWN
1266,FireWire,PT,04,StateSpace,03,9,3,NONE,UNKNOWN
1267,FireWire,PT,05,StateSpace,00,1.5090E+0006,3,NONE,UNKNOWN
1268,FireWire,PT,05,StateSpace,02,1,3,NONE,UNKNOWN
1269,FireWire,PT,05,StateSpace,03,9,3,NONE,UNKNOWN
1270,FireWire,PT,06,StateSpace,00,5.6814E+0006,3,NONE,UNKNOWN
1271,FireWire,PT,06,StateSpace,02,1,3,NONE,UNKNOWN
1272,FireWire,PT,06,StateSpace,03,9,3,NONE,UNKNOWN
1273,FireWire,PT,07,StateSpace,00,8.0351E+0006,3,NONE,UNKNOWN
1274,FireWire,PT,07,StateSpace,02,1,3,NONE,UNKNOWN
1275,FireWire,PT,07,StateSpace,03,9,3,NONE,UNKNOWN
1276,FireWire,PT,08,StateSpace,00,1.4695E+0007,3,NONE,UNKNOWN
1277,FireWire,PT,08,StateSpace,02,1,3,NONE,UNKNOWN
1278,FireWire,PT,08,StateSpace,03,9,3,NONE,UNKNOWN
1279,FireWire,PT,09,StateSpace,00,6.9272E+0006,3,NONE,UNKNOWN
1280,FireWire,PT,09,StateSpace,02,1,3,NONE,UNKNOWN
1281,FireWire,PT,09,StateSpace,03,9,3,NONE,UNKNOWN
1282,FireWire,PT,10,StateSpace,00,1.2669E+0007,3,NONE,UNKNOWN
1283,FireWire,PT,10,StateSpace,02,1,3,NONE,UNKNOWN
1284,FireWire,PT,10,StateSpace,03,9,3,NONE,UNKNOWN
1285,FireWire,PT,11,StateSpace,00,1.0689E+0009,3,NONE,UNKNOWN
1286,FireWire,PT,11,StateSpace,02,1,3,NONE,UNKNOWN
1287,FireWire,PT,11,StateSpace,03,13,3,NONE,UNKNOWN
1288,FireWire,PT,12,StateSpace,00,9.8019E+0008,3,NONE,UNKNOWN
1289,FireWire,PT,12,StateSpace,02,1,3,NONE,UNKNOWN
1290,FireWire,PT,12,StateSpace,03,13,3,NONE,UNKNOWN
1291,FireWire,PT,13,StateSpace,00,9.9009E+0008,3,NONE,UNKNOWN
1292,FireWire,PT,13,StateSpace,02,1,3,NONE,UNKNOWN
1293,FireWire,PT,13,StateSpace,03,13,3,NONE,UNKNOWN
1294,FireWire,PT,14,StateSpace,00,8.8142E+0008,3,NONE,UNKNOWN
1295,FireWire,PT,14,StateSpace,02,1,3,NONE,UNKNOWN
1296,FireWire,PT,14,StateSpace,03,13,3,NONE,UNKNOWN
1297,FireWire,PT,15,StateSpace,00,3.5128E+0006,3,NONE,UNKNOWN
1298,FireWire,PT,15,StateSpace,02,1,3,NONE,UNKNOWN
1299,FireWire,PT,15,StateSpace,03,5,3,NONE,UNKNOWN
1300,FireWire,PT,16,StateSpace,00,5.1351E+0006,3,NONE,UNKNOWN
1301,FireWire,PT,16,StateSpace,02,1,3,NONE,UNKNOWN
1302,FireWire,PT,16,StateSpace,03,5,3,NONE,UNKNOWN
1303,FireWire,PT,17,StateSpace,00,1.8703E+0012,3,NONE,UNKNOWN
1304,FireWire,PT,17,StateSpace,02,1,3,NONE,UNKNOWN
1305,FireWire,PT,17,StateSpace,03,9,3,NONE,UNKNOWN
1306,FireWire,PT,18,StateSpace,00,8.8090E+0011,3,NONE,UNKNOWN
1307,FireWire,PT,18,StateSpace,02,1,3,NONE,UNKNOWN
1308,FireWire,PT,18,StateSpace,03,9,3,NONE,UNKNOWN
1309,FlexibleBarrier,PT,04a,StateSpace,00,20737,3,NUPN,UNKNOWN
1310,FlexibleBarrier,PT,04a,StateSpace,02,1,3,NUPN,UNKNOWN
1311,FlexibleBarrier,PT,04a,StateSpace,03,6,3,NUPN,UNKNOWN
1312,FlexibleBarrier,PT,04b,StateSpace,00,7.9137E+0008,3,NUPN,UNKNOWN
1313,FlexibleBarrier,PT,04b,StateSpace,02,1,3,NUPN,UNKNOWN
1314,FlexibleBarrier,PT,04b,StateSpace,03,6,3,NUPN,UNKNOWN
1315,FlexibleBarrier,PT,06a,StateSpace,00,2.9860E+0006,3,NUPN,UNKNOWN
1316,FlexibleBarrier,PT,06a,StateSpace,02,1,3,NUPN,UNKNOWN
1317,FlexibleBarrier,PT,06a,StateSpace,03,8,3,NUPN,UNKNOWN
1318,FlexibleBarrier,PT,08a,StateSpace,00,4.2998E+0008,3,NUPN,UNKNOWN
1319,FlexibleBarrier,PT,08a,StateSpace,02,1,3,NUPN,UNKNOWN
1320,FlexibleBarrier,PT,08a,StateSpace,03,10,3,NUPN,UNKNOWN
1321,FlexibleBarrier,PT,10a,StateSpace,00,6.1917E+0010,3,NUPN,UNKNOWN
1322,FlexibleBarrier,PT,10a,StateSpace,02,1,3,NUPN,UNKNOWN
1323,FlexibleBarrier,PT,10a,StateSpace,03,12,3,NUPN,UNKNOWN
1324,FlexibleBarrier,PT,12a,StateSpace,00,8.9161E+0012,3,NUPN,UNKNOWN
1325,FlexibleBarrier,PT,12a,StateSpace,02,1,3,NUPN,UNKNOWN
1326,FlexibleBarrier,PT,12a,StateSpace,03,14,3,NUPN,UNKNOWN
1327,FlexibleBarrier,PT,14a,StateSpace,00,1.2839E+0015,3,NUPN,UNKNOWN
1328,FlexibleBarrier,PT,14a,StateSpace,02,1,3,NUPN,UNKNOWN
1329,FlexibleBarrier,PT,14a,StateSpace,03,16,3,NUPN,UNKNOWN
1330,FlexibleBarrier,PT,16a,StateSpace,00,1.8488E+0017,3,NUPN,UNKNOWN
1331,FlexibleBarrier,PT,16a,StateSpace,02,1,3,NUPN,UNKNOWN
1332,FlexibleBarrier,PT,16a,StateSpace,03,18,3,NUPN,UNKNOWN
1333,FlexibleBarrier,PT,18a,StateSpace,00,2.6623E+0019,3,NUPN,UNKNOWN
1334,FlexibleBarrier,PT,18a,StateSpace,02,1,3,NUPN,UNKNOWN
1335,FlexibleBarrier,PT,18a,StateSpace,03,20,3,NUPN,UNKNOWN
1336,FlexibleBarrier,PT,20a,StateSpace,00,3.8338E+0021,3,NUPN,UNKNOWN
1337,FlexibleBarrier,PT,20a,StateSpace,02,1,3,NUPN,UNKNOWN
1338,FlexibleBarrier,PT,20a,StateSpace,03,22,3,NUPN,UNKNOWN
1339,FlexibleBarrier,PT,22a,StateSpace,00,5.5206E+0023,3,NUPN,UNKNOWN
1340,FlexibleBarrier,PT,22a,StateSpace,02,1,3,NUPN,UNKNOWN
1341,FlexibleBarrier,PT,22a,StateSpace,03,24,3,NUPN,UNKNOWN
1342,FMS,PT,00002,StateSpace,00,3444,3,NONE,UNKNOWN
1343,FMS,PT,00002,StateSpace,02,3,3,NONE,UNKNOWN
1344,FMS,PT,00002,StateSpace,03,12,3,NONE,UNKNOWN
1345,FMS,PT,00005,StateSpace,00,2.8950E+0006,3,NONE,UNKNOWN
1346,FMS,PT,00005,StateSpace,02,5,3,NONE,UNKNOWN
1347,FMS,PT,00005,StateSpace,03,21,3,NONE,UNKNOWN
1348,FMS,PT,00010,StateSpace,00,2.5014E+0009,3,NONE,UNKNOWN
1349,FMS,PT,00010,StateSpace,02,10,3,NONE,UNKNOWN
1350,FMS,PT,00010,StateSpace,03,36,3,NONE,UNKNOWN
1351,FMS,PT,00020,StateSpace,00,6.0292E+0012,3,NONE,UNKNOWN
1352,FMS,PT,00020,StateSpace,02,20,3,NONE,UNKNOWN
1353,FMS,PT,00020,StateSpace,03,66,3,NONE,UNKNOWN
1354,FMS,PT,00050,StateSpace,00,4.2403E+0017,3,NONE,UNKNOWN
1355,FMS,PT,00050,StateSpace,02,50,3,NONE,UNKNOWN
1356,FMS,PT,00050,StateSpace,03,156,3,NONE,UNKNOWN
1357,FMS,PT,00100,StateSpace,00,2.7031E+0021,3,NONE,UNKNOWN
1358,FMS,PT,00100,StateSpace,02,100,3,NONE,UNKNOWN
1359,FMS,PT,00100,StateSpace,03,306,3,NONE,UNKNOWN
1360,FMS,PT,00200,StateSpace,00,1.9536E+0025,3,NONE,UNKNOWN
1361,FMS,PT,00200,StateSpace,02,200,3,NONE,UNKNOWN
1362,FMS,PT,00200,StateSpace,03,606,3,NONE,UNKNOWN
1363,GlobalResAllocation,COL,03,StateSpace,00,6320,3,NONE,UNKNOWN
1364,GlobalResAllocation,COL,03,StateSpace,02,4,3,NONE,UNKNOWN
1365,GlobalResAllocation,COL,03,StateSpace,03,18,3,NONE,UNKNOWN
1366,GlobalResAllocation,COL,05,StateSpace,00,1.0660E+0008,1,NONE,UNKNOWN
1367,GlobalResAllocation,COL,05,StateSpace,02,4,1,NONE,UNKNOWN
1368,GlobalResAllocation,COL,05,StateSpace,03,30,1,NONE,UNKNOWN
1369,GlobalResAllocation,COL,06,StateSpace,00,2.5725E+0010,1,NONE,UNKNOWN
1370,GlobalResAllocation,COL,06,StateSpace,02,4,1,NONE,UNKNOWN
1371,GlobalResAllocation,COL,06,StateSpace,03,36,1,NONE,UNKNOWN
1372,GlobalResAllocation,PT,03,StateSpace,00,6320,3,NONE,UNKNOWN
1373,GlobalResAllocation,PT,03,StateSpace,02,4,3,NONE,UNKNOWN
1374,GlobalResAllocation,PT,03,StateSpace,03,18,3,NONE,UNKNOWN
1375,GlobalResAllocation,PT,05,StateSpace,00,1.0660E+0008,1,NONE,UNKNOWN
1376,GlobalResAllocation,PT,05,StateSpace,02,4,1,NONE,UNKNOWN
1377,GlobalResAllocation,PT,05,StateSpace,03,30,1,NONE,UNKNOWN
1378,GPPP,PT,C0001N0000000001,StateSpace,00,10380,3,NONE,UNKNOWN
1379,GPPP,PT,C0001N0000000001,StateSpace,02,11,3,NONE,UNKNOWN
1380,GPPP,PT,C0001N0000000001,StateSpace,03,41,3,NONE,UNKNOWN
1381,GPPP,PT,C0001N0000000010,StateSpace,00,1.6553E+0006,3,NONE,UNKNOWN
1382,GPPP,PT,C0001N0000000010,StateSpace,02,47,3,NONE,UNKNOWN
1383,GPPP,PT,C0001N0000000010,StateSpace,03,133,3,NONE,UNKNOWN
1384,GPPP,PT,C0001N0000000100,StateSpace,00,1.4548E+0008,3,NONE,UNKNOWN
1385,GPPP,PT,C0001N0000000100,StateSpace,02,407,3,NONE,UNKNOWN
1386,GPPP,PT,C0001N0000000100,StateSpace,03,1033,3,NONE,UNKNOWN
1387,GPPP,PT,C0001N0000001000,StateSpace,00,1.4354E+0010,3,NONE,UNKNOWN
1388,GPPP,PT,C0001N0000001000,StateSpace,02,4007,3,NONE,UNKNOWN
1389,GPPP,PT,C0001N0000001000,StateSpace,03,10033,3,NONE,UNKNOWN
1390,GPPP,PT,C0010N0000000010,StateSpace,00,2.3537E+0010,3,NONE,UNKNOWN
1391,GPPP,PT,C0010N0000000010,StateSpace,02,110,3,NONE,UNKNOWN
1392,GPPP,PT,C0010N0000000010,StateSpace,03,404,3,NONE,UNKNOWN
1393,GPPP,PT,C0010N0000000100,StateSpace,00,1.7689E+0011,3,NONE,UNKNOWN
1394,GPPP,PT,C0010N0000000100,StateSpace,02,407,3,NONE,UNKNOWN
1395,GPPP,PT,C0010N0000000100,StateSpace,03,1280,3,NONE,UNKNOWN
1396,GPPP,PT,C0100N0000000010,StateSpace,00,1.4185E+0010,3,NONE,UNKNOWN
1397,GPPP,PT,C0100N0000000010,StateSpace,02,740,3,NONE,UNKNOWN
1398,GPPP,PT,C0100N0000000010,StateSpace,03,3103,3,NONE,UNKNOWN
1399,GPPP,PT,C0100N0000000100,StateSpace,00,2.4540E+0015,3,NONE,UNKNOWN
1400,GPPP,PT,C0100N0000000100,StateSpace,02,1100,3,NONE,UNKNOWN
1401,GPPP,PT,C0100N0000000100,StateSpace,03,4004,3,NONE,UNKNOWN
1402,GPPP,PT,C0100N0000001000,StateSpace,00,2.0293E+0016,3,NONE,UNKNOWN
1403,GPPP,PT,C0100N0000001000,StateSpace,02,4007,3,NONE,UNKNOWN
1404,GPPP,PT,C0100N0000001000,StateSpace,03,12800,3,NONE,UNKNOWN
1405,GPPP,PT,C1000N0000000010,StateSpace,00,1.4185E+0010,3,NONE,UNKNOWN
1406,GPPP,PT,C1000N0000000010,StateSpace,02,7040,3,NONE,UNKNOWN
1407,GPPP,PT,C1000N0000000010,StateSpace,03,30103,3,NONE,UNKNOWN
1408,GPPP,PT,C1000N0000000100,StateSpace,00,1.1406E+0015,3,NONE,UNKNOWN
1409,GPPP,PT,C1000N0000000100,StateSpace,02,7400,3,NONE,UNKNOWN
1410,GPPP,PT,C1000N0000000100,StateSpace,03,31003,3,NONE,UNKNOWN
1411,GPUForwardProgress,PT,04a,StateSpace,00,1373,3,NUPN,UNKNOWN
1412,GPUForwardProgress,PT,04a,StateSpace,02,1,3,NUPN,UNKNOWN
1413,GPUForwardProgress,PT,04a,StateSpace,03,6,3,NUPN,UNKNOWN
1414,GPUForwardProgress,PT,04b,StateSpace,00,8.2827E+0006,3,NUPN,UNKNOWN
1415,GPUForwardProgress,PT,04b,StateSpace,02,1,3,NUPN,UNKNOWN
1416,GPUForwardProgress,PT,04b,StateSpace,03,6,3,NUPN,UNKNOWN
1417,GPUForwardProgress,PT,08a,StateSpace,00,380093,3,NUPN,UNKNOWN
1418,GPUForwardProgress,PT,08a,StateSpace,02,1,3,NUPN,UNKNOWN
1419,GPUForwardProgress,PT,08a,StateSpace,03,10,3,NUPN,UNKNOWN
1420,GPUForwardProgress,PT,08b,StateSpace,00,9.1400E+0011,3,NUPN,UNKNOWN
1421,GPUForwardProgress,PT,08b,StateSpace,02,1,3,NUPN,UNKNOWN
1422,GPUForwardProgress,PT,08b,StateSpace,03,10,3,NUPN,UNKNOWN
1423,GPUForwardProgress,PT,12a,StateSpace,00,9.9600E+0007,3,NUPN,UNKNOWN
1424,GPUForwardProgress,PT,12a,StateSpace,02,1,3,NUPN,UNKNOWN
1425,GPUForwardProgress,PT,12a,StateSpace,03,14,3,NUPN,UNKNOWN
1426,GPUForwardProgress,PT,12b,StateSpace,00,1.0027E+0017,3,NUPN,UNKNOWN
1427,GPUForwardProgress,PT,12b,StateSpace,02,1,3,NUPN,UNKNOWN
1428,GPUForwardProgress,PT,12b,StateSpace,03,14,3,NUPN,UNKNOWN
1429,GPUForwardProgress,PT,16a,StateSpace,00,2.5684E+0010,3,NUPN,UNKNOWN
1430,GPUForwardProgress,PT,16a,StateSpace,02,1,3,NUPN,UNKNOWN
1431,GPUForwardProgress,PT,16a,StateSpace,03,18,3,NUPN,UNKNOWN
1432,GPUForwardProgress,PT,16b,StateSpace,00,1.0889E+0022,3,NUPN,UNKNOWN
1433,GPUForwardProgress,PT,16b,StateSpace,02,1,3,NUPN,UNKNOWN
1434,GPUForwardProgress,PT,16b,StateSpace,03,18,3,NUPN,UNKNOWN
1435,GPUForwardProgress,PT,20a,StateSpace,00,6.5901E+0012,3,NUPN,UNKNOWN
1436,GPUForwardProgress,PT,20a,StateSpace,02,1,3,NUPN,UNKNOWN
1437,GPUForwardProgress,PT,20a,StateSpace,03,22,3,NUPN,UNKNOWN
1438,GPUForwardProgress,PT,20b,StateSpace,00,1.1735E+0027,3,NUPN,UNKNOWN
1439,GPUForwardProgress,PT,20b,StateSpace,02,1,3,NUPN,UNKNOWN
1440,GPUForwardProgress,PT,20b,StateSpace,03,22,3,NUPN,UNKNOWN
1441,GPUForwardProgress,PT,24a,StateSpace,00,1.6883E+0015,3,NUPN,UNKNOWN
1442,GPUForwardProgress,PT,24a,StateSpace,02,1,3,NUPN,UNKNOWN
1443,GPUForwardProgress,PT,24a,StateSpace,03,26,3,NUPN,UNKNOWN
1444,GPUForwardProgress,PT,24b,StateSpace,00,1.2573E+0032,3,NUPN,UNKNOWN
1445,GPUForwardProgress,PT,24b,StateSpace,02,1,3,NUPN,UNKNOWN
1446,GPUForwardProgress,PT,24b,StateSpace,03,26,3,NUPN,UNKNOWN
1447,GPUForwardProgress,PT,28a,StateSpace,00,4.3230E+0017,3,NUPN,UNKNOWN
1448,GPUForwardProgress,PT,28a,StateSpace,02,1,3,NUPN,UNKNOWN
1449,GPUForwardProgress,PT,28a,StateSpace,03,30,3,NUPN,UNKNOWN
1450,GPUForwardProgress,PT,28b,StateSpace,00,1.3410E+0037,3,NUPN,UNKNOWN
1451,GPUForwardProgress,PT,28b,StateSpace,02,1,3,NUPN,UNKNOWN
1452,GPUForwardProgress,PT,28b,StateSpace,03,30,3,NUPN,UNKNOWN
1453,GPUForwardProgress,PT,32a,StateSpace,00,1.1068E+0020,3,NUPN,UNKNOWN
1454,GPUForwardProgress,PT,32a,StateSpace,02,1,3,NUPN,UNKNOWN
1455,GPUForwardProgress,PT,32a,StateSpace,03,34,3,NUPN,UNKNOWN
1456,GPUForwardProgress,PT,32b,StateSpace,00,1.4254E+0042,3,NUPN,UNKNOWN
1457,GPUForwardProgress,PT,32b,StateSpace,02,1,3,NUPN,UNKNOWN
1458,GPUForwardProgress,PT,32b,StateSpace,03,34,3,NUPN,UNKNOWN
1459,GPUForwardProgress,PT,36a,StateSpace,00,2.8334E+0022,3,NUPN,UNKNOWN
1460,GPUForwardProgress,PT,36a,StateSpace,02,1,3,NUPN,UNKNOWN
1461,GPUForwardProgress,PT,36a,StateSpace,03,38,3,NUPN,UNKNOWN
1462,GPUForwardProgress,PT,36b,StateSpace,00,1.5112E+0047,3,NUPN,UNKNOWN
1463,GPUForwardProgress,PT,36b,StateSpace,02,1,3,NUPN,UNKNOWN
1464,GPUForwardProgress,PT,36b,StateSpace,03,38,3,NUPN,UNKNOWN
1465,GPUForwardProgress,PT,40a,StateSpace,00,7.2535E+0024,3,NUPN,UNKNOWN
1466,GPUForwardProgress,PT,40a,StateSpace,02,1,3,NUPN,UNKNOWN
1467,GPUForwardProgress,PT,40a,StateSpace,03,42,3,NUPN,UNKNOWN
1468,GPUForwardProgress,PT,40b,StateSpace,00,1.5987E+0052,3,NUPN,UNKNOWN
1469,GPUForwardProgress,PT,40b,StateSpace,02,1,3,NUPN,UNKNOWN
1470,GPUForwardProgress,PT,40b,StateSpace,03,42,3,NUPN,UNKNOWN
1471,HealthRecord,PT,01,StateSpace,00,1.8378E+0006,3,NUPN,UNKNOWN
1472,HealthRecord,PT,01,StateSpace,02,1,3,NUPN,UNKNOWN
1473,HealthRecord,PT,01,StateSpace,03,8,3,NUPN,UNKNOWN
1474,HealthRecord,PT,02,StateSpace,00,3.0554E+0006,3,NUPN,UNKNOWN
1475,HealthRecord,PT,02,StateSpace,02,1,3,NUPN,UNKNOWN
1476,HealthRecord,PT,02,StateSpace,03,8,3,NUPN,UNKNOWN
1477,HealthRecord,PT,03,StateSpace,00,4.7733E+0006,3,NUPN,UNKNOWN
1478,HealthRecord,PT,03,StateSpace,02,1,3,NUPN,UNKNOWN
1479,HealthRecord,PT,03,StateSpace,03,8,3,NUPN,UNKNOWN
1480,HealthRecord,PT,04,StateSpace,00,7.2756E+0006,3,NUPN,UNKNOWN
1481,HealthRecord,PT,04,StateSpace,02,1,3,NUPN,UNKNOWN
1482,HealthRecord,PT,04,StateSpace,03,8,3,NUPN,UNKNOWN
1483,HealthRecord,PT,05,StateSpace,00,1.0974E+0007,3,NUPN,UNKNOWN
1484,HealthRecord,PT,05,StateSpace,02,1,3,NUPN,UNKNOWN
1485,HealthRecord,PT,05,StateSpace,03,8,3,NUPN,UNKNOWN
1486,HealthRecord,PT,06,StateSpace,00,5.0515E+0008,3,NUPN,UNKNOWN
1487,HealthRecord,PT,06,StateSpace,02,1,3,NUPN,UNKNOWN
1488,HealthRecord,PT,06,StateSpace,03,10,3,NUPN,UNKNOWN
1489,HealthRecord,PT,07,StateSpace,00,5.2471E+0008,3,NUPN,UNKNOWN
1490,HealthRecord,PT,07,StateSpace,02,1,3,NUPN,UNKNOWN
1491,HealthRecord,PT,07,StateSpace,03,10,3,NUPN,UNKNOWN
1492,HealthRecord,PT,08,StateSpace,00,8.0693E+0008,3,NUPN,UNKNOWN
1493,HealthRecord,PT,08,StateSpace,02,1,3,NUPN,UNKNOWN
1494,HealthRecord,PT,08,StateSpace,03,10,3,NUPN,UNKNOWN
1495,HealthRecord,PT,09,StateSpace,00,8.2954E+0008,3,NUPN,UNKNOWN
1496,HealthRecord,PT,09,StateSpace,02,1,3,NUPN,UNKNOWN
1497,HealthRecord,PT,09,StateSpace,03,10,3,NUPN,UNKNOWN
1498,HealthRecord,PT,10,StateSpace,00,1.2277E+0009,3,NUPN,UNKNOWN
1499,HealthRecord,PT,10,StateSpace,02,1,3,NUPN,UNKNOWN
1500,HealthRecord,PT,10,StateSpace,03,10,3,NUPN,UNKNOWN
1501,HealthRecord,PT,11,StateSpace,00,1.2525E+0009,3,NUPN,UNKNOWN
1502,HealthRecord,PT,11,StateSpace,02,1,3,NUPN,UNKNOWN
1503,HealthRecord,PT,11,StateSpace,03,10,3,NUPN,UNKNOWN
1504,HealthRecord,PT,12,StateSpace,00,1.8393E+0009,3,NUPN,UNKNOWN
1505,HealthRecord,PT,12,StateSpace,02,1,3,NUPN,UNKNOWN
1506,HealthRecord,PT,12,StateSpace,03,10,3,NUPN,UNKNOWN
1507,HealthRecord,PT,13,StateSpace,00,1.8660E+0009,3,NUPN,UNKNOWN
1508,HealthRecord,PT,13,StateSpace,02,1,3,NUPN,UNKNOWN
1509,HealthRecord,PT,13,StateSpace,03,10,3,NUPN,UNKNOWN
1510,HealthRecord,PT,14,StateSpace,00,2.7430E+0009,3,NUPN,UNKNOWN
1511,HealthRecord,PT,14,StateSpace,02,1,3,NUPN,UNKNOWN
1512,HealthRecord,PT,14,StateSpace,03,10,3,NUPN,UNKNOWN
1513,HealthRecord,PT,15,StateSpace,00,2.7713E+0009,3,NUPN,UNKNOWN
1514,HealthRecord,PT,15,StateSpace,02,1,3,NUPN,UNKNOWN
1515,HealthRecord,PT,15,StateSpace,03,10,3,NUPN,UNKNOWN
1516,HealthRecord,PT,16,StateSpace,00,1.9899E+0012,3,NUPN,UNKNOWN
1517,HealthRecord,PT,16,StateSpace,02,1,3,NUPN,UNKNOWN
1518,HealthRecord,PT,16,StateSpace,03,8,3,NUPN,UNKNOWN
1519,HealthRecord,PT,17,StateSpace,00,7.3758E+0015,3,NUPN,UNKNOWN
1520,HealthRecord,PT,17,StateSpace,02,1,3,NUPN,UNKNOWN
1521,HealthRecord,PT,17,StateSpace,03,10,3,NUPN,UNKNOWN
1522,HexagonalGrid,PT,110,StateSpace,00,40193,3,NONE,UNKNOWN
1523,HexagonalGrid,PT,110,StateSpace,02,6,3,NONE,UNKNOWN
1524,HexagonalGrid,PT,110,StateSpace,03,18,3,NONE,UNKNOWN
1525,HexagonalGrid,PT,126,StateSpace,00,2.6642E+0006,3,NONE,UNKNOWN
1526,HexagonalGrid,PT,126,StateSpace,02,18,3,NONE,UNKNOWN
1527,HexagonalGrid,PT,126,StateSpace,03,30,3,NONE,UNKNOWN
1528,HexagonalGrid,PT,226,StateSpace,00,1.0086E+0046,3,NONE,UNKNOWN
1529,HexagonalGrid,PT,226,StateSpace,02,18,3,NONE,UNKNOWN
1530,HexagonalGrid,PT,226,StateSpace,03,186,3,NONE,UNKNOWN
1531,HexagonalGrid,PT,316,StateSpace,00,1.4719E+0090,1,NONE,UNKNOWN
1532,HexagonalGrid,PT,316,StateSpace,02,12,1,NONE,UNKNOWN
1533,HexagonalGrid,PT,316,StateSpace,03,372,3,NONE,UNKNOWN
1534,HexagonalGrid,PT,410,StateSpace,00,5.2545E+0170,1,NONE,UNKNOWN
1535,HexagonalGrid,PT,410,StateSpace,02,6,1,NONE,UNKNOWN
1536,HexagonalGrid,PT,410,StateSpace,03,486,3,NONE,UNKNOWN
1537,HirschbergSinclair,PT,05,StateSpace,00,6.1581E+0006,3,NONE,UNKNOWN
1538,HirschbergSinclair,PT,05,StateSpace,02,4,3,NONE,UNKNOWN
1539,HirschbergSinclair,PT,05,StateSpace,03,15,3,NONE,UNKNOWN
1540,HirschbergSinclair,PT,10,StateSpace,00,6.9594E+0012,3,NONE,UNKNOWN
1541,HirschbergSinclair,PT,10,StateSpace,02,9,3,NONE,UNKNOWN
1542,HirschbergSinclair,PT,10,StateSpace,03,30,3,NONE,UNKNOWN
1543,HirschbergSinclair,PT,15,StateSpace,00,2.9333E+0018,3,NONE,UNKNOWN
1544,HirschbergSinclair,PT,15,StateSpace,02,14,3,NONE,UNKNOWN
1545,HirschbergSinclair,PT,15,StateSpace,03,45,3,NONE,UNKNOWN
1546,HirschbergSinclair,PT,20,StateSpace,00,2.7792E+0024,3,NONE,UNKNOWN
1547,HirschbergSinclair,PT,20,StateSpace,02,19,3,NONE,UNKNOWN
1548,HirschbergSinclair,PT,20,StateSpace,03,60,3,NONE,UNKNOWN
1549,HirschbergSinclair,PT,25,StateSpace,00,1.0359E+0030,3,NONE,UNKNOWN
1550,HirschbergSinclair,PT,25,StateSpace,02,24,3,NONE,UNKNOWN
1551,HirschbergSinclair,PT,25,StateSpace,03,75,3,NONE,UNKNOWN
1552,HirschbergSinclair,PT,30,StateSpace,00,3.9084E+0035,3,NONE,UNKNOWN
1553,HirschbergSinclair,PT,30,StateSpace,02,29,3,NONE,UNKNOWN
1554,HirschbergSinclair,PT,30,StateSpace,03,90,3,NONE,UNKNOWN
1555,HirschbergSinclair,PT,35,StateSpace,00,3.5829E+0041,3,NONE,UNKNOWN
1556,HirschbergSinclair,PT,35,StateSpace,02,34,3,NONE,UNKNOWN
1557,HirschbergSinclair,PT,35,StateSpace,03,105,3,NONE,UNKNOWN
1558,HirschbergSinclair,PT,40,StateSpace,00,1.2538E+0047,3,NONE,UNKNOWN
1559,HirschbergSinclair,PT,40,StateSpace,02,39,3,NONE,UNKNOWN
1560,HirschbergSinclair,PT,40,StateSpace,03,120,3,NONE,UNKNOWN
1561,HirschbergSinclair,PT,45,StateSpace,00,4.4033E+0052,3,NONE,UNKNOWN
1562,HirschbergSinclair,PT,45,StateSpace,02,44,3,NONE,UNKNOWN
1563,HirschbergSinclair,PT,45,StateSpace,03,135,3,NONE,UNKNOWN
1564,HirschbergSinclair,PT,50,StateSpace,00,1.5522E+0058,3,NONE,UNKNOWN
1565,HirschbergSinclair,PT,50,StateSpace,02,49,3,NONE,UNKNOWN
1566,HirschbergSinclair,PT,50,StateSpace,03,150,3,NONE,UNKNOWN
1567,HospitalTriage,PT,none,StateSpace,00,1.7342E+0020,3,NONE,UNKNOWN
1568,HospitalTriage,PT,none,StateSpace,02,4,3,NONE,UNKNOWN
1569,HospitalTriage,PT,none,StateSpace,03,61,3,NONE,UNKNOWN
1570,HouseConstruction,PT,00002,StateSpace,00,1501,3,NONE,UNKNOWN
1571,HouseConstruction,PT,00002,StateSpace,02,2,3,NONE,UNKNOWN
1572,HouseConstruction,PT,00002,StateSpace,03,12,3,NONE,UNKNOWN
1573,HouseConstruction,PT,00005,StateSpace,00,1.1880E+0006,3,NONE,UNKNOWN
1574,HouseConstruction,PT,00005,StateSpace,02,5,3,NONE,UNKNOWN
1575,HouseConstruction,PT,00005,StateSpace,03,30,3,NONE,UNKNOWN
1576,HouseConstruction,PT,00010,StateSpace,00,1.6636E+0009,3,NONE,UNKNOWN
1577,HouseConstruction,PT,00010,StateSpace,02,10,3,NONE,UNKNOWN
1578,HouseConstruction,PT,00010,StateSpace,03,60,3,NONE,UNKNOWN
1579,HouseConstruction,PT,00020,StateSpace,00,1.3666E+0013,3,NONE,UNKNOWN
1580,HouseConstruction,PT,00020,StateSpace,02,20,3,NONE,UNKNOWN
1581,HouseConstruction,PT,00020,StateSpace,03,120,3,NONE,UNKNOWN
1582,HouseConstruction,PT,00050,StateSpace,00,1.5682E+0019,3,NONE,UNKNOWN
1583,HouseConstruction,PT,00050,StateSpace,02,50,3,NONE,UNKNOWN
1584,HouseConstruction,PT,00050,StateSpace,03,300,3,NONE,UNKNOWN
1585,HypertorusGrid,PT,d2k1p8b00,StateSpace,00,87552,3,NONE,UNKNOWN
1586,HypertorusGrid,PT,d2k1p8b00,StateSpace,02,32,3,NONE,UNKNOWN
1587,HypertorusGrid,PT,d2k1p8b00,StateSpace,03,36,3,NONE,UNKNOWN
1588,HypertorusGrid,PT,d2k2p1b00,StateSpace,00,5.1737E+0010,3,NONE,UNKNOWN
1589,HypertorusGrid,PT,d2k2p1b00,StateSpace,02,4,3,NONE,UNKNOWN
1590,HypertorusGrid,PT,d2k2p1b00,StateSpace,03,32,3,NONE,UNKNOWN
1591,HypertorusGrid,PT,d2k3p2b04,StateSpace,00,5.4758E+0035,3,NONE,UNKNOWN
1592,HypertorusGrid,PT,d2k3p2b04,StateSpace,02,12,3,NONE,UNKNOWN
1593,HypertorusGrid,PT,d2k3p2b04,StateSpace,03,144,3,NONE,UNKNOWN
1594,IBM319,PT,none,StateSpace,00,2482,3,GEN,UNKNOWN
1595,IBM319,PT,none,StateSpace,02,1,3,GEN,UNKNOWN
1596,IBM319,PT,none,StateSpace,03,7,3,GEN,UNKNOWN
1597,IBM5964,PT,none,StateSpace,00,15546,3,NONE,UNKNOWN
1598,IBM5964,PT,none,StateSpace,02,5,3,NONE,UNKNOWN
1599,IBM5964,PT,none,StateSpace,03,17,3,NONE,UNKNOWN
1600,IBM703,PT,none,StateSpace,00,8370,3,GEN,UNKNOWN
1601,IBM703,PT,none,StateSpace,02,1,3,GEN,UNKNOWN
1602,IBM703,PT,none,StateSpace,03,3,3,GEN,UNKNOWN
1603,IBMB2S565S3960,PT,none,StateSpace,00,1.5511E+0016,3,NONE,UNKNOWN
1604,IBMB2S565S3960,PT,none,StateSpace,02,7,3,NONE,UNKNOWN
1605,IBMB2S565S3960,PT,none,StateSpace,03,60,3,NONE,UNKNOWN
1606,IOTPpurchase,PT,C01M01P01D01,StateSpace,00,204,3,GEN,UNKNOWN
1607,IOTPpurchase,PT,C01M01P01D01,StateSpace,02,1,3,GEN,UNKNOWN
1608,IOTPpurchase,PT,C01M01P01D01,StateSpace,03,22,3,GEN,UNKNOWN
1609,IOTPpurchase,PT,C03M03P03D03,StateSpace,00,354176,3,NONE,UNKNOWN
1610,IOTPpurchase,PT,C03M03P03D03,StateSpace,02,3,3,NONE,UNKNOWN
1611,IOTPpurchase,PT,C03M03P03D03,StateSpace,03,40,3,NONE,UNKNOWN
1612,IOTPpurchase,PT,C05M04P03D02,StateSpace,00,1.7406E+0007,3,NONE,UNKNOWN
1613,IOTPpurchase,PT,C05M04P03D02,StateSpace,02,5,3,NONE,UNKNOWN
1614,IOTPpurchase,PT,C05M04P03D02,StateSpace,03,51,3,NONE,UNKNOWN
1615,IOTPpurchase,PT,C12M10P15D17,StateSpace,00,9.2677E+0013,3,NONE,UNKNOWN
1616,IOTPpurchase,PT,C12M10P15D17,StateSpace,02,17,3,NONE,UNKNOWN
1617,IOTPpurchase,PT,C12M10P15D17,StateSpace,03,125,3,NONE,UNKNOWN
1618,JoinFreeModules,PT,0003,StateSpace,00,35937,3,NONE,UNKNOWN
1619,JoinFreeModules,PT,0003,StateSpace,02,5,3,NONE,UNKNOWN
1620,JoinFreeModules,PT,0003,StateSpace,03,19,3,NONE,UNKNOWN
1621,JoinFreeModules,PT,0004,StateSpace,00,1.4776E+0007,3,NONE,UNKNOWN
1622,JoinFreeModules,PT,0004,StateSpace,02,6,3,NONE,UNKNOWN
1623,JoinFreeModules,PT,0004,StateSpace,03,29,3,NONE,UNKNOWN
1624,JoinFreeModules,PT,0005,StateSpace,00,1.1593E+0010,3,NONE,UNKNOWN
1625,JoinFreeModules,PT,0005,StateSpace,02,7,3,NONE,UNKNOWN
1626,JoinFreeModules,PT,0005,StateSpace,03,41,3,NONE,UNKNOWN
1627,JoinFreeModules,PT,0010,StateSpace,00,1.5902E+0033,3,NONE,UNKNOWN
1628,JoinFreeModules,PT,0010,StateSpace,02,13,3,NONE,UNKNOWN
1629,JoinFreeModules,PT,0010,StateSpace,03,131,3,NONE,UNKNOWN
1630,JoinFreeModules,PT,0020,StateSpace,00,4.1123E+0084,3,NONE,UNKNOWN
1631,JoinFreeModules,PT,0020,StateSpace,02,23,3,NONE,UNKNOWN
1632,JoinFreeModules,PT,0020,StateSpace,03,461,3,NONE,UNKNOWN
1633,JoinFreeModules,PT,0050,StateSpace,00,5.7461E+0279,3,NONE,UNKNOWN
1634,JoinFreeModules,PT,0050,StateSpace,02,53,3,NONE,UNKNOWN
1635,JoinFreeModules,PT,0050,StateSpace,03,2651,3,NONE,UNKNOWN
1636,JoinFreeModules,PT,0100,StateSpace,00,+Inf********,3,NONE,UNKNOWN
1637,JoinFreeModules,PT,0100,StateSpace,02,103,3,NONE,UNKNOWN
1638,JoinFreeModules,PT,0100,StateSpace,03,10301,3,NONE,UNKNOWN
1639,JoinFreeModules,PT,0200,StateSpace,00,+Inf********,3,NONE,UNKNOWN
1640,JoinFreeModules,PT,0200,StateSpace,02,203,3,NONE,UNKNOWN
1641,JoinFreeModules,PT,0200,StateSpace,03,40601,3,NONE,UNKNOWN
1642,JoinFreeModules,PT,0500,StateSpace,00,+Inf********,3,NONE,UNKNOWN
1643,JoinFreeModules,PT,0500,StateSpace,02,503,3,NONE,UNKNOWN
1644,JoinFreeModules,PT,0500,StateSpace,03,251501,3,NONE,UNKNOWN
1645,Kanban,PT,00005,StateSpace,00,2.5464E+0006,3,NONE,UNKNOWN
1646,Kanban,PT,00005,StateSpace,02,5,3,NONE,UNKNOWN
1647,Kanban,PT,00005,StateSpace,03,20,3,NONE,UNKNOWN
1648,Kanban,PT,00010,StateSpace,00,1.0059E+0009,3,NONE,UNKNOWN
1649,Kanban,PT,00010,StateSpace,02,10,3,NONE,UNKNOWN
1650,Kanban,PT,00010,StateSpace,03,40,3,NONE,UNKNOWN
1651,Kanban,PT,00020,StateSpace,00,8.0542E+0011,3,NONE,UNKNOWN
1652,Kanban,PT,00020,StateSpace,02,20,3,NONE,UNKNOWN
1653,Kanban,PT,00020,StateSpace,03,80,3,NONE,UNKNOWN
1654,Kanban,PT,00050,StateSpace,00,1.0426E+0016,3,NONE,UNKNOWN
1655,Kanban,PT,00050,StateSpace,02,50,3,NONE,UNKNOWN
1656,Kanban,PT,00050,StateSpace,03,200,3,NONE,UNKNOWN
1657,Kanban,PT,00100,StateSpace,00,1.7263E+0019,3,NONE,UNKNOWN
1658,Kanban,PT,00100,StateSpace,02,100,3,NONE,UNKNOWN
1659,Kanban,PT,00100,StateSpace,03,400,3,NONE,UNKNOWN
1660,Kanban,PT,00200,StateSpace,00,3.1732E+0022,3,NONE,UNKNOWN
1661,Kanban,PT,00200,StateSpace,02,200,3,NONE,UNKNOWN
1662,Kanban,PT,00200,StateSpace,03,800,3,NONE,UNKNOWN
1663,LamportFastMutEx,COL,2,StateSpace,00,380,3,NONE,UNKNOWN
1664,LamportFastMutEx,COL,2,StateSpace,02,1,3,NONE,UNKNOWN
1665,LamportFastMutEx,COL,2,StateSpace,03,8,3,NONE,UNKNOWN
1666,LamportFastMutEx,COL,3,StateSpace,00,19742,3,NONE,UNKNOWN
1667,LamportFastMutEx,COL,3,StateSpace,02,1,3,NONE,UNKNOWN
1668,LamportFastMutEx,COL,3,StateSpace,03,14,3,NONE,UNKNOWN
1669,LamportFastMutEx,COL,4,StateSpace,00,1.9148E+0006,3,NONE,UNKNOWN
1670,LamportFastMutEx,COL,4,StateSpace,02,1,3,NONE,UNKNOWN
1671,LamportFastMutEx,COL,4,StateSpace,03,22,3,NONE,UNKNOWN
1672,LamportFastMutEx,COL,5,StateSpace,00,5.3068E+0008,3,NONE,UNKNOWN
1673,LamportFastMutEx,COL,5,StateSpace,02,1,3,NONE,UNKNOWN
1674,LamportFastMutEx,COL,5,StateSpace,03,32,3,NONE,UNKNOWN
1675,LamportFastMutEx,COL,6,StateSpace,00,5.4723E+0011,3,NONE,UNKNOWN
1676,LamportFastMutEx,COL,6,StateSpace,02,1,3,NONE,UNKNOWN
1677,LamportFastMutEx,COL,6,StateSpace,03,44,3,NONE,UNKNOWN
1678,LamportFastMutEx,PT,2,StateSpace,00,380,3,GEN,UNKNOWN
1679,LamportFastMutEx,PT,2,StateSpace,02,1,3,GEN,UNKNOWN
1680,LamportFastMutEx,PT,2,StateSpace,03,8,3,GEN,UNKNOWN
1681,LamportFastMutEx,PT,3,StateSpace,00,19742,3,GEN,UNKNOWN
1682,LamportFastMutEx,PT,3,StateSpace,02,1,3,GEN,UNKNOWN
1683,LamportFastMutEx,PT,3,StateSpace,03,14,3,GEN,UNKNOWN
1684,LamportFastMutEx,PT,4,StateSpace,00,1.9148E+0006,3,GEN,UNKNOWN
1685,LamportFastMutEx,PT,4,StateSpace,02,1,3,GEN,UNKNOWN
1686,LamportFastMutEx,PT,4,StateSpace,03,22,3,GEN,UNKNOWN
1687,LamportFastMutEx,PT,5,StateSpace,00,5.3068E+0008,3,GEN,UNKNOWN
1688,LamportFastMutEx,PT,5,StateSpace,02,1,3,GEN,UNKNOWN
1689,LamportFastMutEx,PT,5,StateSpace,03,32,3,GEN,UNKNOWN
1690,LeafsetExtension,PT,S08C2,StateSpace,00,172248,3,NONE,UNKNOWN
1691,LeafsetExtension,PT,S08C2,StateSpace,02,2,3,NONE,UNKNOWN
1692,LeafsetExtension,PT,S08C2,StateSpace,03,16,3,NONE,UNKNOWN
1693,LeafsetExtension,PT,S08C3,StateSpace,00,2.6264E+0007,3,NONE,UNKNOWN
1694,LeafsetExtension,PT,S08C3,StateSpace,02,3,3,NONE,UNKNOWN
1695,LeafsetExtension,PT,S08C3,StateSpace,03,18,3,NONE,UNKNOWN
1696,LeafsetExtension,PT,S08C4,StateSpace,00,2.4653E+0009,3,NONE,UNKNOWN
1697,LeafsetExtension,PT,S08C4,StateSpace,02,4,3,NONE,UNKNOWN
1698,LeafsetExtension,PT,S08C4,StateSpace,03,20,3,NONE,UNKNOWN
1699,LeafsetExtension,PT,S16C2,StateSpace,00,2.4477E+0006,3,NONE,UNKNOWN
1700,LeafsetExtension,PT,S16C2,StateSpace,02,2,3,NONE,UNKNOWN
1701,LeafsetExtension,PT,S16C2,StateSpace,03,24,3,NONE,UNKNOWN
1702,MAPK,PT,00008,StateSpace,00,6.1106E+0006,3,NONE,UNKNOWN
1703,MAPK,PT,00008,StateSpace,02,8,3,NONE,UNKNOWN
1704,MAPK,PT,00008,StateSpace,03,36,3,NONE,UNKNOWN
1705,MAPK,PT,00020,StateSpace,00,8.8126E+0010,3,NONE,UNKNOWN
1706,MAPK,PT,00020,StateSpace,02,20,3,NONE,UNKNOWN
1707,MAPK,PT,00020,StateSpace,03,90,3,NONE,UNKNOWN
1708,MAPK,PT,00040,StateSpace,00,4.7829E+0014,3,NONE,UNKNOWN
1709,MAPK,PT,00040,StateSpace,02,40,3,NONE,UNKNOWN
1710,MAPK,PT,00040,StateSpace,03,180,3,NONE,UNKNOWN
1711,MAPK,PT,00080,StateSpace,00,5.6349E+0018,3,NONE,UNKNOWN
1712,MAPK,PT,00080,StateSpace,02,80,3,NONE,UNKNOWN
1713,MAPK,PT,00080,StateSpace,03,360,3,NONE,UNKNOWN
1714,MAPK,PT,00160,StateSpace,00,1.0640E+0023,3,NONE,UNKNOWN
1715,MAPK,PT,00160,StateSpace,02,160,3,NONE,UNKNOWN
1716,MAPK,PT,00160,StateSpace,03,720,3,NONE,UNKNOWN
1717,MAPKbis,PT,5310,StateSpace,00,3.8464E+0012,3,GEN,UNKNOWN
1718,MAPKbis,PT,5310,StateSpace,02,1,3,GEN,UNKNOWN
1719,MAPKbis,PT,5310,StateSpace,03,53,3,GEN,UNKNOWN
1720,MAPKbis,PT,5320,StateSpace,00,8.1265E+0006,3,GEN,UNKNOWN
1721,MAPKbis,PT,5320,StateSpace,02,1,3,GEN,UNKNOWN
1722,MAPKbis,PT,5320,StateSpace,03,53,3,GEN,UNKNOWN
1723,MedleyA,PT,01,StateSpace,00,1.5010E+0007,3,NONE,UNKNOWN
1724,MedleyA,PT,01,StateSpace,02,1,3,NONE,UNKNOWN
1725,MedleyA,PT,01,StateSpace,03,20,3,NONE,UNKNOWN
1726,MedleyA,PT,02,StateSpace,00,1.0822E+0006,3,NONE,UNKNOWN
1727,MedleyA,PT,02,StateSpace,02,1,3,NONE,UNKNOWN
1728,MedleyA,PT,02,StateSpace,03,9,3,NONE,UNKNOWN
1729,MedleyA,PT,03,StateSpace,00,1.7883E+0008,3,NONE,UNKNOWN
1730,MedleyA,PT,03,StateSpace,02,1,3,NONE,UNKNOWN
1731,MedleyA,PT,03,StateSpace,03,9,3,NONE,UNKNOWN
1732,MedleyA,PT,04,StateSpace,00,4.3674E+0007,3,NONE,UNKNOWN
1733,MedleyA,PT,04,StateSpace,02,1,3,NONE,UNKNOWN
1734,MedleyA,PT,04,StateSpace,03,9,3,NONE,UNKNOWN
1735,MedleyA,PT,05,StateSpace,00,6.2707E+0009,3,NONE,UNKNOWN
1736,MedleyA,PT,05,StateSpace,02,1,3,NONE,UNKNOWN
1737,MedleyA,PT,05,StateSpace,03,16,3,NONE,UNKNOWN
1738,MedleyA,PT,06,StateSpace,00,2.1071E+0007,3,NONE,UNKNOWN
1739,MedleyA,PT,06,StateSpace,02,1,3,NONE,UNKNOWN
1740,MedleyA,PT,06,StateSpace,03,13,3,NONE,UNKNOWN
1741,MedleyA,PT,07,StateSpace,00,6.3107E+0007,3,NONE,UNKNOWN
1742,MedleyA,PT,07,StateSpace,02,1,3,NONE,UNKNOWN
1743,MedleyA,PT,07,StateSpace,03,8,3,NONE,UNKNOWN
1744,MedleyA,PT,08,StateSpace,00,3.1779E+0007,3,NONE,UNKNOWN
1745,MedleyA,PT,08,StateSpace,02,1,3,NONE,UNKNOWN
1746,MedleyA,PT,08,StateSpace,03,8,3,NONE,UNKNOWN
1747,MedleyA,PT,09,StateSpace,00,2.2992E+0008,3,NONE,UNKNOWN
1748,MedleyA,PT,09,StateSpace,02,1,3,NONE,UNKNOWN
1749,MedleyA,PT,09,StateSpace,03,9,3,NONE,UNKNOWN
1750,MedleyA,PT,10,StateSpace,00,9.4945E+0007,3,NONE,UNKNOWN
1751,MedleyA,PT,10,StateSpace,02,1,3,NONE,UNKNOWN
1752,MedleyA,PT,10,StateSpace,03,9,3,NONE,UNKNOWN
1753,MedleyA,PT,12,StateSpace,00,1.3711E+0009,3,NONE,UNKNOWN
1754,MedleyA,PT,12,StateSpace,02,1,3,NONE,UNKNOWN
1755,MedleyA,PT,12,StateSpace,03,13,3,NONE,UNKNOWN
1756,MedleyA,PT,13,StateSpace,00,7.4012E+0006,3,NONE,UNKNOWN
1757,MedleyA,PT,13,StateSpace,02,1,3,NONE,UNKNOWN
1758,MedleyA,PT,13,StateSpace,03,10,3,NONE,UNKNOWN
1759,MedleyA,PT,14,StateSpace,00,1.4943E+0010,3,NONE,UNKNOWN
1760,MedleyA,PT,14,StateSpace,02,1,3,NONE,UNKNOWN
1761,MedleyA,PT,14,StateSpace,03,17,3,NONE,UNKNOWN
1762,MedleyA,PT,15,StateSpace,00,2.0182E+0007,3,NONE,UNKNOWN
1763,MedleyA,PT,15,StateSpace,02,1,3,NONE,UNKNOWN
1764,MedleyA,PT,15,StateSpace,03,7,3,NONE,UNKNOWN
1765,MedleyA,PT,16,StateSpace,00,3.5451E+0007,3,NONE,UNKNOWN
1766,MedleyA,PT,16,StateSpace,02,1,3,NONE,UNKNOWN
1767,MedleyA,PT,16,StateSpace,03,7,3,NONE,UNKNOWN
1768,MedleyA,PT,17,StateSpace,00,1.1170E+0008,3,NONE,UNKNOWN
1769,MedleyA,PT,17,StateSpace,02,1,3,NONE,UNKNOWN
1770,MedleyA,PT,17,StateSpace,03,7,3,NONE,UNKNOWN
1771,MedleyA,PT,18,StateSpace,00,1.1068E+0008,3,NONE,UNKNOWN
1772,MedleyA,PT,18,StateSpace,02,1,3,NONE,UNKNOWN
1773,MedleyA,PT,18,StateSpace,03,7,3,NONE,UNKNOWN
1774,MedleyA,PT,19,StateSpace,00,2.2212E+0013,3,NONE,UNKNOWN
1775,MedleyA,PT,19,StateSpace,02,1,3,NONE,UNKNOWN
1776,MedleyA,PT,19,StateSpace,03,16,3,NONE,UNKNOWN
1777,MedleyA,PT,20,StateSpace,00,2.3359E+0011,3,NONE,UNKNOWN
1778,MedleyA,PT,20,StateSpace,02,1,3,NONE,UNKNOWN
1779,MedleyA,PT,20,StateSpace,03,10,3,NONE,UNKNOWN
1780,MedleyA,PT,21,StateSpace,00,4.6840E+0018,3,NONE,UNKNOWN
1781,MedleyA,PT,21,StateSpace,02,1,3,NONE,UNKNOWN
1782,MedleyA,PT,21,StateSpace,03,20,3,NONE,UNKNOWN
1783,MedleyA,PT,22,StateSpace,00,1.4487E+0013,2,NONE,UNKNOWN
1784,MedleyA,PT,22,StateSpace,02,1,3,NONE,UNKNOWN
1785,MedleyA,PT,22,StateSpace,03,16,2,NONE,UNKNOWN
1786,MedleyB,PT,B01,StateSpace,00,1.9004E+0008,3,NONE,UNKNOWN
1787,MedleyB,PT,B01,StateSpace,02,1,3,NONE,UNKNOWN
1788,MedleyB,PT,B01,StateSpace,03,4,3,NONE,UNKNOWN
1789,MedleyB,PT,B02,StateSpace,00,3.4708E+0010,3,NONE,UNKNOWN
1790,MedleyB,PT,B02,StateSpace,02,1,3,NONE,UNKNOWN
1791,MedleyB,PT,B02,StateSpace,03,5,3,NONE,UNKNOWN
1792,MedleyB,PT,B03,StateSpace,00,6.3882E+0012,3,NONE,UNKNOWN
1793,MedleyB,PT,B03,StateSpace,02,1,3,NONE,UNKNOWN
1794,MedleyB,PT,B03,StateSpace,03,6,3,NONE,UNKNOWN
1795,MedleyB,PT,B04,StateSpace,00,8.4372E+0012,3,NONE,UNKNOWN
1796,MedleyB,PT,B04,StateSpace,02,1,3,NONE,UNKNOWN
1797,MedleyB,PT,B04,StateSpace,03,7,3,NONE,UNKNOWN
1798,MedleyB,PT,B05,StateSpace,00,1.1946E+0015,3,NONE,UNKNOWN
1799,MedleyB,PT,B05,StateSpace,02,1,3,NONE,UNKNOWN
1800,MedleyB,PT,B05,StateSpace,03,7,3,NONE,UNKNOWN
1801,MedleyB,PT,B06,StateSpace,00,6.3401E+0014,3,NONE,UNKNOWN
1802,MedleyB,PT,B06,StateSpace,02,1,3,NONE,UNKNOWN
1803,MedleyB,PT,B06,StateSpace,03,8,3,NONE,UNKNOWN
1804,MedleyB,PT,B07,StateSpace,00,2.2719E+0017,3,NONE,UNKNOWN
1805,MedleyB,PT,B07,StateSpace,02,1,3,NONE,UNKNOWN
1806,MedleyB,PT,B07,StateSpace,03,8,3,NONE,UNKNOWN
1807,MedleyB,PT,B08,StateSpace,00,4.7332E+0016,3,NONE,UNKNOWN
1808,MedleyB,PT,B08,StateSpace,02,1,3,NONE,UNKNOWN
1809,MedleyB,PT,B08,StateSpace,03,9,3,NONE,UNKNOWN
1810,MedleyB,PT,B09,StateSpace,00,4.3856E+0019,3,NONE,UNKNOWN
1811,MedleyB,PT,B09,StateSpace,02,1,3,NONE,UNKNOWN
1812,MedleyB,PT,B09,StateSpace,03,9,3,NONE,UNKNOWN
1813,MedleyB,PT,B10,StateSpace,00,3.5203E+0018,3,NONE,UNKNOWN
1814,MedleyB,PT,B10,StateSpace,02,1,3,NONE,UNKNOWN
1815,MedleyB,PT,B10,StateSpace,03,10,3,NONE,UNKNOWN
1816,MedleyB,PT,B11,StateSpace,00,8.5674E+0021,3,NONE,UNKNOWN
1817,MedleyB,PT,B11,StateSpace,02,1,3,NONE,UNKNOWN
1818,MedleyB,PT,B11,StateSpace,03,10,3,NONE,UNKNOWN
1819,MedleyB,PT,B12,StateSpace,00,2.6133E+0020,2,NONE,UNKNOWN
1820,MedleyB,PT,B12,StateSpace,02,1,3,NONE,UNKNOWN
1821,MedleyB,PT,B12,StateSpace,03,11,2,NONE,UNKNOWN
1822,MedleyB,PT,B13,StateSpace,00,1.6890E+0024,1,NONE,UNKNOWN
1823,MedleyB,PT,B13,StateSpace,02,1,3,NONE,UNKNOWN
1824,MedleyB,PT,B13,StateSpace,03,11,1,NONE,UNKNOWN
1825,MultiwaySync,PT,none,StateSpace,00,5.2596E+0019,3,NUPN,UNKNOWN
1826,MultiwaySync,PT,none,StateSpace,02,1,3,NUPN,UNKNOWN
1827,MultiwaySync,PT,none,StateSpace,03,27,3,NUPN,UNKNOWN
1828,Murphy,COL,D1N010,StateSpace,00,39780,3,NONE,UNKNOWN
1829,Murphy,COL,D1N010,StateSpace,02,21,3,NONE,UNKNOWN
1830,Murphy,COL,D1N010,StateSpace,03,50,3,NONE,UNKNOWN
1831,Murphy,COL,D2N050,StateSpace,00,4.1538E+0010,3,NONE,UNKNOWN
1832,Murphy,COL,D2N050,StateSpace,02,151,3,NONE,UNKNOWN
1833,Murphy,COL,D2N050,StateSpace,03,315,3,NONE,UNKNOWN
1834,Murphy,COL,D2N100,StateSpace,00,1.2070E+0012,3,NONE,UNKNOWN
1835,Murphy,COL,D2N100,StateSpace,02,301,3,NONE,UNKNOWN
1836,Murphy,COL,D2N100,StateSpace,03,615,3,NONE,UNKNOWN
1837,Murphy,COL,D3N050,StateSpace,00,5.4071E+0014,3,NONE,UNKNOWN
1838,Murphy,COL,D3N050,StateSpace,02,201,3,NONE,UNKNOWN
1839,Murphy,COL,D3N050,StateSpace,03,420,3,NONE,UNKNOWN
1840,Murphy,COL,D4N025,StateSpace,00,2.0013E+0016,3,NONE,UNKNOWN
1841,Murphy,COL,D4N025,StateSpace,02,130,3,NONE,UNKNOWN
1842,Murphy,COL,D4N025,StateSpace,03,275,3,NONE,UNKNOWN
1843,Murphy,PT,D1N010,StateSpace,00,39780,3,NONE,UNKNOWN
1844,Murphy,PT,D1N010,StateSpace,02,21,3,NONE,UNKNOWN
1845,Murphy,PT,D1N010,StateSpace,03,50,3,NONE,UNKNOWN
1846,Murphy,PT,D2N050,StateSpace,00,4.1538E+0010,3,NONE,UNKNOWN
1847,Murphy,PT,D2N050,StateSpace,02,151,3,NONE,UNKNOWN
1848,Murphy,PT,D2N050,StateSpace,03,315,3,NONE,UNKNOWN
1849,Murphy,PT,D2N100,StateSpace,00,1.2070E+0012,3,NONE,UNKNOWN
1850,Murphy,PT,D2N100,StateSpace,02,301,3,NONE,UNKNOWN
1851,Murphy,PT,D2N100,StateSpace,03,615,3,NONE,UNKNOWN
1852,Murphy,PT,D3N050,StateSpace,00,5.4071E+0014,3,NONE,UNKNOWN
1853,Murphy,PT,D3N050,StateSpace,02,201,3,NONE,UNKNOWN
1854,Murphy,PT,D3N050,StateSpace,03,420,3,NONE,UNKNOWN
1855,Murphy,PT,D4N025,StateSpace,00,2.0013E+0016,3,NONE,UNKNOWN
1856,Murphy,PT,D4N025,StateSpace,02,130,3,NONE,UNKNOWN
1857,Murphy,PT,D4N025,StateSpace,03,275,3,NONE,UNKNOWN
1858,Murphy,PT,D4N050,StateSpace,00,7.2588E+0018,1,NONE,UNKNOWN
1859,Murphy,PT,D4N050,StateSpace,02,251,1,NONE,UNKNOWN
1860,Murphy,PT,D4N050,StateSpace,03,525,1,NONE,UNKNOWN
1861,NeighborGrid,PT,d2n3m1c12,StateSpace,00,24310,3,NONE,UNKNOWN
1862,NeighborGrid,PT,d2n3m1c12,StateSpace,02,9,3,NONE,UNKNOWN
1863,NeighborGrid,PT,d2n3m1c12,StateSpace,03,9,3,NONE,UNKNOWN
1864,NeighborGrid,PT,d2n3m1t12,StateSpace,00,24310,3,NONE,UNKNOWN
1865,NeighborGrid,PT,d2n3m1t12,StateSpace,02,9,3,NONE,UNKNOWN
1866,NeighborGrid,PT,d2n3m1t12,StateSpace,03,9,3,NONE,UNKNOWN
1867,NeighborGrid,PT,d3n3m1t11,StateSpace,00,9.7347E+0014,3,NONE,UNKNOWN
1868,NeighborGrid,PT,d3n3m1t11,StateSpace,02,27,3,NONE,UNKNOWN
1869,NeighborGrid,PT,d3n3m1t11,StateSpace,03,27,3,NONE,UNKNOWN
1870,NeighborGrid,PT,d4n3m2c23,StateSpace,00,2.6957E+0065,3,NONE,UNKNOWN
1871,NeighborGrid,PT,d4n3m2c23,StateSpace,02,162,3,NONE,UNKNOWN
1872,NeighborGrid,PT,d4n3m2c23,StateSpace,03,162,3,NONE,UNKNOWN
1873,NeoElection,COL,2,StateSpace,00,241,3,NONE,UNKNOWN
1874,NeoElection,COL,2,StateSpace,02,1,3,NONE,UNKNOWN
1875,NeoElection,COL,2,StateSpace,03,14,3,NONE,UNKNOWN
1876,NeoElection,COL,3,StateSpace,00,974325,3,NONE,UNKNOWN
1877,NeoElection,COL,3,StateSpace,02,1,3,NONE,UNKNOWN
1878,NeoElection,COL,3,StateSpace,03,30,3,NONE,UNKNOWN
1879,NeoElection,COL,4,StateSpace,00,2.9191E+0011,3,NONE,UNKNOWN
1880,NeoElection,COL,4,StateSpace,02,1,3,NONE,UNKNOWN
1881,NeoElection,COL,4,StateSpace,03,52,3,NONE,UNKNOWN
1882,NeoElection,COL,5,StateSpace,00,6.3569E+0018,3,NONE,UNKNOWN
1883,NeoElection,COL,5,StateSpace,02,1,3,NONE,UNKNOWN
1884,NeoElection,COL,5,StateSpace,03,80,3,NONE,UNKNOWN
1885,NeoElection,PT,2,StateSpace,00,241,3,GEN,UNKNOWN
1886,NeoElection,PT,2,StateSpace,02,1,3,GEN,UNKNOWN
1887,NeoElection,PT,2,StateSpace,03,14,3,GEN,UNKNOWN
1888,NeoElection,PT,3,StateSpace,00,974325,3,GEN,UNKNOWN
1889,NeoElection,PT,3,StateSpace,02,1,3,GEN,UNKNOWN
1890,NeoElection,PT,3,StateSpace,03,30,3,GEN,UNKNOWN
1891,NeoElection,PT,4,StateSpace,00,2.9191E+0011,3,GEN,UNKNOWN
1892,NeoElection,PT,4,StateSpace,02,1,3,GEN,UNKNOWN
1893,NeoElection,PT,4,StateSpace,03,52,3,GEN,UNKNOWN
1894,NeoElection,PT,5,StateSpace,00,6.3569E+0018,3,GEN,UNKNOWN
1895,NeoElection,PT,5,StateSpace,02,1,3,GEN,UNKNOWN
1896,NeoElection,PT,5,StateSpace,03,80,3,GEN,UNKNOWN
1897,NoC3x3,PT,1A,StateSpace,00,2.1507E+0021,3,NUPN,UNKNOWN
1898,NoC3x3,PT,1A,StateSpace,02,1,3,NUPN,UNKNOWN
1899,NoC3x3,PT,1A,StateSpace,03,40,3,NUPN,UNKNOWN
1900,NoC3x3,PT,2A,StateSpace,00,7.7250E+0028,3,NUPN,UNKNOWN
1901,NoC3x3,PT,2A,StateSpace,02,1,3,NUPN,UNKNOWN
1902,NoC3x3,PT,2A,StateSpace,03,66,3,NUPN,UNKNOWN
1903,NoC3x3,PT,3A,StateSpace,00,2.3745E+0029,3,NUPN,UNKNOWN
1904,NoC3x3,PT,3A,StateSpace,02,1,3,NUPN,UNKNOWN
1905,NoC3x3,PT,3A,StateSpace,03,66,3,NUPN,UNKNOWN
1906,NoC3x3,PT,4A,StateSpace,00,7.2458E+0036,1,NUPN,UNKNOWN
1907,NoC3x3,PT,4A,StateSpace,02,1,3,NUPN,UNKNOWN
1908,NoC3x3,PT,4A,StateSpace,03,66,1,NUPN,UNKNOWN
1909,NoC3x3,PT,8A,StateSpace,00,7.2480E+0039,3,NUPN,UNKNOWN
1910,NoC3x3,PT,8A,StateSpace,02,1,3,NUPN,UNKNOWN
1911,NoC3x3,PT,8A,StateSpace,03,66,3,NUPN,UNKNOWN
1912,NQueens,PT,05,StateSpace,00,462,3,GEN,UNKNOWN
1913,NQueens,PT,05,StateSpace,02,1,3,GEN,UNKNOWN
1914,NQueens,PT,05,StateSpace,03,30,3,GEN,UNKNOWN
1915,NQueens,PT,08,StateSpace,00,118969,3,GEN,UNKNOWN
1916,NQueens,PT,08,StateSpace,02,1,3,GEN,UNKNOWN
1917,NQueens,PT,08,StateSpace,03,48,3,GEN,UNKNOWN
1918,NQueens,PT,10,StateSpace,00,7.5354E+0006,3,GEN,UNKNOWN
1919,NQueens,PT,10,StateSpace,02,1,3,GEN,UNKNOWN
1920,NQueens,PT,10,StateSpace,03,60,3,GEN,UNKNOWN
1921,PaceMaker,PT,none,StateSpace,00,3.6803E+0017,3,NONE,UNKNOWN
1922,PaceMaker,PT,none,StateSpace,02,949,3,NONE,UNKNOWN
1923,PaceMaker,PT,none,StateSpace,03,18085,3,NONE,UNKNOWN
1924,ParamProductionCell,PT,0,StateSpace,00,2.7769E+0006,3,GEN,UNKNOWN
1925,ParamProductionCell,PT,0,StateSpace,02,1,3,GEN,UNKNOWN
1926,ParamProductionCell,PT,0,StateSpace,03,32,3,GEN,UNKNOWN
1927,ParamProductionCell,PT,1,StateSpace,00,25632,3,GEN,UNKNOWN
1928,ParamProductionCell,PT,1,StateSpace,02,1,3,GEN,UNKNOWN
1929,ParamProductionCell,PT,1,StateSpace,03,36,3,GEN,UNKNOWN
1930,ParamProductionCell,PT,2,StateSpace,00,349874,3,GEN,UNKNOWN
1931,ParamProductionCell,PT,2,StateSpace,02,1,3,GEN,UNKNOWN
1932,ParamProductionCell,PT,2,StateSpace,03,36,3,GEN,UNKNOWN
1933,ParamProductionCell,PT,3,StateSpace,00,1.4652E+0006,3,GEN,UNKNOWN
1934,ParamProductionCell,PT,3,StateSpace,02,1,3,GEN,UNKNOWN
1935,ParamProductionCell,PT,3,StateSpace,03,36,3,GEN,UNKNOWN
1936,ParamProductionCell,PT,4,StateSpace,00,2.4097E+0006,3,GEN,UNKNOWN
1937,ParamProductionCell,PT,4,StateSpace,02,1,3,GEN,UNKNOWN
1938,ParamProductionCell,PT,4,StateSpace,03,36,3,GEN,UNKNOWN
1939,ParamProductionCell,PT,5,StateSpace,00,1.6572E+0006,3,GEN,UNKNOWN
1940,ParamProductionCell,PT,5,StateSpace,02,1,3,GEN,UNKNOWN
1941,ParamProductionCell,PT,5,StateSpace,03,36,3,GEN,UNKNOWN
1942,Parking,PT,104,StateSpace,00,31745,3,NUPN,UNKNOWN
1943,Parking,PT,104,StateSpace,02,1,3,NUPN,UNKNOWN
1944,Parking,PT,104,StateSpace,03,15,3,NUPN,UNKNOWN
1945,Parking,PT,208,StateSpace,00,4.5676E+0009,3,NUPN,UNKNOWN
1946,Parking,PT,208,StateSpace,02,1,3,NUPN,UNKNOWN
1947,Parking,PT,208,StateSpace,03,32,3,NUPN,UNKNOWN
1948,Parking,PT,416,StateSpace,00,8.4405E+0021,3,NUPN,UNKNOWN
1949,Parking,PT,416,StateSpace,02,1,3,NUPN,UNKNOWN
1950,Parking,PT,416,StateSpace,03,72,3,NUPN,UNKNOWN
1951,Parking,PT,432,StateSpace,00,3.6702E+0032,3,NUPN,UNKNOWN
1952,Parking,PT,432,StateSpace,02,1,3,NUPN,UNKNOWN
1953,Parking,PT,432,StateSpace,03,120,3,NUPN,UNKNOWN
1954,Parking,PT,832,StateSpace,00,1.4648E+0054,3,NUPN,UNKNOWN
1955,Parking,PT,832,StateSpace,02,1,3,NUPN,UNKNOWN
1956,Parking,PT,832,StateSpace,03,176,3,NUPN,UNKNOWN
1957,Parking,PT,864,StateSpace,00,1.4450E+0075,3,NUPN,UNKNOWN
1958,Parking,PT,864,StateSpace,02,1,3,NUPN,UNKNOWN
1959,Parking,PT,864,StateSpace,03,272,3,NUPN,UNKNOWN
1960,PermAdmissibility,COL,01,StateSpace,00,52537,3,NONE,UNKNOWN
1961,PermAdmissibility,COL,01,StateSpace,02,1,3,NONE,UNKNOWN
1962,PermAdmissibility,COL,01,StateSpace,03,9,3,NONE,UNKNOWN
1963,PermAdmissibility,PT,01,StateSpace,00,52537,3,NONE,UNKNOWN
1964,PermAdmissibility,PT,01,StateSpace,02,1,3,NONE,UNKNOWN
1965,PermAdmissibility,PT,01,StateSpace,03,9,3,NONE,UNKNOWN
1966,Peterson,COL,2,StateSpace,00,20754,3,NONE,UNKNOWN
1967,Peterson,COL,2,StateSpace,02,1,3,NONE,UNKNOWN
1968,Peterson,COL,2,StateSpace,03,8,3,NONE,UNKNOWN
1969,Peterson,COL,3,StateSpace,00,3.4079E+0006,3,NONE,UNKNOWN
1970,Peterson,COL,3,StateSpace,02,1,3,NONE,UNKNOWN
1971,Peterson,COL,3,StateSpace,03,11,3,NONE,UNKNOWN
1972,Peterson,COL,4,StateSpace,00,6.2995E+0008,3,NONE,UNKNOWN
1973,Peterson,COL,4,StateSpace,02,1,3,NONE,UNKNOWN
1974,Peterson,COL,4,StateSpace,03,14,3,NONE,UNKNOWN
1975,Peterson,PT,2,StateSpace,00,20754,3,GEN,UNKNOWN
1976,Peterson,PT,2,StateSpace,02,1,3,GEN,UNKNOWN
1977,Peterson,PT,2,StateSpace,03,8,3,GEN,UNKNOWN
1978,Peterson,PT,3,StateSpace,00,3.4079E+0006,3,GEN,UNKNOWN
1979,Peterson,PT,3,StateSpace,02,1,3,GEN,UNKNOWN
1980,Peterson,PT,3,StateSpace,03,11,3,GEN,UNKNOWN
1981,Peterson,PT,4,StateSpace,00,6.2995E+0008,3,GEN,UNKNOWN
1982,Peterson,PT,4,StateSpace,02,1,3,GEN,UNKNOWN
1983,Peterson,PT,4,StateSpace,03,14,3,GEN,UNKNOWN
1984,PGCD,COL,D02N005,StateSpace,00,8484,3,NONE,UNKNOWN
1985,PGCD,COL,D02N005,StateSpace,02,18,3,NONE,UNKNOWN
1986,PGCD,COL,D02N005,StateSpace,03,36,3,NONE,UNKNOWN
1987,PGCD,COL,D02N006,StateSpace,00,15670,3,NONE,UNKNOWN
1988,PGCD,COL,D02N006,StateSpace,02,19,3,NONE,UNKNOWN
1989,PGCD,COL,D02N006,StateSpace,03,42,3,NONE,UNKNOWN
1990,PGCD,COL,D02N100,StateSpace,00,5.5882E+0009,3,NONE,UNKNOWN
1991,PGCD,COL,D02N100,StateSpace,02,301,3,NONE,UNKNOWN
1992,PGCD,COL,D02N100,StateSpace,03,606,3,NONE,UNKNOWN
1993,PGCD,COL,D03N050,StateSpace,00,4.1721E+0011,3,NONE,UNKNOWN
1994,PGCD,COL,D03N050,StateSpace,02,201,3,NONE,UNKNOWN
1995,PGCD,COL,D03N050,StateSpace,03,408,3,NONE,UNKNOWN
1996,PGCD,COL,D04N025,StateSpace,00,2.5736E+0012,3,NONE,UNKNOWN
1997,PGCD,COL,D04N025,StateSpace,02,130,3,NONE,UNKNOWN
1998,PGCD,COL,D04N025,StateSpace,03,260,3,NONE,UNKNOWN
1999,PGCD,COL,D05N025,StateSpace,00,1.5855E+0015,3,NONE,UNKNOWN
2000,PGCD,COL,D05N025,StateSpace,02,156,3,NONE,UNKNOWN
2001,PGCD,COL,D05N025,StateSpace,03,312,3,NONE,UNKNOWN
2002,PGCD,PT,D02N005,StateSpace,00,8484,3,NONE,UNKNOWN
2003,PGCD,PT,D02N005,StateSpace,02,18,3,NONE,UNKNOWN
2004,PGCD,PT,D02N005,StateSpace,03,36,3,NONE,UNKNOWN
2005,PGCD,PT,D02N006,StateSpace,00,15670,3,NONE,UNKNOWN
2006,PGCD,PT,D02N006,StateSpace,02,19,3,NONE,UNKNOWN
2007,PGCD,PT,D02N006,StateSpace,03,42,3,NONE,UNKNOWN
2008,PGCD,PT,D02N100,StateSpace,00,5.5882E+0009,3,NONE,UNKNOWN
2009,PGCD,PT,D02N100,StateSpace,02,301,3,NONE,UNKNOWN
2010,PGCD,PT,D02N100,StateSpace,03,606,3,NONE,UNKNOWN
2011,PGCD,PT,D03N050,StateSpace,00,4.1721E+0011,3,NONE,UNKNOWN
2012,PGCD,PT,D03N050,StateSpace,02,201,3,NONE,UNKNOWN
2013,PGCD,PT,D03N050,StateSpace,03,408,3,NONE,UNKNOWN
2014,PGCD,PT,D04N025,StateSpace,00,2.5736E+0012,3,NONE,UNKNOWN
2015,PGCD,PT,D04N025,StateSpace,02,130,3,NONE,UNKNOWN
2016,PGCD,PT,D04N025,StateSpace,03,260,3,NONE,UNKNOWN
2017,PGCD,PT,D05N025,StateSpace,00,1.5855E+0015,3,NONE,UNKNOWN
2018,PGCD,PT,D05N025,StateSpace,02,156,3,NONE,UNKNOWN
2019,PGCD,PT,D05N025,StateSpace,03,312,3,NONE,UNKNOWN
2020,PhaseVariation,PT,D02CS010,StateSpace,00,7716,3,NONE,UNKNOWN
2021,PhaseVariation,PT,D02CS010,StateSpace,02,12,3,NONE,UNKNOWN
2022,PhaseVariation,PT,D02CS010,StateSpace,03,25,3,NONE,UNKNOWN
2023,PhaseVariation,PT,D02CS100,StateSpace,00,1.8989E+0010,3,NONE,UNKNOWN
2024,PhaseVariation,PT,D02CS100,StateSpace,02,104,3,NONE,UNKNOWN
2025,PhaseVariation,PT,D02CS100,StateSpace,03,209,3,NONE,UNKNOWN
2026,PhaseVariation,PT,D05CS010,StateSpace,00,4.7639E+0011,3,NONE,UNKNOWN
2027,PhaseVariation,PT,D05CS010,StateSpace,02,25,3,NONE,UNKNOWN
2028,PhaseVariation,PT,D05CS010,StateSpace,03,51,3,NONE,UNKNOWN
2029,PhaseVariation,PT,D05CS100,StateSpace,00,8.2190E+0032,1,NONE,UNKNOWN
2030,PhaseVariation,PT,D05CS100,StateSpace,02,125,1,NONE,UNKNOWN
2031,PhaseVariation,PT,D05CS100,StateSpace,03,251,1,NONE,UNKNOWN
2032,Philosophers,COL,000005,StateSpace,00,243,3,NONE,UNKNOWN
2033,Philosophers,COL,000005,StateSpace,02,1,3,NONE,UNKNOWN
2034,Philosophers,COL,000005,StateSpace,03,10,3,NONE,UNKNOWN
2035,Philosophers,COL,000010,StateSpace,00,59049,3,NONE,UNKNOWN
2036,Philosophers,COL,000010,StateSpace,02,1,3,NONE,UNKNOWN
2037,Philosophers,COL,000010,StateSpace,03,20,3,NONE,UNKNOWN
2038,Philosophers,COL,000020,StateSpace,00,3.4868E+0009,3,NONE,UNKNOWN
2039,Philosophers,COL,000020,StateSpace,02,1,3,NONE,UNKNOWN
2040,Philosophers,COL,000020,StateSpace,03,40,3,NONE,UNKNOWN
2041,Philosophers,COL,000050,StateSpace,00,7.1790E+0023,3,NONE,UNKNOWN
2042,Philosophers,COL,000050,StateSpace,02,1,3,NONE,UNKNOWN
2043,Philosophers,COL,000050,StateSpace,03,100,3,NONE,UNKNOWN
2044,Philosophers,COL,000100,StateSpace,00,5.1538E+0047,3,NONE,UNKNOWN
2045,Philosophers,COL,000100,StateSpace,02,1,3,NONE,UNKNOWN
2046,Philosophers,COL,000100,StateSpace,03,200,3,NONE,UNKNOWN
2047,Philosophers,COL,000200,StateSpace,00,2.6561E+0095,3,NONE,UNKNOWN
2048,Philosophers,COL,000200,StateSpace,02,1,3,NONE,UNKNOWN
2049,Philosophers,COL,000200,StateSpace,03,400,3,NONE,UNKNOWN
2050,Philosophers,COL,000500,StateSpace,00,3.6360E+0238,3,NONE,UNKNOWN
2051,Philosophers,COL,000500,StateSpace,02,1,3,NONE,UNKNOWN
2052,Philosophers,COL,000500,StateSpace,03,1000,3,NONE,UNKNOWN
2053,Philosophers,COL,001000,StateSpace,00,+Inf********,3,NONE,UNKNOWN
2054,Philosophers,COL,001000,StateSpace,02,1,3,NONE,UNKNOWN
2055,Philosophers,COL,001000,StateSpace,03,2000,3,NONE,UNKNOWN
2056,Philosophers,COL,002000,StateSpace,00,+Inf********,3,NONE,UNKNOWN
2057,Philosophers,COL,002000,StateSpace,02,1,3,NONE,UNKNOWN
2058,Philosophers,COL,002000,StateSpace,03,4000,3,NONE,UNKNOWN
2059,Philosophers,COL,005000,StateSpace,00,+Inf********,3,NONE,UNKNOWN
2060,Philosophers,COL,005000,StateSpace,02,1,3,NONE,UNKNOWN
2061,Philosophers,COL,005000,StateSpace,03,10000,3,NONE,UNKNOWN
2062,Philosophers,COL,010000,StateSpace,00,+Inf********,3,NONE,UNKNOWN
2063,Philosophers,COL,010000,StateSpace,02,1,3,NONE,UNKNOWN
2064,Philosophers,COL,010000,StateSpace,03,20000,3,NONE,UNKNOWN
2065,Philosophers,PT,000005,StateSpace,00,243,3,GEN,UNKNOWN
2066,Philosophers,PT,000005,StateSpace,02,1,3,GEN,UNKNOWN
2067,Philosophers,PT,000005,StateSpace,03,10,3,GEN,UNKNOWN
2068,Philosophers,PT,000010,StateSpace,00,59049,3,GEN,UNKNOWN
2069,Philosophers,PT,000010,StateSpace,02,1,3,GEN,UNKNOWN
2070,Philosophers,PT,000010,StateSpace,03,20,3,GEN,UNKNOWN
2071,Philosophers,PT,000020,StateSpace,00,3.4868E+0009,3,GEN,UNKNOWN
2072,Philosophers,PT,000020,StateSpace,02,1,3,GEN,UNKNOWN
2073,Philosophers,PT,000020,StateSpace,03,40,3,GEN,UNKNOWN
2074,Philosophers,PT,000050,StateSpace,00,7.1790E+0023,3,GEN,UNKNOWN
2075,Philosophers,PT,000050,StateSpace,02,1,3,GEN,UNKNOWN
2076,Philosophers,PT,000050,StateSpace,03,100,3,GEN,UNKNOWN
2077,Philosophers,PT,000100,StateSpace,00,5.1538E+0047,3,GEN,UNKNOWN
2078,Philosophers,PT,000100,StateSpace,02,1,3,GEN,UNKNOWN
2079,Philosophers,PT,000100,StateSpace,03,200,3,GEN,UNKNOWN
2080,Philosophers,PT,000200,StateSpace,00,2.6561E+0095,3,GEN,UNKNOWN
2081,Philosophers,PT,000200,StateSpace,02,1,3,GEN,UNKNOWN
2082,Philosophers,PT,000200,StateSpace,03,400,3,GEN,UNKNOWN
2083,Philosophers,PT,000500,StateSpace,00,3.6360E+0238,3,GEN,UNKNOWN
2084,Philosophers,PT,000500,StateSpace,02,1,3,GEN,UNKNOWN
2085,Philosophers,PT,000500,StateSpace,03,1000,3,GEN,UNKNOWN
2086,Philosophers,PT,001000,StateSpace,00,+Inf********,3,GEN,UNKNOWN
2087,Philosophers,PT,001000,StateSpace,02,1,3,GEN,UNKNOWN
2088,Philosophers,PT,001000,StateSpace,03,2000,3,GEN,UNKNOWN
2089,Philosophers,PT,002000,StateSpace,00,+Inf********,3,GEN,UNKNOWN
2090,Philosophers,PT,002000,StateSpace,02,1,3,GEN,UNKNOWN
2091,Philosophers,PT,002000,StateSpace,03,4000,3,GEN,UNKNOWN
2092,Philosophers,PT,005000,StateSpace,00,+Inf********,3,NONE,UNKNOWN
2093,Philosophers,PT,005000,StateSpace,02,1,3,NONE,UNKNOWN
2094,Philosophers,PT,005000,StateSpace,03,10000,3,NONE,UNKNOWN
2095,Philosophers,PT,010000,StateSpace,02,1,3,NONE,UNKNOWN
2096,Philosophers,PT,010000,StateSpace,03,20000,3,NONE,UNKNOWN
2097,PhilosophersDyn,COL,03,StateSpace,00,325,3,NONE,UNKNOWN
2098,PhilosophersDyn,COL,03,StateSpace,02,1,3,NONE,UNKNOWN
2099,PhilosophersDyn,COL,03,StateSpace,03,11,3,NONE,UNKNOWN
2100,PhilosophersDyn,COL,10,StateSpace,00,199051,3,NONE,UNKNOWN
2101,PhilosophersDyn,COL,10,StateSpace,02,1,3,NONE,UNKNOWN
2102,PhilosophersDyn,COL,10,StateSpace,03,20,3,NONE,UNKNOWN
2103,PhilosophersDyn,PT,03,StateSpace,00,325,3,NONE,UNKNOWN
2104,PhilosophersDyn,PT,03,StateSpace,02,1,3,NONE,UNKNOWN
2105,PhilosophersDyn,PT,03,StateSpace,03,11,3,NONE,UNKNOWN
2106,PhilosophersDyn,PT,10,StateSpace,00,199051,3,NONE,UNKNOWN
2107,PhilosophersDyn,PT,10,StateSpace,02,1,3,NONE,UNKNOWN
2108,PhilosophersDyn,PT,10,StateSpace,03,20,3,NONE,UNKNOWN
2109,PolyORBLF,COL,S02J04T06,StateSpace,00,1.4075E+0008,3,NONE,UNKNOWN
2110,PolyORBLF,COL,S02J04T06,StateSpace,02,10,1,NONE,UNKNOWN
2111,PolyORBLF,COL,S02J04T06,StateSpace,03,63,1,NONE,UNKNOWN
2112,PolyORBLF,COL,S02J06T06,StateSpace,00,2.5496E+0008,1,NONE,UNKNOWN
2113,PolyORBLF,COL,S02J06T06,StateSpace,02,10,1,NONE,UNKNOWN
2114,PolyORBLF,COL,S02J06T06,StateSpace,03,65,1,NONE,UNKNOWN
2115,PolyORBLF,PT,S02J04T06,StateSpace,00,1.4075E+0008,3,NONE,UNKNOWN
2116,PolyORBLF,PT,S02J04T06,StateSpace,02,10,3,NONE,UNKNOWN
2117,PolyORBLF,PT,S02J04T06,StateSpace,03,63,3,NONE,UNKNOWN
2118,PolyORBLF,PT,S02J04T08,StateSpace,00,3.5324E+0009,1,NONE,UNKNOWN
2119,PolyORBLF,PT,S02J04T08,StateSpace,02,10,1,NONE,UNKNOWN
2120,PolyORBLF,PT,S02J04T08,StateSpace,03,69,1,NONE,UNKNOWN
2121,PolyORBNT,COL,S05J20,StateSpace,00,6.9382E+0008,1,NONE,UNKNOWN
2122,PolyORBNT,COL,S05J20,StateSpace,02,10,1,NONE,UNKNOWN
2123,PolyORBNT,COL,S05J20,StateSpace,03,58,1,NONE,UNKNOWN
2124,PolyORBNT,PT,S05J20,StateSpace,00,6.9382E+0008,1,NONE,UNKNOWN
2125,PolyORBNT,PT,S05J20,StateSpace,02,10,1,NONE,UNKNOWN
2126,PolyORBNT,PT,S05J20,StateSpace,03,58,1,NONE,UNKNOWN
2127,ProductionCell,PT,none,StateSpace,00,1.1329E+0013,3,NUPN,UNKNOWN
2128,ProductionCell,PT,none,StateSpace,02,1,3,NUPN,UNKNOWN
2129,ProductionCell,PT,none,StateSpace,03,35,3,NUPN,UNKNOWN
2130,QuasiCertifProtocol,COL,02,StateSpace,00,1029,3,NONE,UNKNOWN
2131,QuasiCertifProtocol,COL,02,StateSpace,02,1,3,NONE,UNKNOWN
2132,QuasiCertifProtocol,COL,02,StateSpace,03,20,3,NONE,UNKNOWN
2133,QuasiCertifProtocol,COL,06,StateSpace,00,2.2720E+0006,3,NONE,UNKNOWN
2134,QuasiCertifProtocol,COL,06,StateSpace,02,3,3,NONE,UNKNOWN
2135,QuasiCertifProtocol,COL,06,StateSpace,03,74,3,NONE,UNKNOWN
2136,QuasiCertifProtocol,PT,02,StateSpace,00,1029,3,NONE,UNKNOWN
2137,QuasiCertifProtocol,PT,02,StateSpace,02,1,3,NONE,UNKNOWN
2138,QuasiCertifProtocol,PT,02,StateSpace,03,20,3,NONE,UNKNOWN
2139,QuasiCertifProtocol,PT,06,StateSpace,00,2.2720E+0006,3,NONE,UNKNOWN
2140,QuasiCertifProtocol,PT,06,StateSpace,02,3,3,NONE,UNKNOWN
2141,QuasiCertifProtocol,PT,06,StateSpace,03,74,3,NONE,UNKNOWN
2142,Raft,PT,02,StateSpace,00,7381,3,NUPN,UNKNOWN
2143,Raft,PT,02,StateSpace,02,1,3,NUPN,UNKNOWN
2144,Raft,PT,02,StateSpace,03,6,3,NUPN,UNKNOWN
2145,Raft,PT,03,StateSpace,00,3.3820E+0007,3,NUPN,UNKNOWN
2146,Raft,PT,03,StateSpace,02,1,3,NUPN,UNKNOWN
2147,Raft,PT,03,StateSpace,03,11,3,NUPN,UNKNOWN
2148,Raft,PT,04,StateSpace,00,2.9659E+0012,3,NUPN,UNKNOWN
2149,Raft,PT,04,StateSpace,02,1,3,NUPN,UNKNOWN
2150,Raft,PT,04,StateSpace,03,18,3,NUPN,UNKNOWN
2151,Raft,PT,05,StateSpace,00,5.9379E+0018,3,NUPN,UNKNOWN
2152,Raft,PT,05,StateSpace,02,1,3,NUPN,UNKNOWN
2153,Raft,PT,05,StateSpace,03,27,3,NUPN,UNKNOWN
2154,Raft,PT,06,StateSpace,00,2.9094E+0026,3,NUPN,UNKNOWN
2155,Raft,PT,06,StateSpace,02,1,3,NUPN,UNKNOWN
2156,Raft,PT,06,StateSpace,03,38,3,NUPN,UNKNOWN
2157,Raft,PT,07,StateSpace,00,3.5527E+0035,3,NUPN,UNKNOWN
2158,Raft,PT,07,StateSpace,02,1,3,NUPN,UNKNOWN
2159,Raft,PT,07,StateSpace,03,51,3,NUPN,UNKNOWN
2160,Raft,PT,08,StateSpace,00,1.0842E+0046,3,NUPN,UNKNOWN
2161,Raft,PT,08,StateSpace,02,1,3,NUPN,UNKNOWN
2162,Raft,PT,08,StateSpace,03,66,3,NUPN,UNKNOWN
2163,Raft,PT,09,StateSpace,00,8.2718E+0057,3,NUPN,UNKNOWN
2164,Raft,PT,09,StateSpace,02,1,3,NUPN,UNKNOWN
2165,Raft,PT,09,StateSpace,03,83,3,NUPN,UNKNOWN
2166,Raft,PT,10,StateSpace,00,1.5777E+0071,3,NUPN,UNKNOWN
2167,Raft,PT,10,StateSpace,02,1,3,NUPN,UNKNOWN
2168,Raft,PT,10,StateSpace,03,102,3,NUPN,UNKNOWN
2169,Railroad,PT,005,StateSpace,00,1838,3,GEN,UNKNOWN
2170,Railroad,PT,005,StateSpace,02,1,3,GEN,UNKNOWN
2171,Railroad,PT,005,StateSpace,03,16,3,GEN,UNKNOWN
2172,Railroad,PT,010,StateSpace,00,2.0382E+0006,3,GEN,UNKNOWN
2173,Railroad,PT,010,StateSpace,02,1,3,GEN,UNKNOWN
2174,Railroad,PT,010,StateSpace,03,26,3,GEN,UNKNOWN
2175,Railroad,PT,020,StateSpace,00,2.1955E+0012,3,GEN,UNKNOWN
2176,Railroad,PT,020,StateSpace,02,1,3,GEN,UNKNOWN
2177,Railroad,PT,020,StateSpace,03,46,3,GEN,UNKNOWN
2178,Referendum,COL,0010,StateSpace,00,59050,3,NONE,UNKNOWN
2179,Referendum,COL,0010,StateSpace,02,1,3,NONE,UNKNOWN
2180,Referendum,COL,0010,StateSpace,03,10,3,NONE,UNKNOWN
2181,Referendum,COL,0015,StateSpace,00,1.4349E+0007,3,NONE,UNKNOWN
2182,Referendum,COL,0015,StateSpace,02,1,3,NONE,UNKNOWN
2183,Referendum,COL,0015,StateSpace,03,15,3,NONE,UNKNOWN
2184,Referendum,COL,0020,StateSpace,00,3.4868E+0009,3,NONE,UNKNOWN
2185,Referendum,COL,0020,StateSpace,02,1,3,NONE,UNKNOWN
2186,Referendum,COL,0020,StateSpace,03,20,3,NONE,UNKNOWN
2187,Referendum,COL,0050,StateSpace,00,7.1790E+0023,3,NONE,UNKNOWN
2188,Referendum,COL,0050,StateSpace,02,1,3,NONE,UNKNOWN
2189,Referendum,COL,0050,StateSpace,03,50,3,NONE,UNKNOWN
2190,Referendum,COL,0100,StateSpace,00,5.1538E+0047,3,NONE,UNKNOWN
2191,Referendum,COL,0100,StateSpace,02,1,3,NONE,UNKNOWN
2192,Referendum,COL,0100,StateSpace,03,100,3,NONE,UNKNOWN
2193,Referendum,COL,0200,StateSpace,00,2.6561E+0095,3,NONE,UNKNOWN
2194,Referendum,COL,0200,StateSpace,02,1,3,NONE,UNKNOWN
2195,Referendum,COL,0200,StateSpace,03,200,3,NONE,UNKNOWN
2196,Referendum,COL,0500,StateSpace,00,3.6360E+0238,3,NONE,UNKNOWN
2197,Referendum,COL,0500,StateSpace,02,1,3,NONE,UNKNOWN
2198,Referendum,COL,0500,StateSpace,03,500,3,NONE,UNKNOWN
2199,Referendum,COL,1000,StateSpace,00,+Inf********,3,NONE,UNKNOWN
2200,Referendum,COL,1000,StateSpace,02,1,3,NONE,UNKNOWN
2201,Referendum,COL,1000,StateSpace,03,1000,3,NONE,UNKNOWN
2202,Referendum,PT,0010,StateSpace,00,59050,3,GEN,UNKNOWN
2203,Referendum,PT,0010,StateSpace,02,1,3,GEN,UNKNOWN
2204,Referendum,PT,0010,StateSpace,03,10,3,GEN,UNKNOWN
2205,Referendum,PT,0015,StateSpace,00,1.4349E+0007,3,GEN,UNKNOWN
2206,Referendum,PT,0015,StateSpace,02,1,3,GEN,UNKNOWN
2207,Referendum,PT,0015,StateSpace,03,15,3,GEN,UNKNOWN
2208,Referendum,PT,0020,StateSpace,00,3.4868E+0009,3,GEN,UNKNOWN
2209,Referendum,PT,0020,StateSpace,02,1,3,GEN,UNKNOWN
2210,Referendum,PT,0020,StateSpace,03,20,3,GEN,UNKNOWN
2211,Referendum,PT,0050,StateSpace,00,7.1790E+0023,3,GEN,UNKNOWN
2212,Referendum,PT,0050,StateSpace,02,1,3,GEN,UNKNOWN
2213,Referendum,PT,0050,StateSpace,03,50,3,GEN,UNKNOWN
2214,Referendum,PT,0100,StateSpace,00,5.1538E+0047,3,GEN,UNKNOWN
2215,Referendum,PT,0100,StateSpace,02,1,3,GEN,UNKNOWN
2216,Referendum,PT,0100,StateSpace,03,100,3,GEN,UNKNOWN
2217,Referendum,PT,0200,StateSpace,00,2.6561E+0095,3,GEN,UNKNOWN
2218,Referendum,PT,0200,StateSpace,02,1,3,GEN,UNKNOWN
2219,Referendum,PT,0200,StateSpace,03,200,3,GEN,UNKNOWN
2220,Referendum,PT,0500,StateSpace,00,3.6360E+0238,3,GEN,UNKNOWN
2221,Referendum,PT,0500,StateSpace,02,1,3,GEN,UNKNOWN
2222,Referendum,PT,0500,StateSpace,03,500,3,GEN,UNKNOWN
2223,Referendum,PT,1000,StateSpace,00,+Inf********,3,GEN,UNKNOWN
2224,Referendum,PT,1000,StateSpace,02,1,3,GEN,UNKNOWN
2225,Referendum,PT,1000,StateSpace,03,1000,3,GEN,UNKNOWN
2226,RefineWMG,PT,002002,StateSpace,00,58320,3,NONE,UNKNOWN
2227,RefineWMG,PT,002002,StateSpace,02,7,3,NONE,UNKNOWN
2228,RefineWMG,PT,002002,StateSpace,03,20,3,NONE,UNKNOWN
2229,RefineWMG,PT,002003,StateSpace,00,184320,3,NONE,UNKNOWN
2230,RefineWMG,PT,002003,StateSpace,02,7,3,NONE,UNKNOWN
2231,RefineWMG,PT,002003,StateSpace,03,24,3,NONE,UNKNOWN
2232,RefineWMG,PT,005005,StateSpace,00,6.2256E+0011,3,NONE,UNKNOWN
2233,RefineWMG,PT,005005,StateSpace,02,7,3,NONE,UNKNOWN
2234,RefineWMG,PT,005005,StateSpace,03,62,3,NONE,UNKNOWN
2235,RefineWMG,PT,005006,StateSpace,00,2.9084E+0012,3,NONE,UNKNOWN
2236,RefineWMG,PT,005006,StateSpace,02,7,3,NONE,UNKNOWN
2237,RefineWMG,PT,005006,StateSpace,03,72,3,NONE,UNKNOWN
2238,RefineWMG,PT,007007,StateSpace,00,1.6981E+0017,3,NONE,UNKNOWN
2239,RefineWMG,PT,007007,StateSpace,02,7,3,NONE,UNKNOWN
2240,RefineWMG,PT,007007,StateSpace,03,110,3,NONE,UNKNOWN
2241,RefineWMG,PT,007008,StateSpace,00,8.8327E+0017,3,NONE,UNKNOWN
2242,RefineWMG,PT,007008,StateSpace,02,8,3,NONE,UNKNOWN
2243,RefineWMG,PT,007008,StateSpace,03,124,3,NONE,UNKNOWN
2244,RefineWMG,PT,010010,StateSpace,00,1.2846E+0026,3,NONE,UNKNOWN
2245,RefineWMG,PT,010010,StateSpace,02,10,3,NONE,UNKNOWN
2246,RefineWMG,PT,010010,StateSpace,03,212,3,NONE,UNKNOWN
2247,RefineWMG,PT,010011,StateSpace,00,7.3203E+0026,3,NONE,UNKNOWN
2248,RefineWMG,PT,010011,StateSpace,02,11,3,NONE,UNKNOWN
2249,RefineWMG,PT,010011,StateSpace,03,232,3,NONE,UNKNOWN
2250,RefineWMG,PT,015015,StateSpace,00,1.9552E+0042,3,NONE,UNKNOWN
2251,RefineWMG,PT,015015,StateSpace,02,15,3,NONE,UNKNOWN
2252,RefineWMG,PT,015015,StateSpace,03,462,3,NONE,UNKNOWN
2253,RefineWMG,PT,015016,StateSpace,00,1.2052E+0043,3,NONE,UNKNOWN
2254,RefineWMG,PT,015016,StateSpace,02,16,3,NONE,UNKNOWN
2255,RefineWMG,PT,015016,StateSpace,03,492,3,NONE,UNKNOWN
2256,RefineWMG,PT,025025,StateSpace,00,1.4370E+0078,3,NONE,UNKNOWN
2257,RefineWMG,PT,025025,StateSpace,02,25,3,NONE,UNKNOWN
2258,RefineWMG,PT,025025,StateSpace,03,1262,3,NONE,UNKNOWN
2259,RefineWMG,PT,025026,StateSpace,00,9.4837E+0078,3,NONE,UNKNOWN
2260,RefineWMG,PT,025026,StateSpace,02,26,3,NONE,UNKNOWN
2261,RefineWMG,PT,025026,StateSpace,03,1312,3,NONE,UNKNOWN
2262,RefineWMG,PT,050050,StateSpace,00,1.0310E+0180,3,NONE,UNKNOWN
2263,RefineWMG,PT,050050,StateSpace,02,50,3,NONE,UNKNOWN
2264,RefineWMG,PT,050050,StateSpace,03,5012,3,NONE,UNKNOWN
2265,RefineWMG,PT,050051,StateSpace,00,7.1876E+0180,3,NONE,UNKNOWN
2266,RefineWMG,PT,050051,StateSpace,02,51,3,NONE,UNKNOWN
2267,RefineWMG,PT,050051,StateSpace,03,5112,3,NONE,UNKNOWN
2268,RefineWMG,PT,100100,StateSpace,00,+Inf********,3,NONE,UNKNOWN
2269,RefineWMG,PT,100100,StateSpace,02,100,3,NONE,UNKNOWN
2270,RefineWMG,PT,100100,StateSpace,03,20012,3,NONE,UNKNOWN
2271,RefineWMG,PT,100101,StateSpace,00,+Inf********,3,NONE,UNKNOWN
2272,RefineWMG,PT,100101,StateSpace,02,101,3,NONE,UNKNOWN
2273,RefineWMG,PT,100101,StateSpace,03,20212,3,NONE,UNKNOWN
2274,RERS2020,PT,pb101,StateSpace,00,345421,3,NUPN,UNKNOWN
2275,RERS2020,PT,pb101,StateSpace,02,1,3,NUPN,UNKNOWN
2276,RERS2020,PT,pb101,StateSpace,03,5,3,NUPN,UNKNOWN
2277,RERS2020,PT,pb102,StateSpace,00,3.8037E+0008,3,NUPN,UNKNOWN
2278,RERS2020,PT,pb102,StateSpace,02,1,3,NUPN,UNKNOWN
2279,RERS2020,PT,pb102,StateSpace,03,7,3,NUPN,UNKNOWN
2280,RERS2020,PT,pb103,StateSpace,00,6.4658E+0007,3,NUPN,UNKNOWN
2281,RERS2020,PT,pb103,StateSpace,02,1,3,NUPN,UNKNOWN
2282,RERS2020,PT,pb103,StateSpace,03,8,3,NUPN,UNKNOWN
2283,RERS2020,PT,pb104,StateSpace,00,2.4269E+0010,3,NUPN,UNKNOWN
2284,RERS2020,PT,pb104,StateSpace,02,1,3,NUPN,UNKNOWN
2285,RERS2020,PT,pb104,StateSpace,03,9,3,NUPN,UNKNOWN
2286,ResAllocation,PT,R002C002,StateSpace,00,8,3,GEN,UNKNOWN
2287,ResAllocation,PT,R002C002,StateSpace,02,1,3,GEN,UNKNOWN
2288,ResAllocation,PT,R002C002,StateSpace,03,4,3,GEN,UNKNOWN
2289,ResAllocation,PT,R003C002,StateSpace,00,20,3,GEN,UNKNOWN
2290,ResAllocation,PT,R003C002,StateSpace,02,1,3,GEN,UNKNOWN
2291,ResAllocation,PT,R003C002,StateSpace,03,6,3,GEN,UNKNOWN
2292,ResAllocation,PT,R003C003,StateSpace,00,92,3,GEN,UNKNOWN
2293,ResAllocation,PT,R003C003,StateSpace,02,1,3,GEN,UNKNOWN
2294,ResAllocation,PT,R003C003,StateSpace,03,9,3,GEN,UNKNOWN
2295,ResAllocation,PT,R003C005,StateSpace,00,1200,3,GEN,UNKNOWN
2296,ResAllocation,PT,R003C005,StateSpace,02,1,3,GEN,UNKNOWN
2297,ResAllocation,PT,R003C005,StateSpace,03,15,3,GEN,UNKNOWN
2298,ResAllocation,PT,R003C010,StateSpace,00,823552,3,GEN,UNKNOWN
2299,ResAllocation,PT,R003C010,StateSpace,02,1,3,GEN,UNKNOWN
2300,ResAllocation,PT,R003C010,StateSpace,03,30,3,GEN,UNKNOWN
2301,ResAllocation,PT,R003C015,StateSpace,00,5.7888E+0008,3,GEN,UNKNOWN
2302,ResAllocation,PT,R003C015,StateSpace,02,1,3,GEN,UNKNOWN
2303,ResAllocation,PT,R003C015,StateSpace,03,45,3,GEN,UNKNOWN
2304,ResAllocation,PT,R003C020,StateSpace,00,4.0645E+0011,3,GEN,UNKNOWN
2305,ResAllocation,PT,R003C020,StateSpace,02,1,3,GEN,UNKNOWN
2306,ResAllocation,PT,R003C020,StateSpace,03,60,3,GEN,UNKNOWN
2307,ResAllocation,PT,R003C050,StateSpace,00,4.8718E+0028,3,GEN,UNKNOWN
2308,ResAllocation,PT,R003C050,StateSpace,02,1,3,GEN,UNKNOWN
2309,ResAllocation,PT,R003C050,StateSpace,03,150,3,GEN,UNKNOWN
2310,ResAllocation,PT,R003C100,StateSpace,00,1.4195E+0057,3,GEN,UNKNOWN
2311,ResAllocation,PT,R003C100,StateSpace,02,1,3,GEN,UNKNOWN
2312,ResAllocation,PT,R003C100,StateSpace,03,300,3,GEN,UNKNOWN
2313,ResAllocation,PT,R005C002,StateSpace,00,112,3,GEN,UNKNOWN
2314,ResAllocation,PT,R005C002,StateSpace,02,1,3,GEN,UNKNOWN
2315,ResAllocation,PT,R005C002,StateSpace,03,10,3,GEN,UNKNOWN
2316,ResAllocation,PT,R010C002,StateSpace,00,6144,3,GEN,UNKNOWN
2317,ResAllocation,PT,R010C002,StateSpace,02,1,3,GEN,UNKNOWN
2318,ResAllocation,PT,R010C002,StateSpace,03,20,3,GEN,UNKNOWN
2319,ResAllocation,PT,R015C002,StateSpace,00,278528,3,GEN,UNKNOWN
2320,ResAllocation,PT,R015C002,StateSpace,02,1,3,GEN,UNKNOWN
2321,ResAllocation,PT,R015C002,StateSpace,03,30,3,GEN,UNKNOWN
2322,ResAllocation,PT,R020C002,StateSpace,00,1.1534E+0007,3,GEN,UNKNOWN
2323,ResAllocation,PT,R020C002,StateSpace,02,1,3,GEN,UNKNOWN
2324,ResAllocation,PT,R020C002,StateSpace,03,40,3,GEN,UNKNOWN
2325,ResAllocation,PT,R050C002,StateSpace,00,2.9273E+0016,3,GEN,UNKNOWN
2326,ResAllocation,PT,R050C002,StateSpace,02,1,3,GEN,UNKNOWN
2327,ResAllocation,PT,R050C002,StateSpace,03,100,3,GEN,UNKNOWN
2328,ResAllocation,PT,R100C002,StateSpace,00,6.4650E+0031,3,GEN,UNKNOWN
2329,ResAllocation,PT,R100C002,StateSpace,02,1,3,GEN,UNKNOWN
2330,ResAllocation,PT,R100C002,StateSpace,03,200,3,GEN,UNKNOWN
2331,ResIsolation,PT,N08P1,StateSpace,00,1.1251E+0009,3,NONE,UNKNOWN
2332,ResIsolation,PT,N08P1,StateSpace,02,1,3,NONE,UNKNOWN
2333,ResIsolation,PT,N08P1,StateSpace,03,9,3,NONE,UNKNOWN
2334,ResIsolation,PT,N08P2,StateSpace,00,1.2275E+0010,3,NONE,UNKNOWN
2335,ResIsolation,PT,N08P2,StateSpace,02,1,3,NONE,UNKNOWN
2336,ResIsolation,PT,N08P2,StateSpace,03,10,3,NONE,UNKNOWN
2337,ResIsolation,PT,N08P3,StateSpace,00,1.3464E+0011,3,NONE,UNKNOWN
2338,ResIsolation,PT,N08P3,StateSpace,02,1,3,NONE,UNKNOWN
2339,ResIsolation,PT,N08P3,StateSpace,03,11,3,NONE,UNKNOWN
2340,ResIsolation,PT,N08P4,StateSpace,00,1.4793E+0012,3,NONE,UNKNOWN
2341,ResIsolation,PT,N08P4,StateSpace,02,1,3,NONE,UNKNOWN
2342,ResIsolation,PT,N08P4,StateSpace,03,12,3,NONE,UNKNOWN
2343,ResIsolation,PT,N08P5,StateSpace,00,1.6263E+0013,3,NONE,UNKNOWN
2344,ResIsolation,PT,N08P5,StateSpace,02,1,3,NONE,UNKNOWN
2345,ResIsolation,PT,N08P5,StateSpace,03,13,3,NONE,UNKNOWN
2346,ResIsolation,PT,N09P1,StateSpace,00,1.1181E+0010,3,NONE,UNKNOWN
2347,ResIsolation,PT,N09P1,StateSpace,02,1,3,NONE,UNKNOWN
2348,ResIsolation,PT,N09P1,StateSpace,03,10,3,NONE,UNKNOWN
2349,ResIsolation,PT,N09P2,StateSpace,00,1.2243E+0011,3,NONE,UNKNOWN
2350,ResIsolation,PT,N09P2,StateSpace,02,1,3,NONE,UNKNOWN
2351,ResIsolation,PT,N09P2,StateSpace,03,11,3,NONE,UNKNOWN
2352,ResIsolation,PT,N09P3,StateSpace,00,1.3448E+0012,3,NONE,UNKNOWN
2353,ResIsolation,PT,N09P3,StateSpace,02,1,3,NONE,UNKNOWN
2354,ResIsolation,PT,N09P3,StateSpace,03,12,3,NONE,UNKNOWN
2355,ResIsolation,PT,N10P1,StateSpace,00,1.1146E+0011,3,NONE,UNKNOWN
2356,ResIsolation,PT,N10P1,StateSpace,02,1,3,NONE,UNKNOWN
2357,ResIsolation,PT,N10P1,StateSpace,03,11,3,NONE,UNKNOWN
2358,ResIsolation,PT,N10P2,StateSpace,00,1.2227E+0012,3,NONE,UNKNOWN
2359,ResIsolation,PT,N10P2,StateSpace,02,1,3,NONE,UNKNOWN
2360,ResIsolation,PT,N10P2,StateSpace,03,12,3,NONE,UNKNOWN
2361,ResIsolation,PT,N10P3,StateSpace,00,1.3439E+0013,3,NONE,UNKNOWN
2362,ResIsolation,PT,N10P3,StateSpace,02,1,3,NONE,UNKNOWN
2363,ResIsolation,PT,N10P3,StateSpace,03,13,3,NONE,UNKNOWN
2364,ResIsolation,PT,N10P4,StateSpace,00,1.4779E+0014,1,NONE,UNKNOWN
2365,ResIsolation,PT,N10P4,StateSpace,02,1,3,NONE,UNKNOWN
2366,ResIsolation,PT,N10P4,StateSpace,03,14,1,NONE,UNKNOWN
2367,ResIsolation,PT,N11P1,StateSpace,00,1.1129E+0012,3,NONE,UNKNOWN
2368,ResIsolation,PT,N11P1,StateSpace,02,1,3,NONE,UNKNOWN
2369,ResIsolation,PT,N11P1,StateSpace,03,12,3,NONE,UNKNOWN
2370,ResIsolation,PT,N11P2,StateSpace,00,1.2219E+0013,3,NONE,UNKNOWN
2371,ResIsolation,PT,N11P2,StateSpace,02,1,3,NONE,UNKNOWN
2372,ResIsolation,PT,N11P2,StateSpace,03,13,3,NONE,UNKNOWN
2373,ResIsolation,PT,N12P1,StateSpace,00,1.1120E+0013,3,NONE,UNKNOWN
2374,ResIsolation,PT,N12P1,StateSpace,02,1,3,NONE,UNKNOWN
2375,ResIsolation,PT,N12P1,StateSpace,03,13,3,NONE,UNKNOWN
2376,Ring,PT,none,StateSpace,00,9.0265E+0011,3,GEN,UNKNOWN
2377,Ring,PT,none,StateSpace,02,1,3,GEN,UNKNOWN
2378,Ring,PT,none,StateSpace,03,61,3,GEN,UNKNOWN
2379,RingSingleMessageInMbox,PT,d0m005,StateSpace,00,2662,3,NONE,UNKNOWN
2380,RingSingleMessageInMbox,PT,d0m005,StateSpace,02,5,3,NONE,UNKNOWN
2381,RingSingleMessageInMbox,PT,d0m005,StateSpace,03,6,3,NONE,UNKNOWN
2382,RingSingleMessageInMbox,PT,d0m010,StateSpace,00,62547,3,NONE,UNKNOWN
2383,RingSingleMessageInMbox,PT,d0m010,StateSpace,02,10,3,NONE,UNKNOWN
2384,RingSingleMessageInMbox,PT,d0m010,StateSpace,03,11,3,NONE,UNKNOWN
2385,RingSingleMessageInMbox,PT,d0m020,StateSpace,00,1.1997E+0006,3,NONE,UNKNOWN
2386,RingSingleMessageInMbox,PT,d0m020,StateSpace,02,20,3,NONE,UNKNOWN
2387,RingSingleMessageInMbox,PT,d0m020,StateSpace,03,21,3,NONE,UNKNOWN
2388,RingSingleMessageInMbox,PT,d0m040,StateSpace,00,2.0954E+0007,3,NONE,UNKNOWN
2389,RingSingleMessageInMbox,PT,d0m040,StateSpace,02,40,3,NONE,UNKNOWN
2390,RingSingleMessageInMbox,PT,d0m040,StateSpace,03,41,3,NONE,UNKNOWN
2391,RingSingleMessageInMbox,PT,d0m080,StateSpace,00,3.5001E+0008,3,NONE,UNKNOWN
2392,RingSingleMessageInMbox,PT,d0m080,StateSpace,02,80,3,NONE,UNKNOWN
2393,RingSingleMessageInMbox,PT,d0m080,StateSpace,03,81,3,NONE,UNKNOWN
2394,RingSingleMessageInMbox,PT,d0m160,StateSpace,00,5.7210E+0009,3,NONE,UNKNOWN
2395,RingSingleMessageInMbox,PT,d0m160,StateSpace,02,160,3,NONE,UNKNOWN
2396,RingSingleMessageInMbox,PT,d0m160,StateSpace,03,161,3,NONE,UNKNOWN
2397,RobotManipulation,PT,00001,StateSpace,00,110,3,NONE,UNKNOWN
2398,RobotManipulation,PT,00001,StateSpace,02,3,3,NONE,UNKNOWN
2399,RobotManipulation,PT,00001,StateSpace,03,12,3,NONE,UNKNOWN
2400,RobotManipulation,PT,00002,StateSpace,00,1430,3,NONE,UNKNOWN
2401,RobotManipulation,PT,00002,StateSpace,02,5,3,NONE,UNKNOWN
2402,RobotManipulation,PT,00002,StateSpace,03,22,3,NONE,UNKNOWN
2403,RobotManipulation,PT,00005,StateSpace,00,184756,3,NONE,UNKNOWN
2404,RobotManipulation,PT,00005,StateSpace,02,11,3,NONE,UNKNOWN
2405,RobotManipulation,PT,00005,StateSpace,03,52,3,NONE,UNKNOWN
2406,RobotManipulation,PT,00010,StateSpace,00,2.0030E+0007,3,NONE,UNKNOWN
2407,RobotManipulation,PT,00010,StateSpace,02,21,3,NONE,UNKNOWN
2408,RobotManipulation,PT,00010,StateSpace,03,102,3,NONE,UNKNOWN
2409,RobotManipulation,PT,00020,StateSpace,00,4.1089E+0009,3,NONE,UNKNOWN
2410,RobotManipulation,PT,00020,StateSpace,02,41,3,NONE,UNKNOWN
2411,RobotManipulation,PT,00020,StateSpace,03,202,3,NONE,UNKNOWN
2412,RobotManipulation,PT,00050,StateSpace,00,8.5268E+0012,3,NONE,UNKNOWN
2413,RobotManipulation,PT,00050,StateSpace,02,101,3,NONE,UNKNOWN
2414,RobotManipulation,PT,00050,StateSpace,03,502,3,NONE,UNKNOWN
2415,RwMutex,PT,r0010w0010,StateSpace,00,1034,3,GEN,UNKNOWN
2416,RwMutex,PT,r0010w0010,StateSpace,02,1,3,GEN,UNKNOWN
2417,RwMutex,PT,r0010w0010,StateSpace,03,30,3,GEN,UNKNOWN
2418,RwMutex,PT,r0010w0020,StateSpace,00,1044,3,GEN,UNKNOWN
2419,RwMutex,PT,r0010w0020,StateSpace,02,1,3,GEN,UNKNOWN
2420,RwMutex,PT,r0010w0020,StateSpace,03,40,3,GEN,UNKNOWN
2421,RwMutex,PT,r0010w0050,StateSpace,00,1074,3,GEN,UNKNOWN
2422,RwMutex,PT,r0010w0050,StateSpace,02,1,3,GEN,UNKNOWN
2423,RwMutex,PT,r0010w0050,StateSpace,03,70,3,GEN,UNKNOWN
2424,RwMutex,PT,r0010w0100,StateSpace,00,1124,3,GEN,UNKNOWN
2425,RwMutex,PT,r0010w0100,StateSpace,02,1,3,GEN,UNKNOWN
2426,RwMutex,PT,r0010w0100,StateSpace,03,120,3,GEN,UNKNOWN
2427,RwMutex,PT,r0010w0500,StateSpace,00,1524,3,GEN,UNKNOWN
2428,RwMutex,PT,r0010w0500,StateSpace,02,1,3,GEN,UNKNOWN
2429,RwMutex,PT,r0010w0500,StateSpace,03,520,3,GEN,UNKNOWN
2430,RwMutex,PT,r0010w1000,StateSpace,00,2024,3,GEN,UNKNOWN
2431,RwMutex,PT,r0010w1000,StateSpace,02,1,3,GEN,UNKNOWN
2432,RwMutex,PT,r0010w1000,StateSpace,03,1020,3,GEN,UNKNOWN
2433,RwMutex,PT,r0010w2000,StateSpace,00,3024,3,GEN,UNKNOWN
2434,RwMutex,PT,r0010w2000,StateSpace,02,1,3,GEN,UNKNOWN
2435,RwMutex,PT,r0010w2000,StateSpace,03,2020,3,GEN,UNKNOWN
2436,RwMutex,PT,r0020w0010,StateSpace,00,1.0486E+0006,3,GEN,UNKNOWN
2437,RwMutex,PT,r0020w0010,StateSpace,02,1,3,GEN,UNKNOWN
2438,RwMutex,PT,r0020w0010,StateSpace,03,50,3,GEN,UNKNOWN
2439,RwMutex,PT,r0100w0010,StateSpace,00,1.2677E+0030,3,GEN,UNKNOWN
2440,RwMutex,PT,r0100w0010,StateSpace,02,1,3,GEN,UNKNOWN
2441,RwMutex,PT,r0100w0010,StateSpace,03,210,3,GEN,UNKNOWN
2442,RwMutex,PT,r0500w0010,StateSpace,00,3.2734E+0150,3,GEN,UNKNOWN
2443,RwMutex,PT,r0500w0010,StateSpace,02,1,3,GEN,UNKNOWN
2444,RwMutex,PT,r0500w0010,StateSpace,03,1010,3,GEN,UNKNOWN
2445,RwMutex,PT,r1000w0010,StateSpace,00,1.0715E+0301,3,GEN,UNKNOWN
2446,RwMutex,PT,r1000w0010,StateSpace,02,1,3,GEN,UNKNOWN
2447,RwMutex,PT,r1000w0010,StateSpace,03,2010,3,GEN,UNKNOWN
2448,SafeBus,COL,03,StateSpace,00,4650,3,NONE,UNKNOWN
2449,SafeBus,COL,03,StateSpace,02,1,3,NONE,UNKNOWN
2450,SafeBus,COL,03,StateSpace,03,14,3,NONE,UNKNOWN
2451,SafeBus,COL,06,StateSpace,00,6.8168E+0006,3,NONE,UNKNOWN
2452,SafeBus,COL,06,StateSpace,02,1,3,NONE,UNKNOWN
2453,SafeBus,COL,06,StateSpace,03,23,3,NONE,UNKNOWN
2454,SafeBus,PT,03,StateSpace,00,4650,3,GEN,UNKNOWN
2455,SafeBus,PT,03,StateSpace,02,1,3,GEN,UNKNOWN
2456,SafeBus,PT,03,StateSpace,03,14,3,GEN,UNKNOWN
2457,SafeBus,PT,06,StateSpace,00,6.8168E+0006,3,GEN,UNKNOWN
2458,SafeBus,PT,06,StateSpace,02,1,3,GEN,UNKNOWN
2459,SafeBus,PT,06,StateSpace,03,23,3,GEN,UNKNOWN
2460,SatelliteMemory,PT,X00100Y0003,StateSpace,00,76358,3,NONE,UNKNOWN
2461,SatelliteMemory,PT,X00100Y0003,StateSpace,02,100,3,NONE,UNKNOWN
2462,SatelliteMemory,PT,X00100Y0003,StateSpace,03,298,3,NONE,UNKNOWN
2463,SatelliteMemory,PT,X01000Y0032,StateSpace,00,7.4995E+0006,3,NONE,UNKNOWN
2464,SatelliteMemory,PT,X01000Y0032,StateSpace,02,1000,3,NONE,UNKNOWN
2465,SatelliteMemory,PT,X01000Y0032,StateSpace,03,2940,3,NONE,UNKNOWN
2466,SatelliteMemory,PT,X01500Y0046,StateSpace,00,1.6913E+0007,3,NONE,UNKNOWN
2467,SatelliteMemory,PT,X01500Y0046,StateSpace,02,1500,3,NONE,UNKNOWN
2468,SatelliteMemory,PT,X01500Y0046,StateSpace,03,4412,3,NONE,UNKNOWN
2469,ServersAndClients,PT,100020,StateSpace,00,2201,3,GEN,UNKNOWN
2470,ServersAndClients,PT,100020,StateSpace,02,1,3,GEN,UNKNOWN
2471,ServersAndClients,PT,100020,StateSpace,03,121,3,GEN,UNKNOWN
2472,ServersAndClients,PT,100040,StateSpace,00,4201,3,GEN,UNKNOWN
2473,ServersAndClients,PT,100040,StateSpace,02,1,3,GEN,UNKNOWN
2474,ServersAndClients,PT,100040,StateSpace,03,141,3,GEN,UNKNOWN
2475,ServersAndClients,PT,100080,StateSpace,00,8201,3,GEN,UNKNOWN
2476,ServersAndClients,PT,100080,StateSpace,02,1,3,GEN,UNKNOWN
2477,ServersAndClients,PT,100080,StateSpace,03,181,3,GEN,UNKNOWN
2478,ServersAndClients,PT,100160,StateSpace,00,16201,3,GEN,UNKNOWN
2479,ServersAndClients,PT,100160,StateSpace,02,1,3,GEN,UNKNOWN
2480,ServersAndClients,PT,100160,StateSpace,03,261,3,GEN,UNKNOWN
2481,ServersAndClients,PT,100320,StateSpace,00,32201,3,GEN,UNKNOWN
2482,ServersAndClients,PT,100320,StateSpace,02,1,3,GEN,UNKNOWN
2483,ServersAndClients,PT,100320,StateSpace,03,421,3,GEN,UNKNOWN
2484,ServersAndClients,PT,200040,StateSpace,00,8401,3,GEN,UNKNOWN
2485,ServersAndClients,PT,200040,StateSpace,02,1,3,GEN,UNKNOWN
2486,ServersAndClients,PT,200040,StateSpace,03,241,3,GEN,UNKNOWN
2487,ServersAndClients,PT,200080,StateSpace,00,16401,3,GEN,UNKNOWN
2488,ServersAndClients,PT,200080,StateSpace,02,1,3,GEN,UNKNOWN
2489,ServersAndClients,PT,200080,StateSpace,03,281,3,GEN,UNKNOWN
2490,ServersAndClients,PT,400080,StateSpace,00,32801,3,GEN,UNKNOWN
2491,ServersAndClients,PT,400080,StateSpace,02,1,3,GEN,UNKNOWN
2492,ServersAndClients,PT,400080,StateSpace,03,481,3,GEN,UNKNOWN
2493,SharedMemory,COL,000005,StateSpace,00,1863,3,NONE,UNKNOWN
2494,SharedMemory,COL,000005,StateSpace,02,1,3,NONE,UNKNOWN
2495,SharedMemory,COL,000005,StateSpace,03,11,3,NONE,UNKNOWN
2496,SharedMemory,COL,000010,StateSpace,00,1.8305E+0006,3,NONE,UNKNOWN
2497,SharedMemory,COL,000010,StateSpace,02,1,3,NONE,UNKNOWN
2498,SharedMemory,COL,000010,StateSpace,03,21,3,NONE,UNKNOWN
2499,SharedMemory,COL,000020,StateSpace,00,4.4515E+0011,3,NONE,UNKNOWN
2500,SharedMemory,COL,000020,StateSpace,02,1,3,NONE,UNKNOWN
2501,SharedMemory,COL,000020,StateSpace,03,41,3,NONE,UNKNOWN
2502,SharedMemory,COL,000050,StateSpace,00,5.8700E+0026,3,NONE,UNKNOWN
2503,SharedMemory,COL,000050,StateSpace,02,1,3,NONE,UNKNOWN
2504,SharedMemory,COL,000050,StateSpace,03,101,3,NONE,UNKNOWN
2505,SharedMemory,COL,000100,StateSpace,00,1.7013E+0051,3,NONE,UNKNOWN
2506,SharedMemory,COL,000100,StateSpace,02,1,3,NONE,UNKNOWN
2507,SharedMemory,COL,000100,StateSpace,03,201,3,NONE,UNKNOWN
2508,SharedMemory,PT,000005,StateSpace,00,1863,3,GEN,UNKNOWN
2509,SharedMemory,PT,000005,StateSpace,02,1,3,GEN,UNKNOWN
2510,SharedMemory,PT,000005,StateSpace,03,11,3,GEN,UNKNOWN
2511,SharedMemory,PT,000010,StateSpace,00,1.8305E+0006,3,GEN,UNKNOWN
2512,SharedMemory,PT,000010,StateSpace,02,1,3,GEN,UNKNOWN
2513,SharedMemory,PT,000010,StateSpace,03,21,3,GEN,UNKNOWN
2514,SharedMemory,PT,000020,StateSpace,00,4.4515E+0011,3,GEN,UNKNOWN
2515,SharedMemory,PT,000020,StateSpace,02,1,3,GEN,UNKNOWN
2516,SharedMemory,PT,000020,StateSpace,03,41,3,GEN,UNKNOWN
2517,SharedMemory,PT,000050,StateSpace,00,5.8700E+0026,3,GEN,UNKNOWN
2518,SharedMemory,PT,000050,StateSpace,02,1,3,GEN,UNKNOWN
2519,SharedMemory,PT,000050,StateSpace,03,101,3,GEN,UNKNOWN
2520,SharedMemory,PT,000100,StateSpace,00,1.7013E+0051,3,GEN,UNKNOWN
2521,SharedMemory,PT,000100,StateSpace,02,1,3,GEN,UNKNOWN
2522,SharedMemory,PT,000100,StateSpace,03,201,3,GEN,UNKNOWN
2523,ShieldIIPs,PT,001A,StateSpace,00,9143,3,NUPN,UNKNOWN
2524,ShieldIIPs,PT,001A,StateSpace,02,1,3,NUPN,UNKNOWN
2525,ShieldIIPs,PT,001A,StateSpace,03,10,3,NUPN,UNKNOWN
2526,ShieldIIPs,PT,001B,StateSpace,00,863505,3,NUPN,UNKNOWN
2527,ShieldIIPs,PT,001B,StateSpace,02,1,3,NUPN,UNKNOWN
2528,ShieldIIPs,PT,001B,StateSpace,03,10,3,NUPN,UNKNOWN
2529,ShieldIIPs,PT,002A,StateSpace,00,4.3960E+0007,3,NUPN,UNKNOWN
2530,ShieldIIPs,PT,002A,StateSpace,02,1,3,NUPN,UNKNOWN
2531,ShieldIIPs,PT,002A,StateSpace,03,19,3,NUPN,UNKNOWN
2532,ShieldIIPs,PT,002B,StateSpace,00,2.5877E+0011,3,NUPN,UNKNOWN
2533,ShieldIIPs,PT,002B,StateSpace,02,1,3,NUPN,UNKNOWN
2534,ShieldIIPs,PT,002B,StateSpace,03,19,3,NUPN,UNKNOWN
2535,ShieldIIPs,PT,003A,StateSpace,00,2.1166E+0011,3,NUPN,UNKNOWN
2536,ShieldIIPs,PT,003A,StateSpace,02,1,3,NUPN,UNKNOWN
2537,ShieldIIPs,PT,003A,StateSpace,03,28,3,NUPN,UNKNOWN
2538,ShieldIIPs,PT,003B,StateSpace,00,7.8269E+0016,3,NUPN,UNKNOWN
2539,ShieldIIPs,PT,003B,StateSpace,02,1,3,NUPN,UNKNOWN
2540,ShieldIIPs,PT,003B,StateSpace,03,28,3,NUPN,UNKNOWN
2541,ShieldIIPs,PT,004A,StateSpace,00,1.0191E+0015,3,NUPN,UNKNOWN
2542,ShieldIIPs,PT,004A,StateSpace,02,1,3,NUPN,UNKNOWN
2543,ShieldIIPs,PT,004A,StateSpace,03,37,3,NUPN,UNKNOWN
2544,ShieldIIPs,PT,005A,StateSpace,00,4.9070E+0018,3,NUPN,UNKNOWN
2545,ShieldIIPs,PT,005A,StateSpace,02,1,3,NUPN,UNKNOWN
2546,ShieldIIPs,PT,005A,StateSpace,03,46,3,NUPN,UNKNOWN
2547,ShieldIIPt,PT,001A,StateSpace,00,1281,3,NUPN,UNKNOWN
2548,ShieldIIPt,PT,001A,StateSpace,02,1,3,NUPN,UNKNOWN
2549,ShieldIIPt,PT,001A,StateSpace,03,10,3,NUPN,UNKNOWN
2550,ShieldIIPt,PT,001B,StateSpace,00,3.2602E+0006,3,NUPN,UNKNOWN
2551,ShieldIIPt,PT,001B,StateSpace,02,1,3,NUPN,UNKNOWN
2552,ShieldIIPt,PT,001B,StateSpace,03,10,3,NUPN,UNKNOWN
2553,ShieldIIPt,PT,002A,StateSpace,00,819201,3,NUPN,UNKNOWN
2554,ShieldIIPt,PT,002A,StateSpace,02,1,3,NUPN,UNKNOWN
2555,ShieldIIPt,PT,002A,StateSpace,03,19,3,NUPN,UNKNOWN
2556,ShieldIIPt,PT,002B,StateSpace,00,3.4077E+0012,3,NUPN,UNKNOWN
2557,ShieldIIPt,PT,002B,StateSpace,02,1,3,NUPN,UNKNOWN
2558,ShieldIIPt,PT,002B,StateSpace,03,19,3,NUPN,UNKNOWN
2559,ShieldIIPt,PT,003A,StateSpace,00,5.2429E+0008,3,NUPN,UNKNOWN
2560,ShieldIIPt,PT,003A,StateSpace,02,1,3,NUPN,UNKNOWN
2561,ShieldIIPt,PT,003A,StateSpace,03,28,3,NUPN,UNKNOWN
2562,ShieldIIPt,PT,003B,StateSpace,00,3.5255E+0018,3,NUPN,UNKNOWN
2563,ShieldIIPt,PT,003B,StateSpace,02,1,3,NUPN,UNKNOWN
2564,ShieldIIPt,PT,003B,StateSpace,03,28,3,NUPN,UNKNOWN
2565,ShieldIIPt,PT,004A,StateSpace,00,3.3554E+0011,3,NUPN,UNKNOWN
2566,ShieldIIPt,PT,004A,StateSpace,02,1,3,NUPN,UNKNOWN
2567,ShieldIIPt,PT,004A,StateSpace,03,37,3,NUPN,UNKNOWN
2568,ShieldIIPt,PT,004B,StateSpace,00,3.6463E+0024,3,NUPN,UNKNOWN
2569,ShieldIIPt,PT,004B,StateSpace,02,1,3,NUPN,UNKNOWN
2570,ShieldIIPt,PT,004B,StateSpace,03,37,3,NUPN,UNKNOWN
2571,ShieldIIPt,PT,005A,StateSpace,00,2.1475E+0014,3,NUPN,UNKNOWN
2572,ShieldIIPt,PT,005A,StateSpace,02,1,3,NUPN,UNKNOWN
2573,ShieldIIPt,PT,005A,StateSpace,03,46,3,NUPN,UNKNOWN
2574,ShieldIIPt,PT,005B,StateSpace,00,3.7712E+0030,3,NUPN,UNKNOWN
2575,ShieldIIPt,PT,005B,StateSpace,02,1,3,NUPN,UNKNOWN
2576,ShieldIIPt,PT,005B,StateSpace,03,46,3,NUPN,UNKNOWN
2577,ShieldIIPt,PT,010A,StateSpace,00,2.3058E+0028,3,NUPN,UNKNOWN
2578,ShieldIIPt,PT,010A,StateSpace,02,1,3,NUPN,UNKNOWN
2579,ShieldIIPt,PT,010A,StateSpace,03,91,3,NUPN,UNKNOWN
2580,ShieldIIPt,PT,020A,StateSpace,00,2.6585E+0056,3,NUPN,UNKNOWN
2581,ShieldIIPt,PT,020A,StateSpace,02,1,3,NUPN,UNKNOWN
2582,ShieldIIPt,PT,020A,StateSpace,03,181,3,NUPN,UNKNOWN
2583,ShieldIIPt,PT,030A,StateSpace,00,3.0650E+0084,3,NUPN,UNKNOWN
2584,ShieldIIPt,PT,030A,StateSpace,02,1,3,NUPN,UNKNOWN
2585,ShieldIIPt,PT,030A,StateSpace,03,271,3,NUPN,UNKNOWN
2586,ShieldIIPt,PT,040A,StateSpace,00,3.5337E+0112,3,NUPN,UNKNOWN
2587,ShieldIIPt,PT,040A,StateSpace,02,1,3,NUPN,UNKNOWN
2588,ShieldIIPt,PT,040A,StateSpace,03,361,3,NUPN,UNKNOWN
2589,ShieldIIPt,PT,050A,StateSpace,00,4.0741E+0140,3,NUPN,UNKNOWN
2590,ShieldIIPt,PT,050A,StateSpace,02,1,3,NUPN,UNKNOWN
2591,ShieldIIPt,PT,050A,StateSpace,03,451,3,NUPN,UNKNOWN
2592,ShieldIIPt,PT,100A,StateSpace,00,8.2990E+0280,3,NUPN,UNKNOWN
2593,ShieldIIPt,PT,100A,StateSpace,02,1,3,NUPN,UNKNOWN
2594,ShieldIIPt,PT,100A,StateSpace,03,901,3,NUPN,UNKNOWN
2595,ShieldPPPs,PT,001A,StateSpace,00,61496,3,NUPN,UNKNOWN
2596,ShieldPPPs,PT,001A,StateSpace,02,1,3,NUPN,UNKNOWN
2597,ShieldPPPs,PT,001A,StateSpace,03,12,3,NUPN,UNKNOWN
2598,ShieldPPPs,PT,001B,StateSpace,00,5.2130E+0006,3,NUPN,UNKNOWN
2599,ShieldPPPs,PT,001B,StateSpace,02,1,3,NUPN,UNKNOWN
2600,ShieldPPPs,PT,001B,StateSpace,03,12,3,NUPN,UNKNOWN
2601,ShieldPPPs,PT,002A,StateSpace,00,1.9400E+0009,3,NUPN,UNKNOWN
2602,ShieldPPPs,PT,002A,StateSpace,02,1,3,NUPN,UNKNOWN
2603,ShieldPPPs,PT,002A,StateSpace,03,23,3,NUPN,UNKNOWN
2604,ShieldPPPs,PT,002B,StateSpace,00,9.0867E+0012,3,NUPN,UNKNOWN
2605,ShieldPPPs,PT,002B,StateSpace,02,1,3,NUPN,UNKNOWN
2606,ShieldPPPs,PT,002B,StateSpace,03,23,3,NUPN,UNKNOWN
2607,ShieldPPPs,PT,003A,StateSpace,00,6.1293E+0013,3,NUPN,UNKNOWN
2608,ShieldPPPs,PT,003A,StateSpace,02,1,3,NUPN,UNKNOWN
2609,ShieldPPPs,PT,003A,StateSpace,03,34,3,NUPN,UNKNOWN
2610,ShieldPPPs,PT,003B,StateSpace,00,1.5977E+0019,3,NUPN,UNKNOWN
2611,ShieldPPPs,PT,003B,StateSpace,02,1,3,NUPN,UNKNOWN
2612,ShieldPPPs,PT,003B,StateSpace,03,34,3,NUPN,UNKNOWN
2613,ShieldPPPs,PT,004A,StateSpace,00,1.9367E+0018,3,NUPN,UNKNOWN
2614,ShieldPPPs,PT,004A,StateSpace,02,1,3,NUPN,UNKNOWN
2615,ShieldPPPs,PT,004A,StateSpace,03,45,3,NUPN,UNKNOWN
2616,ShieldPPPs,PT,005A,StateSpace,00,6.1196E+0022,3,NUPN,UNKNOWN
2617,ShieldPPPs,PT,005A,StateSpace,02,1,3,NUPN,UNKNOWN
2618,ShieldPPPs,PT,005A,StateSpace,03,56,3,NUPN,UNKNOWN
2619,ShieldPPPt,PT,001A,StateSpace,00,8001,3,NUPN,UNKNOWN
2620,ShieldPPPt,PT,001A,StateSpace,02,1,3,NUPN,UNKNOWN
2621,ShieldPPPt,PT,001A,StateSpace,03,12,3,NUPN,UNKNOWN
2622,ShieldPPPt,PT,001B,StateSpace,00,1.7903E+0007,3,NUPN,UNKNOWN
2623,ShieldPPPt,PT,001B,StateSpace,02,1,3,NUPN,UNKNOWN
2624,ShieldPPPt,PT,001B,StateSpace,03,12,3,NUPN,UNKNOWN
2625,ShieldPPPt,PT,002A,StateSpace,00,3.2000E+0007,3,NUPN,UNKNOWN
2626,ShieldPPPt,PT,002A,StateSpace,02,1,3,NUPN,UNKNOWN
2627,ShieldPPPt,PT,002A,StateSpace,03,23,3,NUPN,UNKNOWN
2628,ShieldPPPt,PT,002B,StateSpace,00,1.0017E+0014,3,NUPN,UNKNOWN
2629,ShieldPPPt,PT,002B,StateSpace,02,1,3,NUPN,UNKNOWN
2630,ShieldPPPt,PT,002B,StateSpace,03,23,3,NUPN,UNKNOWN
2631,ShieldPPPt,PT,003A,StateSpace,00,1.2800E+0011,3,NUPN,UNKNOWN
2632,ShieldPPPt,PT,003A,StateSpace,02,1,3,NUPN,UNKNOWN
2633,ShieldPPPt,PT,003A,StateSpace,03,34,3,NUPN,UNKNOWN
2634,ShieldPPPt,PT,003B,StateSpace,00,5.5733E+0020,3,NUPN,UNKNOWN
2635,ShieldPPPt,PT,003B,StateSpace,02,1,3,NUPN,UNKNOWN
2636,ShieldPPPt,PT,003B,StateSpace,03,34,3,NUPN,UNKNOWN
2637,ShieldPPPt,PT,004A,StateSpace,00,5.1200E+0014,3,NUPN,UNKNOWN
2638,ShieldPPPt,PT,004A,StateSpace,02,1,3,NUPN,UNKNOWN
2639,ShieldPPPt,PT,004A,StateSpace,03,45,3,NUPN,UNKNOWN
2640,ShieldPPPt,PT,004B,StateSpace,00,3.1007E+0027,3,NUPN,UNKNOWN
2641,ShieldPPPt,PT,004B,StateSpace,02,1,3,NUPN,UNKNOWN
2642,ShieldPPPt,PT,004B,StateSpace,03,45,3,NUPN,UNKNOWN
2643,ShieldPPPt,PT,005A,StateSpace,00,2.0480E+0018,3,NUPN,UNKNOWN
2644,ShieldPPPt,PT,005A,StateSpace,02,1,3,NUPN,UNKNOWN
2645,ShieldPPPt,PT,005A,StateSpace,03,56,3,NUPN,UNKNOWN
2646,ShieldPPPt,PT,005B,StateSpace,00,1.7251E+0034,3,NUPN,UNKNOWN
2647,ShieldPPPt,PT,005B,StateSpace,02,1,3,NUPN,UNKNOWN
2648,ShieldPPPt,PT,005B,StateSpace,03,56,3,NUPN,UNKNOWN
2649,ShieldPPPt,PT,010A,StateSpace,00,2.0972E+0036,3,NUPN,UNKNOWN
2650,ShieldPPPt,PT,010A,StateSpace,02,1,3,NUPN,UNKNOWN
2651,ShieldPPPt,PT,010A,StateSpace,03,111,3,NUPN,UNKNOWN
2652,ShieldPPPt,PT,020A,StateSpace,00,2.1990E+0072,3,NUPN,UNKNOWN
2653,ShieldPPPt,PT,020A,StateSpace,02,1,3,NUPN,UNKNOWN
2654,ShieldPPPt,PT,020A,StateSpace,03,221,3,NUPN,UNKNOWN
2655,ShieldPPPt,PT,030A,StateSpace,00,2.3058E+0108,3,NUPN,UNKNOWN
2656,ShieldPPPt,PT,030A,StateSpace,02,1,3,NUPN,UNKNOWN
2657,ShieldPPPt,PT,030A,StateSpace,03,331,3,NUPN,UNKNOWN
2658,ShieldPPPt,PT,040A,StateSpace,00,2.4179E+0144,3,NUPN,UNKNOWN
2659,ShieldPPPt,PT,040A,StateSpace,02,1,3,NUPN,UNKNOWN
2660,ShieldPPPt,PT,040A,StateSpace,03,441,3,NUPN,UNKNOWN
2661,ShieldPPPt,PT,050A,StateSpace,00,2.5353E+0180,3,NUPN,UNKNOWN
2662,ShieldPPPt,PT,050A,StateSpace,02,1,3,NUPN,UNKNOWN
2663,ShieldPPPt,PT,050A,StateSpace,03,551,3,NUPN,UNKNOWN
2664,ShieldPPPt,PT,100A,StateSpace,00,+Inf********,3,NUPN,UNKNOWN
2665,ShieldPPPt,PT,100A,StateSpace,02,1,3,NUPN,UNKNOWN
2666,ShieldPPPt,PT,100A,StateSpace,03,1101,3,NUPN,UNKNOWN
2667,ShieldRVs,PT,001A,StateSpace,00,171,3,NUPN,UNKNOWN
2668,ShieldRVs,PT,001A,StateSpace,02,1,3,NUPN,UNKNOWN
2669,ShieldRVs,PT,001A,StateSpace,03,5,3,NUPN,UNKNOWN
2670,ShieldRVs,PT,001B,StateSpace,00,3596,3,NUPN,UNKNOWN
2671,ShieldRVs,PT,001B,StateSpace,02,1,3,NUPN,UNKNOWN
2672,ShieldRVs,PT,001B,StateSpace,03,5,3,NUPN,UNKNOWN
2673,ShieldRVs,PT,002A,StateSpace,00,16021,3,NUPN,UNKNOWN
2674,ShieldRVs,PT,002A,StateSpace,02,1,3,NUPN,UNKNOWN
2675,ShieldRVs,PT,002A,StateSpace,03,9,3,NUPN,UNKNOWN
2676,ShieldRVs,PT,002B,StateSpace,00,4.2615E+0006,3,NUPN,UNKNOWN
2677,ShieldRVs,PT,002B,StateSpace,02,1,3,NUPN,UNKNOWN
2678,ShieldRVs,PT,002B,StateSpace,03,9,3,NUPN,UNKNOWN
2679,ShieldRVs,PT,003A,StateSpace,00,1.5305E+0006,3,NUPN,UNKNOWN
2680,ShieldRVs,PT,003A,StateSpace,02,1,3,NUPN,UNKNOWN
2681,ShieldRVs,PT,003A,StateSpace,03,13,3,NUPN,UNKNOWN
2682,ShieldRVs,PT,003B,StateSpace,00,5.2813E+0009,3,NUPN,UNKNOWN
2683,ShieldRVs,PT,003B,StateSpace,02,1,3,NUPN,UNKNOWN
2684,ShieldRVs,PT,003B,StateSpace,03,13,3,NUPN,UNKNOWN
2685,ShieldRVs,PT,004A,StateSpace,00,1.4637E+0008,3,NUPN,UNKNOWN
2686,ShieldRVs,PT,004A,StateSpace,02,1,3,NUPN,UNKNOWN
2687,ShieldRVs,PT,004A,StateSpace,03,17,3,NUPN,UNKNOWN
2688,ShieldRVs,PT,004B,StateSpace,00,6.6151E+0012,3,NUPN,UNKNOWN
2689,ShieldRVs,PT,004B,StateSpace,02,1,3,NUPN,UNKNOWN
2690,ShieldRVs,PT,004B,StateSpace,03,17,3,NUPN,UNKNOWN
2691,ShieldRVs,PT,005A,StateSpace,00,1.4001E+0010,3,NUPN,UNKNOWN
2692,ShieldRVs,PT,005A,StateSpace,02,1,3,NUPN,UNKNOWN
2693,ShieldRVs,PT,005A,StateSpace,03,21,3,NUPN,UNKNOWN
2694,ShieldRVs,PT,005B,StateSpace,00,8.3086E+0015,3,NUPN,UNKNOWN
2695,ShieldRVs,PT,005B,StateSpace,02,1,3,NUPN,UNKNOWN
2696,ShieldRVs,PT,005B,StateSpace,03,21,3,NUPN,UNKNOWN
2697,ShieldRVs,PT,010A,StateSpace,00,1.1214E+0020,3,NUPN,UNKNOWN
2698,ShieldRVs,PT,010A,StateSpace,02,1,3,NUPN,UNKNOWN
2699,ShieldRVs,PT,010A,StateSpace,03,41,3,NUPN,UNKNOWN
2700,ShieldRVs,PT,010B,StateSpace,02,1,3,NUPN,UNKNOWN
2701,ShieldRVs,PT,010B,StateSpace,03,41,3,NUPN,UNKNOWN
2702,ShieldRVs,PT,020A,StateSpace,00,7.1936E+0039,3,NUPN,UNKNOWN
2703,ShieldRVs,PT,020A,StateSpace,02,1,3,NUPN,UNKNOWN
2704,ShieldRVs,PT,020A,StateSpace,03,81,3,NUPN,UNKNOWN
2705,ShieldRVs,PT,030A,StateSpace,00,4.6146E+0059,3,NUPN,UNKNOWN
2706,ShieldRVs,PT,030A,StateSpace,02,1,3,NUPN,UNKNOWN
2707,ShieldRVs,PT,030A,StateSpace,03,121,3,NUPN,UNKNOWN
2708,ShieldRVs,PT,040A,StateSpace,00,2.9602E+0079,3,NUPN,UNKNOWN
2709,ShieldRVs,PT,040A,StateSpace,02,1,3,NUPN,UNKNOWN
2710,ShieldRVs,PT,040A,StateSpace,03,161,3,NUPN,UNKNOWN
2711,ShieldRVs,PT,050A,StateSpace,00,1.8989E+0099,3,NUPN,UNKNOWN
2712,ShieldRVs,PT,050A,StateSpace,02,1,3,NUPN,UNKNOWN
2713,ShieldRVs,PT,050A,StateSpace,03,201,3,NUPN,UNKNOWN
2714,ShieldRVs,PT,100A,StateSpace,00,2.0627E+0198,3,NUPN,UNKNOWN
2715,ShieldRVs,PT,100A,StateSpace,02,1,3,NUPN,UNKNOWN
2716,ShieldRVs,PT,100A,StateSpace,03,401,3,NUPN,UNKNOWN
2717,ShieldRVt,PT,001A,StateSpace,00,33,3,NUPN,UNKNOWN
2718,ShieldRVt,PT,001A,StateSpace,02,1,3,NUPN,UNKNOWN
2719,ShieldRVt,PT,001A,StateSpace,03,5,3,NUPN,UNKNOWN
2720,ShieldRVt,PT,001B,StateSpace,00,21947,3,NUPN,UNKNOWN
2721,ShieldRVt,PT,001B,StateSpace,02,1,3,NUPN,UNKNOWN
2722,ShieldRVt,PT,001B,StateSpace,03,5,3,NUPN,UNKNOWN
2723,ShieldRVt,PT,002A,StateSpace,00,513,3,NUPN,UNKNOWN
2724,ShieldRVt,PT,002A,StateSpace,02,1,3,NUPN,UNKNOWN
2725,ShieldRVt,PT,002A,StateSpace,03,9,3,NUPN,UNKNOWN
2726,ShieldRVt,PT,002B,StateSpace,00,1.6528E+0008,3,NUPN,UNKNOWN
2727,ShieldRVt,PT,002B,StateSpace,02,1,3,NUPN,UNKNOWN
2728,ShieldRVt,PT,002B,StateSpace,03,9,3,NUPN,UNKNOWN
2729,ShieldRVt,PT,003A,StateSpace,00,8193,3,NUPN,UNKNOWN
2730,ShieldRVt,PT,003A,StateSpace,02,1,3,NUPN,UNKNOWN
2731,ShieldRVt,PT,003A,StateSpace,03,13,3,NUPN,UNKNOWN
2732,ShieldRVt,PT,003B,StateSpace,00,1.2269E+0012,3,NUPN,UNKNOWN
2733,ShieldRVt,PT,003B,StateSpace,02,1,3,NUPN,UNKNOWN
2734,ShieldRVt,PT,003B,StateSpace,03,13,3,NUPN,UNKNOWN
2735,ShieldRVt,PT,004A,StateSpace,00,131073,3,NUPN,UNKNOWN
2736,ShieldRVt,PT,004A,StateSpace,02,1,3,NUPN,UNKNOWN
2737,ShieldRVt,PT,004A,StateSpace,03,17,3,NUPN,UNKNOWN
2738,ShieldRVt,PT,004B,StateSpace,00,9.0871E+0015,3,NUPN,UNKNOWN
2739,ShieldRVt,PT,004B,StateSpace,02,1,3,NUPN,UNKNOWN
2740,ShieldRVt,PT,004B,StateSpace,03,17,3,NUPN,UNKNOWN
2741,ShieldRVt,PT,005A,StateSpace,00,2.0972E+0006,3,NUPN,UNKNOWN
2742,ShieldRVt,PT,005A,StateSpace,02,1,3,NUPN,UNKNOWN
2743,ShieldRVt,PT,005A,StateSpace,03,21,3,NUPN,UNKNOWN
2744,ShieldRVt,PT,005B,StateSpace,00,6.7276E+0019,3,NUPN,UNKNOWN
2745,ShieldRVt,PT,005B,StateSpace,02,1,3,NUPN,UNKNOWN
2746,ShieldRVt,PT,005B,StateSpace,03,21,3,NUPN,UNKNOWN
2747,ShieldRVt,PT,010A,StateSpace,00,2.1990E+0012,3,NUPN,UNKNOWN
2748,ShieldRVt,PT,010A,StateSpace,02,1,3,NUPN,UNKNOWN
2749,ShieldRVt,PT,010A,StateSpace,03,41,3,NUPN,UNKNOWN
2750,ShieldRVt,PT,010B,StateSpace,00,1.4954E+0039,3,NUPN,UNKNOWN
2751,ShieldRVt,PT,010B,StateSpace,02,1,3,NUPN,UNKNOWN
2752,ShieldRVt,PT,010B,StateSpace,03,41,3,NUPN,UNKNOWN
2753,ShieldRVt,PT,020A,StateSpace,00,2.4179E+0024,3,NUPN,UNKNOWN
2754,ShieldRVt,PT,020A,StateSpace,02,1,3,NUPN,UNKNOWN
2755,ShieldRVt,PT,020A,StateSpace,03,81,3,NUPN,UNKNOWN
2756,ShieldRVt,PT,030A,StateSpace,00,2.6585E+0036,3,NUPN,UNKNOWN
2757,ShieldRVt,PT,030A,StateSpace,02,1,3,NUPN,UNKNOWN
2758,ShieldRVt,PT,030A,StateSpace,03,121,3,NUPN,UNKNOWN
2759,ShieldRVt,PT,040A,StateSpace,00,2.9230E+0048,3,NUPN,UNKNOWN
2760,ShieldRVt,PT,040A,StateSpace,02,1,3,NUPN,UNKNOWN
2761,ShieldRVt,PT,040A,StateSpace,03,161,3,NUPN,UNKNOWN
2762,ShieldRVt,PT,050A,StateSpace,00,3.2139E+0060,3,NUPN,UNKNOWN
2763,ShieldRVt,PT,050A,StateSpace,02,1,3,NUPN,UNKNOWN
2764,ShieldRVt,PT,050A,StateSpace,03,201,3,NUPN,UNKNOWN
2765,ShieldRVt,PT,100A,StateSpace,00,5.1645E+0120,3,NUPN,UNKNOWN
2766,ShieldRVt,PT,100A,StateSpace,02,1,3,NUPN,UNKNOWN
2767,ShieldRVt,PT,100A,StateSpace,03,401,3,NUPN,UNKNOWN
2768,SieveSingleMsgMbox,PT,d0m04,StateSpace,00,702,3,NONE,UNKNOWN
2769,SieveSingleMsgMbox,PT,d0m04,StateSpace,02,4,3,NONE,UNKNOWN
2770,SieveSingleMsgMbox,PT,d0m04,StateSpace,03,5,3,NONE,UNKNOWN
2771,SieveSingleMsgMbox,PT,d0m06,StateSpace,00,26057,3,NONE,UNKNOWN
2772,SieveSingleMsgMbox,PT,d0m06,StateSpace,02,6,3,NONE,UNKNOWN
2773,SieveSingleMsgMbox,PT,d0m06,StateSpace,03,7,3,NONE,UNKNOWN
2774,SieveSingleMsgMbox,PT,d0m18,StateSpace,00,1.3757E+0008,3,NONE,UNKNOWN
2775,SieveSingleMsgMbox,PT,d0m18,StateSpace,02,18,3,NONE,UNKNOWN
2776,SieveSingleMsgMbox,PT,d0m18,StateSpace,03,19,3,NONE,UNKNOWN
2777,SieveSingleMsgMbox,PT,d0m36,StateSpace,00,2.0798E+0010,3,NONE,UNKNOWN
2778,SieveSingleMsgMbox,PT,d0m36,StateSpace,02,36,3,NONE,UNKNOWN
2779,SieveSingleMsgMbox,PT,d0m36,StateSpace,03,37,3,NONE,UNKNOWN
2780,SieveSingleMsgMbox,PT,d0m64,StateSpace,00,1.2490E+0012,3,NONE,UNKNOWN
2781,SieveSingleMsgMbox,PT,d0m64,StateSpace,02,64,3,NONE,UNKNOWN
2782,SieveSingleMsgMbox,PT,d0m64,StateSpace,03,65,3,NONE,UNKNOWN
2783,SieveSingleMsgMbox,PT,d0m96,StateSpace,00,2.1951E+0013,3,NONE,UNKNOWN
2784,SieveSingleMsgMbox,PT,d0m96,StateSpace,02,96,3,NONE,UNKNOWN
2785,SieveSingleMsgMbox,PT,d0m96,StateSpace,03,97,3,NONE,UNKNOWN
2786,SieveSingleMsgMbox,PT,d1m04,StateSpace,00,3262,3,NONE,UNKNOWN
2787,SieveSingleMsgMbox,PT,d1m04,StateSpace,02,4,3,NONE,UNKNOWN
2788,SieveSingleMsgMbox,PT,d1m04,StateSpace,03,5,3,NONE,UNKNOWN
2789,SieveSingleMsgMbox,PT,d1m06,StateSpace,00,1.6120E+0006,3,NONE,UNKNOWN
2790,SieveSingleMsgMbox,PT,d1m06,StateSpace,02,6,3,NONE,UNKNOWN
2791,SieveSingleMsgMbox,PT,d1m06,StateSpace,03,7,3,NONE,UNKNOWN
2792,SieveSingleMsgMbox,PT,d2m04,StateSpace,00,3601,3,NONE,UNKNOWN
2793,SieveSingleMsgMbox,PT,d2m04,StateSpace,02,4,3,NONE,UNKNOWN
2794,SieveSingleMsgMbox,PT,d2m04,StateSpace,03,5,3,NONE,UNKNOWN
2795,SieveSingleMsgMbox,PT,d2m06,StateSpace,00,7.1913E+0006,3,NONE,UNKNOWN
2796,SieveSingleMsgMbox,PT,d2m06,StateSpace,02,6,3,NONE,UNKNOWN
2797,SieveSingleMsgMbox,PT,d2m06,StateSpace,03,7,3,NONE,UNKNOWN
2798,SimpleLoadBal,PT,02,StateSpace,00,832,3,GEN,UNKNOWN
2799,SimpleLoadBal,PT,02,StateSpace,02,1,3,GEN,UNKNOWN
2800,SimpleLoadBal,PT,02,StateSpace,03,11,3,GEN,UNKNOWN
2801,SimpleLoadBal,PT,05,StateSpace,00,116176,3,GEN,UNKNOWN
2802,SimpleLoadBal,PT,05,StateSpace,02,1,3,GEN,UNKNOWN
2803,SimpleLoadBal,PT,05,StateSpace,03,17,3,GEN,UNKNOWN
2804,SimpleLoadBal,PT,10,StateSpace,00,4.0603E+0008,3,GEN,UNKNOWN
2805,SimpleLoadBal,PT,10,StateSpace,02,1,3,GEN,UNKNOWN
2806,SimpleLoadBal,PT,10,StateSpace,03,27,3,GEN,UNKNOWN
2807,SimpleLoadBal,PT,15,StateSpace,00,1.3741E+0012,1,GEN,UNKNOWN
2808,SimpleLoadBal,PT,15,StateSpace,02,1,3,GEN,UNKNOWN
2809,SimpleLoadBal,PT,15,StateSpace,03,37,1,GEN,UNKNOWN
2810,SimpleLoadBal,PT,20,StateSpace,00,4.5829E+0015,1,GEN,UNKNOWN
2811,SimpleLoadBal,PT,20,StateSpace,02,1,3,GEN,UNKNOWN
2812,SimpleLoadBal,PT,20,StateSpace,03,47,1,GEN,UNKNOWN
2813,SmallOperatingSystem,PT,MT0016DC0008,StateSpace,00,16587,3,NONE,UNKNOWN
2814,SmallOperatingSystem,PT,MT0016DC0008,StateSpace,02,16,3,NONE,UNKNOWN
2815,SmallOperatingSystem,PT,MT0016DC0008,StateSpace,03,56,3,NONE,UNKNOWN
2816,SmallOperatingSystem,PT,MT0032DC0008,StateSpace,00,166515,3,NONE,UNKNOWN
2817,SmallOperatingSystem,PT,MT0032DC0008,StateSpace,02,32,3,NONE,UNKNOWN
2818,SmallOperatingSystem,PT,MT0032DC0008,StateSpace,03,88,3,NONE,UNKNOWN
2819,SmallOperatingSystem,PT,MT0032DC0016,StateSpace,00,354501,3,NONE,UNKNOWN
2820,SmallOperatingSystem,PT,MT0032DC0016,StateSpace,02,32,3,NONE,UNKNOWN
2821,SmallOperatingSystem,PT,MT0032DC0016,StateSpace,03,112,3,NONE,UNKNOWN
2822,SmallOperatingSystem,PT,MT0064DC0016,StateSpace,00,4.0779E+0006,3,NONE,UNKNOWN
2823,SmallOperatingSystem,PT,MT0064DC0016,StateSpace,02,64,3,NONE,UNKNOWN
2824,SmallOperatingSystem,PT,MT0064DC0016,StateSpace,03,176,3,NONE,UNKNOWN
2825,SmallOperatingSystem,PT,MT0064DC0032,StateSpace,00,9.1336E+0006,3,NONE,UNKNOWN
2826,SmallOperatingSystem,PT,MT0064DC0032,StateSpace,02,64,3,NONE,UNKNOWN
2827,SmallOperatingSystem,PT,MT0064DC0032,StateSpace,03,224,3,NONE,UNKNOWN
2828,SmallOperatingSystem,PT,MT0128DC0032,StateSpace,00,1.1332E+0008,3,NONE,UNKNOWN
2829,SmallOperatingSystem,PT,MT0128DC0032,StateSpace,02,128,3,NONE,UNKNOWN
2830,SmallOperatingSystem,PT,MT0128DC0032,StateSpace,03,352,3,NONE,UNKNOWN
2831,SmallOperatingSystem,PT,MT0128DC0064,StateSpace,00,2.6116E+0008,3,NONE,UNKNOWN
2832,SmallOperatingSystem,PT,MT0128DC0064,StateSpace,02,128,3,NONE,UNKNOWN
2833,SmallOperatingSystem,PT,MT0128DC0064,StateSpace,03,448,3,NONE,UNKNOWN
2834,SmallOperatingSystem,PT,MT0256DC0064,StateSpace,00,3.3724E+0009,3,NONE,UNKNOWN
2835,SmallOperatingSystem,PT,MT0256DC0064,StateSpace,02,256,3,NONE,UNKNOWN
2836,SmallOperatingSystem,PT,MT0256DC0064,StateSpace,03,704,3,NONE,UNKNOWN
2837,SmallOperatingSystem,PT,MT0256DC0128,StateSpace,00,7.8907E+0009,3,NONE,UNKNOWN
2838,SmallOperatingSystem,PT,MT0256DC0128,StateSpace,02,256,3,NONE,UNKNOWN
2839,SmallOperatingSystem,PT,MT0256DC0128,StateSpace,03,896,3,NONE,UNKNOWN
2840,SmallOperatingSystem,PT,MT0512DC0128,StateSpace,00,1.0401E+0011,3,NONE,UNKNOWN
2841,SmallOperatingSystem,PT,MT0512DC0128,StateSpace,02,512,3,NONE,UNKNOWN
2842,SmallOperatingSystem,PT,MT0512DC0128,StateSpace,03,1408,3,NONE,UNKNOWN
2843,SmallOperatingSystem,PT,MT0512DC0256,StateSpace,00,2.4529E+0011,3,NONE,UNKNOWN
2844,SmallOperatingSystem,PT,MT0512DC0256,StateSpace,02,512,3,NONE,UNKNOWN
2845,SmallOperatingSystem,PT,MT0512DC0256,StateSpace,03,1792,3,NONE,UNKNOWN
2846,SmallOperatingSystem,PT,MT1024DC0256,StateSpace,00,3.2673E+0012,3,NONE,UNKNOWN
2847,SmallOperatingSystem,PT,MT1024DC0256,StateSpace,02,1024,3,NONE,UNKNOWN
2848,SmallOperatingSystem,PT,MT1024DC0256,StateSpace,03,2816,3,NONE,UNKNOWN
2849,SmallOperatingSystem,PT,MT1024DC0512,StateSpace,00,7.7356E+0012,3,NONE,UNKNOWN
2850,SmallOperatingSystem,PT,MT1024DC0512,StateSpace,02,1024,3,NONE,UNKNOWN
2851,SmallOperatingSystem,PT,MT1024DC0512,StateSpace,03,3584,3,NONE,UNKNOWN
2852,SmartHome,PT,01,StateSpace,00,43201,3,NUPN,UNKNOWN
2853,SmartHome,PT,01,StateSpace,02,1,3,NUPN,UNKNOWN
2854,SmartHome,PT,01,StateSpace,03,18,3,NUPN,UNKNOWN
2855,SmartHome,PT,02,StateSpace,00,86401,3,NUPN,UNKNOWN
2856,SmartHome,PT,02,StateSpace,02,1,3,NUPN,UNKNOWN
2857,SmartHome,PT,02,StateSpace,03,20,3,NUPN,UNKNOWN
2858,SmartHome,PT,03,StateSpace,00,259201,3,NUPN,UNKNOWN
2859,SmartHome,PT,03,StateSpace,02,1,3,NUPN,UNKNOWN
2860,SmartHome,PT,03,StateSpace,03,22,3,NUPN,UNKNOWN
2861,SmartHome,PT,04,StateSpace,00,5.3077E+0006,3,NUPN,UNKNOWN
2862,SmartHome,PT,04,StateSpace,02,1,3,NUPN,UNKNOWN
2863,SmartHome,PT,04,StateSpace,03,7,3,NUPN,UNKNOWN
2864,SmartHome,PT,05,StateSpace,00,1.9706E+0010,3,NUPN,UNKNOWN
2865,SmartHome,PT,05,StateSpace,02,1,3,NUPN,UNKNOWN
2866,SmartHome,PT,05,StateSpace,03,10,3,NUPN,UNKNOWN
2867,SmartHome,PT,06,StateSpace,00,1.5083E+0010,3,NUPN,UNKNOWN
2868,SmartHome,PT,06,StateSpace,02,1,3,NUPN,UNKNOWN
2869,SmartHome,PT,06,StateSpace,03,9,3,NUPN,UNKNOWN
2870,SmartHome,PT,07,StateSpace,00,3.4115E+0011,3,NUPN,UNKNOWN
2871,SmartHome,PT,07,StateSpace,02,1,3,NUPN,UNKNOWN
2872,SmartHome,PT,07,StateSpace,03,10,3,NUPN,UNKNOWN
2873,SmartHome,PT,08,StateSpace,00,8.0657E+0011,3,NUPN,UNKNOWN
2874,SmartHome,PT,08,StateSpace,02,1,3,NUPN,UNKNOWN
2875,SmartHome,PT,08,StateSpace,03,11,3,NUPN,UNKNOWN
2876,SmartHome,PT,09,StateSpace,00,3.9408E+0011,3,NUPN,UNKNOWN
2877,SmartHome,PT,09,StateSpace,02,1,3,NUPN,UNKNOWN
2878,SmartHome,PT,09,StateSpace,03,10,3,NUPN,UNKNOWN
2879,SmartHome,PT,10,StateSpace,00,4.3009E+0011,3,NUPN,UNKNOWN
2880,SmartHome,PT,10,StateSpace,02,1,3,NUPN,UNKNOWN
2881,SmartHome,PT,10,StateSpace,03,11,3,NUPN,UNKNOWN
2882,SmartHome,PT,11,StateSpace,00,1.9104E+0012,3,NUPN,UNKNOWN
2883,SmartHome,PT,11,StateSpace,02,1,3,NUPN,UNKNOWN
2884,SmartHome,PT,11,StateSpace,03,12,3,NUPN,UNKNOWN
2885,SmartHome,PT,12,StateSpace,00,1.1299E+0014,3,NUPN,UNKNOWN
2886,SmartHome,PT,12,StateSpace,02,1,3,NUPN,UNKNOWN
2887,SmartHome,PT,12,StateSpace,03,13,3,NUPN,UNKNOWN
2888,SmartHome,PT,13,StateSpace,00,1.1299E+0014,3,NUPN,UNKNOWN
2889,SmartHome,PT,13,StateSpace,02,1,3,NUPN,UNKNOWN
2890,SmartHome,PT,13,StateSpace,03,13,3,NUPN,UNKNOWN
2891,SmartHome,PT,14,StateSpace,00,2.3993E+0015,3,NUPN,UNKNOWN
2892,SmartHome,PT,14,StateSpace,02,1,3,NUPN,UNKNOWN
2893,SmartHome,PT,14,StateSpace,03,14,3,NUPN,UNKNOWN
2894,SmartHome,PT,15,StateSpace,00,2.3993E+0015,3,NUPN,UNKNOWN
2895,SmartHome,PT,15,StateSpace,02,1,3,NUPN,UNKNOWN
2896,SmartHome,PT,15,StateSpace,03,14,3,NUPN,UNKNOWN
2897,SmartHome,PT,16,StateSpace,00,1.4787E+0018,3,NUPN,UNKNOWN
2898,SmartHome,PT,16,StateSpace,02,1,3,NUPN,UNKNOWN
2899,SmartHome,PT,16,StateSpace,03,16,3,NUPN,UNKNOWN
2900,SmartHome,PT,17,StateSpace,00,1.0168E+0021,3,NUPN,UNKNOWN
2901,SmartHome,PT,17,StateSpace,02,1,3,NUPN,UNKNOWN
2902,SmartHome,PT,17,StateSpace,03,18,3,NUPN,UNKNOWN
2903,SmartHome,PT,18,StateSpace,00,6.7250E+0023,3,NUPN,UNKNOWN
2904,SmartHome,PT,18,StateSpace,02,1,3,NUPN,UNKNOWN
2905,SmartHome,PT,18,StateSpace,03,20,3,NUPN,UNKNOWN
2906,SmartHome,PT,19,StateSpace,00,6.3046E+0026,3,NUPN,UNKNOWN
2907,SmartHome,PT,19,StateSpace,02,1,3,NUPN,UNKNOWN
2908,SmartHome,PT,19,StateSpace,03,22,3,NUPN,UNKNOWN
2909,Solitaire,PT,SqrNC5x5,StateSpace,00,1.6098E+0007,3,GEN,UNKNOWN
2910,Solitaire,PT,SqrNC5x5,StateSpace,02,1,3,GEN,UNKNOWN
2911,Solitaire,PT,SqrNC5x5,StateSpace,03,25,3,GEN,UNKNOWN
2912,SquareGrid,PT,020102,StateSpace,00,2.0854E+0012,3,NONE,UNKNOWN
2913,SquareGrid,PT,020102,StateSpace,02,6,3,NONE,UNKNOWN
2914,SquareGrid,PT,020102,StateSpace,03,48,3,NONE,UNKNOWN
2915,SquareGrid,PT,040204,StateSpace,00,1.0157E+0068,1,NONE,UNKNOWN
2916,SquareGrid,PT,040204,StateSpace,02,12,1,NONE,UNKNOWN
2917,SquareGrid,PT,040204,StateSpace,03,272,3,NONE,UNKNOWN
2918,StigmergyCommit,PT,02a,StateSpace,00,695,3,NUPN,UNKNOWN
2919,StigmergyCommit,PT,02a,StateSpace,02,1,3,NUPN,UNKNOWN
2920,StigmergyCommit,PT,02a,StateSpace,03,4,3,NUPN,UNKNOWN
2921,StigmergyCommit,PT,02b,StateSpace,00,1.9212E+0008,3,NUPN,UNKNOWN
2922,StigmergyCommit,PT,02b,StateSpace,02,1,3,NUPN,UNKNOWN
2923,StigmergyCommit,PT,02b,StateSpace,03,4,3,NUPN,UNKNOWN
2924,StigmergyCommit,PT,03a,StateSpace,00,4055,3,NUPN,UNKNOWN
2925,StigmergyCommit,PT,03a,StateSpace,02,1,3,NUPN,UNKNOWN
2926,StigmergyCommit,PT,03a,StateSpace,03,5,3,NUPN,UNKNOWN
2927,StigmergyCommit,PT,03b,StateSpace,00,3.5248E+0010,3,NUPN,UNKNOWN
2928,StigmergyCommit,PT,03b,StateSpace,02,1,3,NUPN,UNKNOWN
2929,StigmergyCommit,PT,03b,StateSpace,03,5,3,NUPN,UNKNOWN
2930,StigmergyCommit,PT,04a,StateSpace,00,25867,3,NUPN,UNKNOWN
2931,StigmergyCommit,PT,04a,StateSpace,02,1,3,NUPN,UNKNOWN
2932,StigmergyCommit,PT,04a,StateSpace,03,6,3,NUPN,UNKNOWN
2933,StigmergyCommit,PT,04b,StateSpace,00,6.5206E+0012,3,NUPN,UNKNOWN
2934,StigmergyCommit,PT,04b,StateSpace,02,1,3,NUPN,UNKNOWN
2935,StigmergyCommit,PT,04b,StateSpace,03,6,3,NUPN,UNKNOWN
2936,StigmergyCommit,PT,05a,StateSpace,00,171115,3,NUPN,UNKNOWN
2937,StigmergyCommit,PT,05a,StateSpace,02,1,3,NUPN,UNKNOWN
2938,StigmergyCommit,PT,05a,StateSpace,03,7,3,NUPN,UNKNOWN
2939,StigmergyCommit,PT,05b,StateSpace,00,1.2259E+0015,3,NUPN,UNKNOWN
2940,StigmergyCommit,PT,05b,StateSpace,02,1,3,NUPN,UNKNOWN
2941,StigmergyCommit,PT,05b,StateSpace,03,7,3,NUPN,UNKNOWN
2942,StigmergyCommit,PT,06a,StateSpace,00,1.1535E+0006,3,NUPN,UNKNOWN
2943,StigmergyCommit,PT,06a,StateSpace,02,1,3,NUPN,UNKNOWN
2944,StigmergyCommit,PT,06a,StateSpace,03,8,3,NUPN,UNKNOWN
2945,StigmergyCommit,PT,06b,StateSpace,00,2.3445E+0017,3,NUPN,UNKNOWN
2946,StigmergyCommit,PT,06b,StateSpace,02,1,3,NUPN,UNKNOWN
2947,StigmergyCommit,PT,06b,StateSpace,03,8,3,NUPN,UNKNOWN
2948,StigmergyCommit,PT,07a,StateSpace,00,7.8682E+0006,3,NUPN,UNKNOWN
2949,StigmergyCommit,PT,07a,StateSpace,02,1,3,NUPN,UNKNOWN
2950,StigmergyCommit,PT,07a,StateSpace,03,9,3,NUPN,UNKNOWN
2951,StigmergyCommit,PT,07b,StateSpace,00,4.5508E+0019,3,NUPN,UNKNOWN
2952,StigmergyCommit,PT,07b,StateSpace,02,1,3,NUPN,UNKNOWN
2953,StigmergyCommit,PT,07b,StateSpace,03,9,3,NUPN,UNKNOWN
2954,StigmergyCommit,PT,08a,StateSpace,00,5.4099E+0007,3,NUPN,UNKNOWN
2955,StigmergyCommit,PT,08a,StateSpace,02,1,3,NUPN,UNKNOWN
2956,StigmergyCommit,PT,08a,StateSpace,03,10,3,NUPN,UNKNOWN
2957,StigmergyCommit,PT,08b,StateSpace,00,8.9391E+0021,3,NUPN,UNKNOWN
2958,StigmergyCommit,PT,08b,StateSpace,02,1,3,NUPN,UNKNOWN
2959,StigmergyCommit,PT,08b,StateSpace,03,10,3,NUPN,UNKNOWN
2960,StigmergyCommit,PT,09a,StateSpace,00,3.7400E+0008,3,NUPN,UNKNOWN
2961,StigmergyCommit,PT,09a,StateSpace,02,1,3,NUPN,UNKNOWN
2962,StigmergyCommit,PT,09a,StateSpace,03,11,3,NUPN,UNKNOWN
2963,StigmergyCommit,PT,09b,StateSpace,00,1.7718E+0024,1,NUPN,UNKNOWN
2964,StigmergyCommit,PT,09b,StateSpace,02,1,3,NUPN,UNKNOWN
2965,StigmergyCommit,PT,09b,StateSpace,03,11,1,NUPN,UNKNOWN
2966,StigmergyCommit,PT,10a,StateSpace,00,2.5953E+0009,3,NUPN,UNKNOWN
2967,StigmergyCommit,PT,10a,StateSpace,02,1,3,NUPN,UNKNOWN
2968,StigmergyCommit,PT,10a,StateSpace,03,12,3,NUPN,UNKNOWN
2969,StigmergyCommit,PT,11a,StateSpace,00,1.8057E+0010,3,NUPN,UNKNOWN
2970,StigmergyCommit,PT,11a,StateSpace,02,1,3,NUPN,UNKNOWN
2971,StigmergyCommit,PT,11a,StateSpace,03,13,3,NUPN,UNKNOWN
2972,StigmergyElection,PT,02a,StateSpace,00,57,3,NUPN,UNKNOWN
2973,StigmergyElection,PT,02a,StateSpace,02,1,3,NUPN,UNKNOWN
2974,StigmergyElection,PT,02a,StateSpace,03,3,3,NUPN,UNKNOWN
2975,StigmergyElection,PT,02b,StateSpace,00,216668,3,NUPN,UNKNOWN
2976,StigmergyElection,PT,02b,StateSpace,02,1,3,NUPN,UNKNOWN
2977,StigmergyElection,PT,02b,StateSpace,03,3,3,NUPN,UNKNOWN
2978,StigmergyElection,PT,03a,StateSpace,00,227,3,NUPN,UNKNOWN
2979,StigmergyElection,PT,03a,StateSpace,02,1,3,NUPN,UNKNOWN
2980,StigmergyElection,PT,03a,StateSpace,03,4,3,NUPN,UNKNOWN
2981,StigmergyElection,PT,03b,StateSpace,00,1.8282E+0007,3,NUPN,UNKNOWN
2982,StigmergyElection,PT,03b,StateSpace,02,1,3,NUPN,UNKNOWN
2983,StigmergyElection,PT,03b,StateSpace,03,4,3,NUPN,UNKNOWN
2984,StigmergyElection,PT,04a,StateSpace,00,977,3,NUPN,UNKNOWN
2985,StigmergyElection,PT,04a,StateSpace,02,1,3,NUPN,UNKNOWN
2986,StigmergyElection,PT,04a,StateSpace,03,5,3,NUPN,UNKNOWN
2987,StigmergyElection,PT,04b,StateSpace,00,1.4607E+0009,3,NUPN,UNKNOWN
2988,StigmergyElection,PT,04b,StateSpace,02,1,3,NUPN,UNKNOWN
2989,StigmergyElection,PT,04b,StateSpace,03,5,3,NUPN,UNKNOWN
2990,StigmergyElection,PT,05a,StateSpace,00,4411,3,NUPN,UNKNOWN
2991,StigmergyElection,PT,05a,StateSpace,02,1,3,NUPN,UNKNOWN
2992,StigmergyElection,PT,05a,StateSpace,03,6,3,NUPN,UNKNOWN
2993,StigmergyElection,PT,05b,StateSpace,00,1.1320E+0011,3,NUPN,UNKNOWN
2994,StigmergyElection,PT,05b,StateSpace,02,1,3,NUPN,UNKNOWN
2995,StigmergyElection,PT,05b,StateSpace,03,6,3,NUPN,UNKNOWN
2996,StigmergyElection,PT,06a,StateSpace,00,20473,3,NUPN,UNKNOWN
2997,StigmergyElection,PT,06a,StateSpace,02,1,3,NUPN,UNKNOWN
2998,StigmergyElection,PT,06a,StateSpace,03,7,3,NUPN,UNKNOWN
2999,StigmergyElection,PT,06b,StateSpace,00,8.6145E+0012,3,NUPN,UNKNOWN
3000,StigmergyElection,PT,06b,StateSpace,02,1,3,NUPN,UNKNOWN
3001,StigmergyElection,PT,06b,StateSpace,03,7,3,NUPN,UNKNOWN
3002,StigmergyElection,PT,07a,StateSpace,00,96723,3,NUPN,UNKNOWN
3003,StigmergyElection,PT,07a,StateSpace,02,1,3,NUPN,UNKNOWN
3004,StigmergyElection,PT,07a,StateSpace,03,8,3,NUPN,UNKNOWN
3005,StigmergyElection,PT,07b,StateSpace,00,6.4834E+0014,3,NUPN,UNKNOWN
3006,StigmergyElection,PT,07b,StateSpace,02,1,3,NUPN,UNKNOWN
3007,StigmergyElection,PT,07b,StateSpace,03,8,3,NUPN,UNKNOWN
3008,StigmergyElection,PT,08a,StateSpace,00,462753,3,NUPN,UNKNOWN
3009,StigmergyElection,PT,08a,StateSpace,02,1,3,NUPN,UNKNOWN
3010,StigmergyElection,PT,08a,StateSpace,03,9,3,NUPN,UNKNOWN
3011,StigmergyElection,PT,08b,StateSpace,00,4.8468E+0016,3,NUPN,UNKNOWN
3012,StigmergyElection,PT,08b,StateSpace,02,1,3,NUPN,UNKNOWN
3013,StigmergyElection,PT,08b,StateSpace,03,9,3,NUPN,UNKNOWN
3014,StigmergyElection,PT,09a,StateSpace,00,2.2350E+0006,3,NUPN,UNKNOWN
3015,StigmergyElection,PT,09a,StateSpace,02,1,3,NUPN,UNKNOWN
3016,StigmergyElection,PT,09a,StateSpace,03,10,3,NUPN,UNKNOWN
3017,StigmergyElection,PT,09b,StateSpace,00,3.6092E+0018,3,NUPN,UNKNOWN
3018,StigmergyElection,PT,09b,StateSpace,02,1,3,NUPN,UNKNOWN
3019,StigmergyElection,PT,09b,StateSpace,03,10,3,NUPN,UNKNOWN
3020,StigmergyElection,PT,10a,StateSpace,00,1.0873E+0007,3,NUPN,UNKNOWN
3021,StigmergyElection,PT,10a,StateSpace,02,1,3,NUPN,UNKNOWN
3022,StigmergyElection,PT,10a,StateSpace,03,11,3,NUPN,UNKNOWN
3023,StigmergyElection,PT,10b,StateSpace,00,2.6820E+0020,2,NUPN,UNKNOWN
3024,StigmergyElection,PT,10b,StateSpace,02,1,3,NUPN,UNKNOWN
3025,StigmergyElection,PT,10b,StateSpace,03,11,2,NUPN,UNKNOWN
3026,StigmergyElection,PT,11a,StateSpace,00,5.3200E+0007,3,NUPN,UNKNOWN
3027,StigmergyElection,PT,11a,StateSpace,02,1,3,NUPN,UNKNOWN
3028,StigmergyElection,PT,11a,StateSpace,03,12,3,NUPN,UNKNOWN
3029,Sudoku,COL,AN01,StateSpace,00,2,3,NONE,UNKNOWN
3030,Sudoku,COL,AN01,StateSpace,02,1,3,NONE,UNKNOWN
3031,Sudoku,COL,AN01,StateSpace,03,3,3,NONE,UNKNOWN
3032,Sudoku,COL,AN02,StateSpace,00,35,3,NONE,UNKNOWN
3033,Sudoku,COL,AN02,StateSpace,02,1,3,NONE,UNKNOWN
3034,Sudoku,COL,AN02,StateSpace,03,12,3,NONE,UNKNOWN
3035,Sudoku,COL,AN03,StateSpace,00,11776,3,NONE,UNKNOWN
3036,Sudoku,COL,AN03,StateSpace,02,1,3,NONE,UNKNOWN
3037,Sudoku,COL,AN03,StateSpace,03,27,3,NONE,UNKNOWN
3038,Sudoku,COL,AN04,StateSpace,00,1.2755E+0008,3,NONE,UNKNOWN
3039,Sudoku,COL,AN04,StateSpace,02,1,3,NONE,UNKNOWN
3040,Sudoku,COL,AN04,StateSpace,03,48,3,NONE,UNKNOWN
3041,Sudoku,COL,BN01,StateSpace,00,2,3,NONE,UNKNOWN
3042,Sudoku,COL,BN01,StateSpace,02,1,3,NONE,UNKNOWN
3043,Sudoku,COL,BN01,StateSpace,03,4,3,NONE,UNKNOWN
3044,Sudoku,COL,BN04,StateSpace,00,6.1556E+0007,3,NONE,UNKNOWN
3045,Sudoku,COL,BN04,StateSpace,02,1,3,NONE,UNKNOWN
3046,Sudoku,COL,BN04,StateSpace,03,64,3,NONE,UNKNOWN
3047,Sudoku,PT,AN01,StateSpace,00,2,3,GEN,UNKNOWN
3048,Sudoku,PT,AN01,StateSpace,02,1,3,GEN,UNKNOWN
3049,Sudoku,PT,AN01,StateSpace,03,3,3,GEN,UNKNOWN
3050,Sudoku,PT,AN02,StateSpace,00,35,3,GEN,UNKNOWN
3051,Sudoku,PT,AN02,StateSpace,02,1,3,GEN,UNKNOWN
3052,Sudoku,PT,AN02,StateSpace,03,12,3,GEN,UNKNOWN
3053,Sudoku,PT,AN03,StateSpace,00,11776,3,GEN,UNKNOWN
3054,Sudoku,PT,AN03,StateSpace,02,1,3,GEN,UNKNOWN
3055,Sudoku,PT,AN03,StateSpace,03,27,3,GEN,UNKNOWN
3056,Sudoku,PT,AN04,StateSpace,00,1.2755E+0008,3,GEN,UNKNOWN
3057,Sudoku,PT,AN04,StateSpace,02,1,3,GEN,UNKNOWN
3058,Sudoku,PT,AN04,StateSpace,03,48,3,GEN,UNKNOWN
3059,Sudoku,PT,BN01,StateSpace,00,2,3,GEN,UNKNOWN
3060,Sudoku,PT,BN01,StateSpace,02,1,3,GEN,UNKNOWN
3061,Sudoku,PT,BN01,StateSpace,03,4,3,GEN,UNKNOWN
3062,Sudoku,PT,BN04,StateSpace,00,6.1556E+0007,3,GEN,UNKNOWN
3063,Sudoku,PT,BN04,StateSpace,02,1,3,GEN,UNKNOWN
3064,Sudoku,PT,BN04,StateSpace,03,64,3,GEN,UNKNOWN
3065,SwimmingPool,PT,01,StateSpace,00,89621,3,NONE,UNKNOWN
3066,SwimmingPool,PT,01,StateSpace,02,20,3,NONE,UNKNOWN
3067,SwimmingPool,PT,01,StateSpace,03,45,3,NONE,UNKNOWN
3068,SwimmingPool,PT,02,StateSpace,00,3.4080E+0006,3,NONE,UNKNOWN
3069,SwimmingPool,PT,02,StateSpace,02,40,3,NONE,UNKNOWN
3070,SwimmingPool,PT,02,StateSpace,03,90,3,NONE,UNKNOWN
3071,SwimmingPool,PT,03,StateSpace,00,3.2209E+0007,3,NONE,UNKNOWN
3072,SwimmingPool,PT,03,StateSpace,02,60,3,NONE,UNKNOWN
3073,SwimmingPool,PT,03,StateSpace,03,135,3,NONE,UNKNOWN
3074,SwimmingPool,PT,04,StateSpace,00,1.6439E+0008,3,NONE,UNKNOWN
3075,SwimmingPool,PT,04,StateSpace,02,80,3,NONE,UNKNOWN
3076,SwimmingPool,PT,04,StateSpace,03,180,3,NONE,UNKNOWN
3077,SwimmingPool,PT,05,StateSpace,00,5.9137E+0008,3,NONE,UNKNOWN
3078,SwimmingPool,PT,05,StateSpace,02,100,3,NONE,UNKNOWN
3079,SwimmingPool,PT,05,StateSpace,03,225,3,NONE,UNKNOWN
3080,SwimmingPool,PT,06,StateSpace,00,1.6974E+0009,3,NONE,UNKNOWN
3081,SwimmingPool,PT,06,StateSpace,02,120,3,NONE,UNKNOWN
3082,SwimmingPool,PT,06,StateSpace,03,270,3,NONE,UNKNOWN
3083,SwimmingPool,PT,07,StateSpace,00,4.1604E+0009,3,NONE,UNKNOWN
3084,SwimmingPool,PT,07,StateSpace,02,140,3,NONE,UNKNOWN
3085,SwimmingPool,PT,07,StateSpace,03,315,3,NONE,UNKNOWN
3086,SwimmingPool,PT,08,StateSpace,00,9.0737E+0009,3,NONE,UNKNOWN
3087,SwimmingPool,PT,08,StateSpace,02,160,3,NONE,UNKNOWN
3088,SwimmingPool,PT,08,StateSpace,03,360,3,NONE,UNKNOWN
3089,Szymanski,PT,a02,StateSpace,00,62187,3,NONE,UNKNOWN
3090,Szymanski,PT,a02,StateSpace,02,2,3,NONE,UNKNOWN
3091,Szymanski,PT,a02,StateSpace,03,5,3,NONE,UNKNOWN
3092,Szymanski,PT,a04,StateSpace,00,8.7423E+0007,3,NONE,UNKNOWN
3093,Szymanski,PT,a04,StateSpace,02,4,3,NONE,UNKNOWN
3094,Szymanski,PT,a04,StateSpace,03,9,3,NONE,UNKNOWN
3095,Szymanski,PT,a06,StateSpace,00,2.9159E+0010,3,NONE,UNKNOWN
3096,Szymanski,PT,a06,StateSpace,02,6,3,NONE,UNKNOWN
3097,Szymanski,PT,a06,StateSpace,03,13,3,NONE,UNKNOWN
3098,Szymanski,PT,a08,StateSpace,00,3.9559E+0012,3,NONE,UNKNOWN
3099,Szymanski,PT,a08,StateSpace,02,8,3,NONE,UNKNOWN
3100,Szymanski,PT,a08,StateSpace,03,17,3,NONE,UNKNOWN
3101,Szymanski,PT,a10,StateSpace,00,2.8452E+0014,3,NONE,UNKNOWN
3102,Szymanski,PT,a10,StateSpace,02,10,3,NONE,UNKNOWN
3103,Szymanski,PT,a10,StateSpace,03,21,3,NONE,UNKNOWN
3104,Szymanski,PT,a12,StateSpace,00,1.2685E+0016,3,NONE,UNKNOWN
3105,Szymanski,PT,a12,StateSpace,02,12,3,NONE,UNKNOWN
3106,Szymanski,PT,a12,StateSpace,03,25,3,NONE,UNKNOWN
3107,Szymanski,PT,b02,StateSpace,00,277943,3,NONE,UNKNOWN
3108,Szymanski,PT,b02,StateSpace,02,2,3,NONE,UNKNOWN
3109,Szymanski,PT,b02,StateSpace,03,5,3,NONE,UNKNOWN
3110,TCPcondis,PT,05,StateSpace,00,2.9858E+0006,3,NONE,UNKNOWN
3111,TCPcondis,PT,05,StateSpace,02,5,3,NONE,UNKNOWN
3112,TCPcondis,PT,05,StateSpace,03,20,3,NONE,UNKNOWN
3113,TCPcondis,PT,10,StateSpace,00,1.3762E+0010,3,NONE,UNKNOWN
3114,TCPcondis,PT,10,StateSpace,02,10,3,NONE,UNKNOWN
3115,TCPcondis,PT,10,StateSpace,03,40,3,NONE,UNKNOWN
3116,TCPcondis,PT,15,StateSpace,00,5.3971E+0012,3,NONE,UNKNOWN
3117,TCPcondis,PT,15,StateSpace,02,15,3,NONE,UNKNOWN
3118,TCPcondis,PT,15,StateSpace,03,60,3,NONE,UNKNOWN
3119,TokenRing,COL,005,StateSpace,00,166,3,NONE,UNKNOWN
3120,TokenRing,COL,005,StateSpace,02,1,3,NONE,UNKNOWN
3121,TokenRing,COL,005,StateSpace,03,6,3,NONE,UNKNOWN
3122,TokenRing,COL,010,StateSpace,00,58905,3,NONE,UNKNOWN
3123,TokenRing,COL,010,StateSpace,02,1,3,NONE,UNKNOWN
3124,TokenRing,COL,010,StateSpace,03,11,3,NONE,UNKNOWN
3125,TokenRing,COL,015,StateSpace,00,3.5358E+0007,3,NONE,UNKNOWN
3126,TokenRing,COL,015,StateSpace,02,1,3,NONE,UNKNOWN
3127,TokenRing,COL,015,StateSpace,03,16,3,NONE,UNKNOWN
3128,TokenRing,COL,020,StateSpace,00,2.4466E+0010,3,NONE,UNKNOWN
3129,TokenRing,COL,020,StateSpace,02,1,3,NONE,UNKNOWN
3130,TokenRing,COL,020,StateSpace,03,21,3,NONE,UNKNOWN
3131,TokenRing,COL,030,StateSpace,00,1.4545E+0016,3,NONE,UNKNOWN
3132,TokenRing,COL,030,StateSpace,02,1,3,NONE,UNKNOWN
3133,TokenRing,COL,030,StateSpace,03,31,3,NONE,UNKNOWN
3134,TokenRing,COL,040,StateSpace,00,1.0114E+0022,3,NONE,UNKNOWN
3135,TokenRing,COL,040,StateSpace,02,1,3,NONE,UNKNOWN
3136,TokenRing,COL,040,StateSpace,03,41,3,NONE,UNKNOWN
3137,TokenRing,PT,005,StateSpace,00,166,3,GEN,UNKNOWN
3138,TokenRing,PT,005,StateSpace,02,1,3,GEN,UNKNOWN
3139,TokenRing,PT,005,StateSpace,03,6,3,GEN,UNKNOWN
3140,TokenRing,PT,010,StateSpace,00,58905,3,GEN,UNKNOWN
3141,TokenRing,PT,010,StateSpace,02,1,3,GEN,UNKNOWN
3142,TokenRing,PT,010,StateSpace,03,11,3,GEN,UNKNOWN
3143,TokenRing,PT,015,StateSpace,00,3.5358E+0007,3,GEN,UNKNOWN
3144,TokenRing,PT,015,StateSpace,02,1,3,GEN,UNKNOWN
3145,TokenRing,PT,015,StateSpace,03,16,3,GEN,UNKNOWN
3146,TokenRing,PT,020,StateSpace,00,2.4466E+0010,3,GEN,UNKNOWN
3147,TokenRing,PT,020,StateSpace,02,1,3,GEN,UNKNOWN
3148,TokenRing,PT,020,StateSpace,03,21,3,GEN,UNKNOWN
3149,TokenRing,PT,030,StateSpace,00,1.4545E+0016,3,GEN,UNKNOWN
3150,TokenRing,PT,030,StateSpace,02,1,3,GEN,UNKNOWN
3151,TokenRing,PT,030,StateSpace,03,31,3,GEN,UNKNOWN
3152,TriangularGrid,PT,1200,StateSpace,00,109552,3,NONE,UNKNOWN
3153,TriangularGrid,PT,1200,StateSpace,02,60,3,NONE,UNKNOWN
3154,TriangularGrid,PT,1200,StateSpace,03,66,3,NONE,UNKNOWN
3155,TriangularGrid,PT,1500,StateSpace,00,705712,3,NONE,UNKNOWN
3156,TriangularGrid,PT,1500,StateSpace,02,150,3,NONE,UNKNOWN
3157,TriangularGrid,PT,1500,StateSpace,03,156,3,NONE,UNKNOWN
3158,TriangularGrid,PT,2011,StateSpace,00,9.4010E+0008,3,NONE,UNKNOWN
3159,TriangularGrid,PT,2011,StateSpace,02,4,3,NONE,UNKNOWN
3160,TriangularGrid,PT,2011,StateSpace,03,34,3,NONE,UNKNOWN
3161,TriangularGrid,PT,3011,StateSpace,00,2.8468E+0020,3,NONE,UNKNOWN
3162,TriangularGrid,PT,3011,StateSpace,02,4,3,NONE,UNKNOWN
3163,TriangularGrid,PT,3011,StateSpace,03,72,3,NONE,UNKNOWN
3164,TriangularGrid,PT,3026,StateSpace,00,3.7522E+0028,3,NONE,UNKNOWN
3165,TriangularGrid,PT,3026,StateSpace,02,12,3,NONE,UNKNOWN
3166,TriangularGrid,PT,3026,StateSpace,03,144,3,NONE,UNKNOWN
3167,TriangularGrid,PT,4022,StateSpace,00,6.1940E+0049,3,NONE,UNKNOWN
3168,TriangularGrid,PT,4022,StateSpace,02,8,3,NONE,UNKNOWN
3169,TriangularGrid,PT,4022,StateSpace,03,188,3,NONE,UNKNOWN
3170,TwoPhaseLocking,PT,nC00004vD,StateSpace,00,32,3,NONE,UNKNOWN
3171,TwoPhaseLocking,PT,nC00004vD,StateSpace,02,4,3,NONE,UNKNOWN
3172,TwoPhaseLocking,PT,nC00004vD,StateSpace,03,8,3,NONE,UNKNOWN
3173,TwoPhaseLocking,PT,nC00004vN,StateSpace,00,45,3,NONE,UNKNOWN
3174,TwoPhaseLocking,PT,nC00004vN,StateSpace,02,4,3,NONE,UNKNOWN
3175,TwoPhaseLocking,PT,nC00004vN,StateSpace,03,9,3,NONE,UNKNOWN
3176,TwoPhaseLocking,PT,nC00010vD,StateSpace,00,503,3,NONE,UNKNOWN
3177,TwoPhaseLocking,PT,nC00010vD,StateSpace,02,10,3,NONE,UNKNOWN
3178,TwoPhaseLocking,PT,nC00010vD,StateSpace,03,20,3,NONE,UNKNOWN
3179,TwoPhaseLocking,PT,nC00010vN,StateSpace,00,624,3,NONE,UNKNOWN
3180,TwoPhaseLocking,PT,nC00010vN,StateSpace,02,10,3,NONE,UNKNOWN
3181,TwoPhaseLocking,PT,nC00010vN,StateSpace,03,21,3,NONE,UNKNOWN
3182,TwoPhaseLocking,PT,nC00020vD,StateSpace,00,7006,3,NONE,UNKNOWN
3183,TwoPhaseLocking,PT,nC00020vD,StateSpace,02,20,3,NONE,UNKNOWN
3184,TwoPhaseLocking,PT,nC00020vD,StateSpace,03,40,3,NONE,UNKNOWN
3185,TwoPhaseLocking,PT,nC00020vN,StateSpace,00,7997,3,NONE,UNKNOWN
3186,TwoPhaseLocking,PT,nC00020vN,StateSpace,02,20,3,NONE,UNKNOWN
3187,TwoPhaseLocking,PT,nC00020vN,StateSpace,03,41,3,NONE,UNKNOWN
3188,TwoPhaseLocking,PT,nC00050vD,StateSpace,00,380015,3,NONE,UNKNOWN
3189,TwoPhaseLocking,PT,nC00050vD,StateSpace,02,50,3,NONE,UNKNOWN
3190,TwoPhaseLocking,PT,nC00050vD,StateSpace,03,100,3,NONE,UNKNOWN
3191,TwoPhaseLocking,PT,nC00050vN,StateSpace,00,403741,3,NONE,UNKNOWN
3192,TwoPhaseLocking,PT,nC00050vN,StateSpace,02,50,3,NONE,UNKNOWN
3193,TwoPhaseLocking,PT,nC00050vN,StateSpace,03,101,3,NONE,UNKNOWN
3194,TwoPhaseLocking,PT,nC00100vD,StateSpace,00,9.8038E+0006,3,NONE,UNKNOWN
3195,TwoPhaseLocking,PT,nC00100vD,StateSpace,02,100,3,NONE,UNKNOWN
3196,TwoPhaseLocking,PT,nC00100vD,StateSpace,03,200,3,NONE,UNKNOWN
3197,TwoPhaseLocking,PT,nC00100vN,StateSpace,00,1.0120E+0007,3,NONE,UNKNOWN
3198,TwoPhaseLocking,PT,nC00100vN,StateSpace,02,100,3,NONE,UNKNOWN
3199,TwoPhaseLocking,PT,nC00100vN,StateSpace,03,201,3,NONE,UNKNOWN
3200,TwoPhaseLocking,PT,nC00200vD,StateSpace,00,2.8049E+0008,3,NONE,UNKNOWN
3201,TwoPhaseLocking,PT,nC00200vD,StateSpace,02,200,3,NONE,UNKNOWN
3202,TwoPhaseLocking,PT,nC00200vD,StateSpace,03,400,3,NONE,UNKNOWN
3203,TwoPhaseLocking,PT,nC00200vN,StateSpace,00,2.8508E+0008,3,NONE,UNKNOWN
3204,TwoPhaseLocking,PT,nC00200vN,StateSpace,02,200,3,NONE,UNKNOWN
3205,TwoPhaseLocking,PT,nC00200vN,StateSpace,03,401,3,NONE,UNKNOWN
3206,TwoPhaseLocking,PT,nC00500vD,StateSpace,00,2.5574E+0010,3,NONE,UNKNOWN
3207,TwoPhaseLocking,PT,nC00500vD,StateSpace,02,500,3,NONE,UNKNOWN
3208,TwoPhaseLocking,PT,nC00500vD,StateSpace,03,1000,3,NONE,UNKNOWN
3209,TwoPhaseLocking,PT,nC00500vN,StateSpace,00,2.5743E+0010,3,NONE,UNKNOWN
3210,TwoPhaseLocking,PT,nC00500vN,StateSpace,02,500,3,NONE,UNKNOWN
3211,TwoPhaseLocking,PT,nC00500vN,StateSpace,03,1001,3,NONE,UNKNOWN
3212,UtahNoC,PT,none,StateSpace,00,4.7599E+0009,3,NUPN,UNKNOWN
3213,UtahNoC,PT,none,StateSpace,02,1,3,NUPN,UNKNOWN
3214,UtahNoC,PT,none,StateSpace,03,8,3,NUPN,UNKNOWN
3215,UtilityControlRoom,COL,Z2T3N04,StateSpace,00,208341,3,NONE,UNKNOWN
3216,UtilityControlRoom,COL,Z2T3N04,StateSpace,02,4,3,NONE,UNKNOWN
3217,UtilityControlRoom,COL,Z2T3N04,StateSpace,03,17,3,NONE,UNKNOWN
3218,UtilityControlRoom,COL,Z2T3N06,StateSpace,00,2.6085E+0007,3,NONE,UNKNOWN
3219,UtilityControlRoom,COL,Z2T3N06,StateSpace,02,6,3,NONE,UNKNOWN
3220,UtilityControlRoom,COL,Z2T3N06,StateSpace,03,23,3,NONE,UNKNOWN
3221,UtilityControlRoom,COL,Z2T3N08,StateSpace,00,2.6079E+0009,3,NONE,UNKNOWN
3222,UtilityControlRoom,COL,Z2T3N08,StateSpace,02,8,3,NONE,UNKNOWN
3223,UtilityControlRoom,COL,Z2T3N08,StateSpace,03,29,3,NONE,UNKNOWN
3224,UtilityControlRoom,COL,Z2T3N10,StateSpace,00,2.2712E+0011,3,NONE,UNKNOWN
3225,UtilityControlRoom,COL,Z2T3N10,StateSpace,02,10,3,NONE,UNKNOWN
3226,UtilityControlRoom,COL,Z2T3N10,StateSpace,03,35,3,NONE,UNKNOWN
3227,UtilityControlRoom,COL,Z2T4N02,StateSpace,00,1092,3,NONE,UNKNOWN
3228,UtilityControlRoom,COL,Z2T4N02,StateSpace,02,4,3,NONE,UNKNOWN
3229,UtilityControlRoom,COL,Z2T4N02,StateSpace,03,12,3,NONE,UNKNOWN
3230,UtilityControlRoom,COL,Z2T4N04,StateSpace,00,210432,3,NONE,UNKNOWN
3231,UtilityControlRoom,COL,Z2T4N04,StateSpace,02,4,3,NONE,UNKNOWN
3232,UtilityControlRoom,COL,Z2T4N04,StateSpace,03,18,3,NONE,UNKNOWN
3233,UtilityControlRoom,COL,Z2T4N06,StateSpace,00,2.7622E+0007,3,NONE,UNKNOWN
3234,UtilityControlRoom,COL,Z2T4N06,StateSpace,02,6,3,NONE,UNKNOWN
3235,UtilityControlRoom,COL,Z2T4N06,StateSpace,03,24,3,NONE,UNKNOWN
3236,UtilityControlRoom,COL,Z2T4N08,StateSpace,00,2.9594E+0009,3,NONE,UNKNOWN
3237,UtilityControlRoom,COL,Z2T4N08,StateSpace,02,8,3,NONE,UNKNOWN
3238,UtilityControlRoom,COL,Z2T4N08,StateSpace,03,30,3,NONE,UNKNOWN
3239,UtilityControlRoom,COL,Z2T4N10,StateSpace,00,2.7878E+0011,3,NONE,UNKNOWN
3240,UtilityControlRoom,COL,Z2T4N10,StateSpace,02,10,3,NONE,UNKNOWN
3241,UtilityControlRoom,COL,Z2T4N10,StateSpace,03,36,3,NONE,UNKNOWN
3242,UtilityControlRoom,COL,Z4T3N06,StateSpace,00,2.4719E+0010,3,NONE,UNKNOWN
3243,UtilityControlRoom,COL,Z4T3N06,StateSpace,02,6,3,NONE,UNKNOWN
3244,UtilityControlRoom,COL,Z4T3N06,StateSpace,03,25,3,NONE,UNKNOWN
3245,UtilityControlRoom,COL,Z4T3N08,StateSpace,00,7.4538E+0012,3,NONE,UNKNOWN
3246,UtilityControlRoom,COL,Z4T3N08,StateSpace,02,8,3,NONE,UNKNOWN
3247,UtilityControlRoom,COL,Z4T3N08,StateSpace,03,31,3,NONE,UNKNOWN
3248,UtilityControlRoom,COL,Z4T3N10,StateSpace,00,1.8198E+0015,3,NONE,UNKNOWN
3249,UtilityControlRoom,COL,Z4T3N10,StateSpace,02,10,3,NONE,UNKNOWN
3250,UtilityControlRoom,COL,Z4T3N10,StateSpace,03,37,3,NONE,UNKNOWN
3251,UtilityControlRoom,COL,Z4T4N02,StateSpace,00,57040,3,NONE,UNKNOWN
3252,UtilityControlRoom,COL,Z4T4N02,StateSpace,02,4,3,NONE,UNKNOWN
3253,UtilityControlRoom,COL,Z4T4N02,StateSpace,03,14,3,NONE,UNKNOWN
3254,UtilityControlRoom,COL,Z4T4N04,StateSpace,00,6.5585E+0007,3,NONE,UNKNOWN
3255,UtilityControlRoom,COL,Z4T4N04,StateSpace,02,4,3,NONE,UNKNOWN
3256,UtilityControlRoom,COL,Z4T4N04,StateSpace,03,20,3,NONE,UNKNOWN
3257,UtilityControlRoom,COL,Z4T4N06,StateSpace,00,4.2375E+0010,3,NONE,UNKNOWN
3258,UtilityControlRoom,COL,Z4T4N06,StateSpace,02,6,3,NONE,UNKNOWN
3259,UtilityControlRoom,COL,Z4T4N06,StateSpace,03,26,3,NONE,UNKNOWN
3260,UtilityControlRoom,COL,Z4T4N08,StateSpace,00,1.7424E+0013,3,NONE,UNKNOWN
3261,UtilityControlRoom,COL,Z4T4N08,StateSpace,02,8,3,NONE,UNKNOWN
3262,UtilityControlRoom,COL,Z4T4N08,StateSpace,03,32,3,NONE,UNKNOWN
3263,UtilityControlRoom,COL,Z4T4N10,StateSpace,00,5.4388E+0015,3,NONE,UNKNOWN
3264,UtilityControlRoom,COL,Z4T4N10,StateSpace,02,10,3,NONE,UNKNOWN
3265,UtilityControlRoom,COL,Z4T4N10,StateSpace,03,38,3,NONE,UNKNOWN
3266,UtilityControlRoom,PT,Z2T3N04,StateSpace,00,208341,3,NONE,UNKNOWN
3267,UtilityControlRoom,PT,Z2T3N04,StateSpace,02,4,3,NONE,UNKNOWN
3268,UtilityControlRoom,PT,Z2T3N04,StateSpace,03,17,3,NONE,UNKNOWN
3269,UtilityControlRoom,PT,Z2T3N06,StateSpace,00,2.6085E+0007,3,NONE,UNKNOWN
3270,UtilityControlRoom,PT,Z2T3N06,StateSpace,02,6,3,NONE,UNKNOWN
3271,UtilityControlRoom,PT,Z2T3N06,StateSpace,03,23,3,NONE,UNKNOWN
3272,UtilityControlRoom,PT,Z2T3N08,StateSpace,00,2.6079E+0009,3,NONE,UNKNOWN
3273,UtilityControlRoom,PT,Z2T3N08,StateSpace,02,8,3,NONE,UNKNOWN
3274,UtilityControlRoom,PT,Z2T3N08,StateSpace,03,29,3,NONE,UNKNOWN
3275,UtilityControlRoom,PT,Z2T3N10,StateSpace,00,2.2712E+0011,3,NONE,UNKNOWN
3276,UtilityControlRoom,PT,Z2T3N10,StateSpace,02,10,3,NONE,UNKNOWN
3277,UtilityControlRoom,PT,Z2T3N10,StateSpace,03,35,3,NONE,UNKNOWN
3278,UtilityControlRoom,PT,Z2T4N02,StateSpace,00,1092,3,NONE,UNKNOWN
3279,UtilityControlRoom,PT,Z2T4N02,StateSpace,02,4,3,NONE,UNKNOWN
3280,UtilityControlRoom,PT,Z2T4N02,StateSpace,03,12,3,NONE,UNKNOWN
3281,UtilityControlRoom,PT,Z2T4N04,StateSpace,00,210432,3,NONE,UNKNOWN
3282,UtilityControlRoom,PT,Z2T4N04,StateSpace,02,4,3,NONE,UNKNOWN
3283,UtilityControlRoom,PT,Z2T4N04,StateSpace,03,18,3,NONE,UNKNOWN
3284,UtilityControlRoom,PT,Z2T4N06,StateSpace,00,2.7622E+0007,3,NONE,UNKNOWN
3285,UtilityControlRoom,PT,Z2T4N06,StateSpace,02,6,3,NONE,UNKNOWN
3286,UtilityControlRoom,PT,Z2T4N06,StateSpace,03,24,3,NONE,UNKNOWN
3287,UtilityControlRoom,PT,Z2T4N08,StateSpace,00,2.9594E+0009,3,NONE,UNKNOWN
3288,UtilityControlRoom,PT,Z2T4N08,StateSpace,02,8,3,NONE,UNKNOWN
3289,UtilityControlRoom,PT,Z2T4N08,StateSpace,03,30,3,NONE,UNKNOWN
3290,UtilityControlRoom,PT,Z2T4N10,StateSpace,00,2.7878E+0011,3,NONE,UNKNOWN
3291,UtilityControlRoom,PT,Z2T4N10,StateSpace,02,10,3,NONE,UNKNOWN
3292,UtilityControlRoom,PT,Z2T4N10,StateSpace,03,36,3,NONE,UNKNOWN
3293,UtilityControlRoom,PT,Z4T3N06,StateSpace,00,2.4719E+0010,3,NONE,UNKNOWN
3294,UtilityControlRoom,PT,Z4T3N06,StateSpace,02,6,3,NONE,UNKNOWN
3295,UtilityControlRoom,PT,Z4T3N06,StateSpace,03,25,3,NONE,UNKNOWN
3296,UtilityControlRoom,PT,Z4T3N08,StateSpace,00,7.4538E+0012,3,NONE,UNKNOWN
3297,UtilityControlRoom,PT,Z4T3N08,StateSpace,02,8,3,NONE,UNKNOWN
3298,UtilityControlRoom,PT,Z4T3N08,StateSpace,03,31,3,NONE,UNKNOWN
3299,UtilityControlRoom,PT,Z4T3N10,StateSpace,00,1.8198E+0015,3,NONE,UNKNOWN
3300,UtilityControlRoom,PT,Z4T3N10,StateSpace,02,10,3,NONE,UNKNOWN
3301,UtilityControlRoom,PT,Z4T3N10,StateSpace,03,37,3,NONE,UNKNOWN
3302,UtilityControlRoom,PT,Z4T4N02,StateSpace,00,57040,3,NONE,UNKNOWN
3303,UtilityControlRoom,PT,Z4T4N02,StateSpace,02,4,3,NONE,UNKNOWN
3304,UtilityControlRoom,PT,Z4T4N02,StateSpace,03,14,3,NONE,UNKNOWN
3305,UtilityControlRoom,PT,Z4T4N04,StateSpace,00,6.5585E+0007,3,NONE,UNKNOWN
3306,UtilityControlRoom,PT,Z4T4N04,StateSpace,02,4,3,NONE,UNKNOWN
3307,UtilityControlRoom,PT,Z4T4N04,StateSpace,03,20,3,NONE,UNKNOWN
3308,UtilityControlRoom,PT,Z4T4N06,StateSpace,00,4.2375E+0010,3,NONE,UNKNOWN
3309,UtilityControlRoom,PT,Z4T4N06,StateSpace,02,6,3,NONE,UNKNOWN
3310,UtilityControlRoom,PT,Z4T4N06,StateSpace,03,26,3,NONE,UNKNOWN
3311,UtilityControlRoom,PT,Z4T4N08,StateSpace,00,1.7424E+0013,3,NONE,UNKNOWN
3312,UtilityControlRoom,PT,Z4T4N08,StateSpace,02,8,3,NONE,UNKNOWN
3313,UtilityControlRoom,PT,Z4T4N08,StateSpace,03,32,3,NONE,UNKNOWN
3314,UtilityControlRoom,PT,Z4T4N10,StateSpace,00,5.4388E+0015,3,NONE,UNKNOWN
3315,UtilityControlRoom,PT,Z4T4N10,StateSpace,02,10,3,NONE,UNKNOWN
3316,UtilityControlRoom,PT,Z4T4N10,StateSpace,03,38,3,NONE,UNKNOWN
3317,Vasy2003,PT,none,StateSpace,00,9.7947E+0021,3,NUPN,UNKNOWN
3318,Vasy2003,PT,none,StateSpace,02,1,3,NUPN,UNKNOWN
3319,Vasy2003,PT,none,StateSpace,03,60,3,NUPN,UNKNOWN
3320,ViralEpidemic,PT,S03D1C1A02,StateSpace,00,9.1687E+0009,3,GEN,UNKNOWN
3321,ViralEpidemic,PT,S03D1C1A02,StateSpace,02,1,3,GEN,UNKNOWN
3322,ViralEpidemic,PT,S03D1C1A02,StateSpace,03,53,3,GEN,UNKNOWN
3323,ViralEpidemic,PT,S03D1C1A04,StateSpace,00,4.5789E+0089,3,GEN,UNKNOWN
3324,ViralEpidemic,PT,S03D1C1A04,StateSpace,02,1,3,GEN,UNKNOWN
3325,ViralEpidemic,PT,S03D1C1A04,StateSpace,03,485,3,GEN,UNKNOWN
3326,ViralEpidemic,PT,S04D1C1A02,StateSpace,00,9.9373E+0019,3,GEN,UNKNOWN
3327,ViralEpidemic,PT,S04D1C1A02,StateSpace,02,1,3,GEN,UNKNOWN
3328,ViralEpidemic,PT,S04D1C1A02,StateSpace,03,106,3,GEN,UNKNOWN
3329,ViralEpidemic,PT,S04D1C1A03,StateSpace,00,9.7517E+0079,3,GEN,UNKNOWN
3330,ViralEpidemic,PT,S04D1C1A03,StateSpace,02,1,3,GEN,UNKNOWN
3331,ViralEpidemic,PT,S04D1C1A03,StateSpace,03,426,3,GEN,UNKNOWN
3332,ViralEpidemic,PT,S04D1C1A04,StateSpace,00,+Inf********,3,GEN,UNKNOWN
3333,ViralEpidemic,PT,S04D1C1A04,StateSpace,02,1,3,GEN,UNKNOWN
3334,ViralEpidemic,PT,S04D1C1A04,StateSpace,03,1706,3,GEN,UNKNOWN
3335,ViralEpidemic,PT,S08D1C2A02,StateSpace,00,5.0812E+0135,3,NONE,UNKNOWN
3336,ViralEpidemic,PT,S08D1C2A02,StateSpace,02,2,3,NONE,UNKNOWN
3337,ViralEpidemic,PT,S08D1C2A02,StateSpace,03,731,3,NONE,UNKNOWN
3338,ViralEpidemic,PT,S16D2C4A01,StateSpace,00,1.4587E+0070,3,NONE,UNKNOWN
3339,ViralEpidemic,PT,S16D2C4A01,StateSpace,02,4,3,NONE,UNKNOWN
3340,ViralEpidemic,PT,S16D2C4A01,StateSpace,03,358,3,NONE,UNKNOWN
3341,ZombiesAndSurvivors,PT,Circular04005005,StateSpace,00,29812,3,NONE,UNKNOWN
3342,ZombiesAndSurvivors,PT,Circular04005005,StateSpace,02,10,3,NONE,UNKNOWN
3343,ZombiesAndSurvivors,PT,Circular04005005,StateSpace,03,10,3,NONE,UNKNOWN
3344,ZombiesAndSurvivors,PT,Circular04100100,StateSpace,00,4.8483E+0013,3,NONE,UNKNOWN
3345,ZombiesAndSurvivors,PT,Circular04100100,StateSpace,02,200,3,NONE,UNKNOWN
3346,ZombiesAndSurvivors,PT,Circular04100100,StateSpace,03,200,3,NONE,UNKNOWN
3347,ZombiesAndSurvivors,PT,Circular32050050,StateSpace,00,1.5644E+0046,3,NONE,UNKNOWN
3348,ZombiesAndSurvivors,PT,Circular32050050,StateSpace,02,100,3,NONE,UNKNOWN
3349,ZombiesAndSurvivors,PT,Circular32050050,StateSpace,03,100,3,NONE,UNKNOWN
3350,ZombiesAndSurvivors,PT,Circular64010010,StateSpace,00,1.6204E+0024,3,NONE,UNKNOWN
3351,ZombiesAndSurvivors,PT,Circular64010010,StateSpace,02,20,3,NONE,UNKNOWN
3352,ZombiesAndSurvivors,PT,Circular64010010,StateSpace,03,20,3,NONE,UNKNOWN
3353,ZombiesAndSurvivors,PT,Circular8100100,StateSpace,00,3.6559E+0023,3,NONE,UNKNOWN
3354,ZombiesAndSurvivors,PT,Circular8100100,StateSpace,02,200,3,NONE,UNKNOWN
3355,ZombiesAndSurvivors,PT,Circular8100100,StateSpace,03,200,3,NONE,UNKNOWN
3356,ZombiesAndSurvivors,PT,Heawood140505,StateSpace,00,3.0397E+0008,3,NONE,UNKNOWN
3357,ZombiesAndSurvivors,PT,Heawood140505,StateSpace,02,10,3,NONE,UNKNOWN
3358,ZombiesAndSurvivors,PT,Heawood140505,StateSpace,03,10,3,NONE,UNKNOWN
3359,ZombiesAndSurvivors,PT,Heawood146060,StateSpace,00,7.3066E+0029,3,NONE,UNKNOWN
3360,ZombiesAndSurvivors,PT,Heawood146060,StateSpace,02,120,3,NONE,UNKNOWN
3361,ZombiesAndSurvivors,PT,Heawood146060,StateSpace,03,120,3,NONE,UNKNOWN
3362,ZombiesAndSurvivors,PT,Heawood172525,StateSpace,00,2.1698E+0023,3,NONE,UNKNOWN
3363,ZombiesAndSurvivors,PT,Heawood172525,StateSpace,02,50,3,NONE,UNKNOWN
3364,ZombiesAndSurvivors,PT,Heawood172525,StateSpace,03,50,3,NONE,UNKNOWN
3365,ZombiesAndSurvivors,PT,Heawood175050,StateSpace,00,4.1849E+0031,3,NONE,UNKNOWN
3366,ZombiesAndSurvivors,PT,Heawood175050,StateSpace,02,100,3,NONE,UNKNOWN
3367,ZombiesAndSurvivors,PT,Heawood175050,StateSpace,03,100,3,NONE,UNKNOWN
3368,ZombiesAndSurvivors,PT,Heawood381515,StateSpace,00,1.3413E+0026,3,NONE,UNKNOWN
3369,ZombiesAndSurvivors,PT,Heawood381515,StateSpace,02,30,3,NONE,UNKNOWN
3370,ZombiesAndSurvivors,PT,Heawood381515,StateSpace,03,30,3,NONE,UNKNOWN
3371,ZombiesAndSurvivors,PT,Kneser210702005005,StateSpace,00,1.0074E+0010,3,NONE,UNKNOWN
3372,ZombiesAndSurvivors,PT,Kneser210702005005,StateSpace,02,10,3,NONE,UNKNOWN
3373,ZombiesAndSurvivors,PT,Kneser210702005005,StateSpace,03,10,3,NONE,UNKNOWN
3374,ZombiesAndSurvivors,PT,Kneser210702060060,StateSpace,00,7.4715E+0038,3,NONE,UNKNOWN
3375,ZombiesAndSurvivors,PT,Kneser210702060060,StateSpace,02,120,3,NONE,UNKNOWN
3376,ZombiesAndSurvivors,PT,Kneser210702060060,StateSpace,03,120,3,NONE,UNKNOWN
3377,ErlangenMainframeV1,PT,aP09C09,StateSpace,00,1.5940E+0009,3,NONE,UNKNOWN
3378,ErlangenMainframeV1,PT,aP09C09,StateSpace,02,1,3,NONE,UNKNOWN
3379,ErlangenMainframeV1,PT,aP09C09,StateSpace,03,15,3,NONE,UNKNOWN
3380,ErlangenMainframeV1,PT,aP10C08,StateSpace,00,2.8545E+0009,3,NONE,UNKNOWN
3381,ErlangenMainframeV1,PT,aP10C08,StateSpace,02,1,3,NONE,UNKNOWN
3382,ErlangenMainframeV1,PT,aP10C08,StateSpace,03,16,3,NONE,UNKNOWN
3383,ErlangenMainframeV1,PT,aP11C06,StateSpace,00,3.0748E+0009,3,NONE,UNKNOWN
3384,ErlangenMainframeV1,PT,aP11C06,StateSpace,02,1,3,NONE,UNKNOWN
3385,ErlangenMainframeV1,PT,aP11C06,StateSpace,03,17,3,NONE,UNKNOWN
3386,ErlangenMainframeV1,PT,aP12C04,StateSpace,00,3.3137E+0009,3,NONE,UNKNOWN
3387,ErlangenMainframeV1,PT,aP12C04,StateSpace,02,1,3,NONE,UNKNOWN
3388,ErlangenMainframeV1,PT,aP12C04,StateSpace,03,18,3,NONE,UNKNOWN
3389,ErlangenMainframeV1,PT,aP13C02,StateSpace,00,3.5724E+0009,3,NONE,UNKNOWN
3390,ErlangenMainframeV1,PT,aP13C02,StateSpace,02,1,3,NONE,UNKNOWN
3391,ErlangenMainframeV1,PT,aP13C02,StateSpace,03,19,3,NONE,UNKNOWN
3392,ErlangenMainframeV1,PT,aP14C01,StateSpace,00,6.4166E+0009,3,NONE,UNKNOWN
3393,ErlangenMainframeV1,PT,aP14C01,StateSpace,02,1,3,NONE,UNKNOWN
3394,ErlangenMainframeV1,PT,aP14C01,StateSpace,03,20,3,NONE,UNKNOWN
3395,ErlangenMainframeV1,PT,bP01C01,StateSpace,00,5.3867E+0008,3,NONE,UNKNOWN
3396,ErlangenMainframeV1,PT,bP01C01,StateSpace,02,1,3,NONE,UNKNOWN
3397,ErlangenMainframeV1,PT,bP01C01,StateSpace,03,7,3,NONE,UNKNOWN
3398,ErlangenMainframeV1,PT,bP02C02,StateSpace,00,7.7796E+0009,3,NONE,UNKNOWN
3399,ErlangenMainframeV1,PT,bP02C02,StateSpace,02,1,3,NONE,UNKNOWN
3400,ErlangenMainframeV1,PT,bP02C02,StateSpace,03,8,3,NONE,UNKNOWN
3401,ErlangenMainframeV1,PT,bP03C03,StateSpace,00,1.2126E+0011,3,NONE,UNKNOWN
3402,ErlangenMainframeV1,PT,bP03C03,StateSpace,02,1,3,NONE,UNKNOWN
3403,ErlangenMainframeV1,PT,bP03C03,StateSpace,03,9,3,NONE,UNKNOWN
3404,ErlangenMainframeV1,PT,bP04C04,StateSpace,00,1.9312E+0012,3,NONE,UNKNOWN
3405,ErlangenMainframeV1,PT,bP04C04,StateSpace,02,1,3,NONE,UNKNOWN
3406,ErlangenMainframeV1,PT,bP04C04,StateSpace,03,10,3,NONE,UNKNOWN
3407,ErlangenMainframeV1,PT,bP05C05,StateSpace,00,3.0933E+0013,3,NONE,UNKNOWN
3408,ErlangenMainframeV1,PT,bP05C05,StateSpace,02,1,3,NONE,UNKNOWN
3409,ErlangenMainframeV1,PT,bP05C05,StateSpace,03,11,3,NONE,UNKNOWN
3410,ErlangenMainframeV1,PT,bP06C06,StateSpace,00,4.9600E+0014,3,NONE,UNKNOWN
3411,ErlangenMainframeV1,PT,bP06C06,StateSpace,02,1,3,NONE,UNKNOWN
3412,ErlangenMainframeV1,PT,bP06C06,StateSpace,03,12,3,NONE,UNKNOWN
3413,ErlangenMainframeV1,PT,bP07C07,StateSpace,00,7.9514E+0015,3,NONE,UNKNOWN
3414,ErlangenMainframeV1,PT,bP07C07,StateSpace,02,1,3,NONE,UNKNOWN
3415,ErlangenMainframeV1,PT,bP07C07,StateSpace,03,13,3,NONE,UNKNOWN
3416,ErlangenMainframeV1,PT,bP08C08,StateSpace,00,1.2741E+0017,3,NONE,UNKNOWN
3417,ErlangenMainframeV1,PT,bP08C08,StateSpace,02,1,3,NONE,UNKNOWN
3418,ErlangenMainframeV1,PT,bP08C08,StateSpace,03,14,3,NONE,UNKNOWN
3419,ErlangenMainframeV1,PT,bP09C09,StateSpace,00,2.0406E+0018,3,NONE,UNKNOWN
3420,ErlangenMainframeV1,PT,bP09C09,StateSpace,02,1,3,NONE,UNKNOWN
3421,ErlangenMainframeV1,PT,bP09C09,StateSpace,03,15,3,NONE,UNKNOWN
3422,ErlangenMainframeV1,PT,bP10C08,StateSpace,00,1.2784E+0019,1,NONE,UNKNOWN
3423,ErlangenMainframeV1,PT,bP10C08,StateSpace,02,1,3,NONE,UNKNOWN
3424,ErlangenMainframeV1,PT,bP10C08,StateSpace,03,16,1,NONE,UNKNOWN
3425,ErlangenMainframeV1,PT,bP11C06,StateSpace,00,4.9972E+0019,3,NONE,UNKNOWN
3426,ErlangenMainframeV1,PT,bP11C06,StateSpace,02,1,3,NONE,UNKNOWN
3427,ErlangenMainframeV1,PT,bP11C06,StateSpace,03,17,3,NONE,UNKNOWN
3428,ErlangenMainframeV1,PT,bP12C04,StateSpace,00,1.9528E+0020,3,NONE,UNKNOWN
3429,ErlangenMainframeV1,PT,bP12C04,StateSpace,02,1,3,NONE,UNKNOWN
3430,ErlangenMainframeV1,PT,bP12C04,StateSpace,03,18,3,NONE,UNKNOWN
3431,ErlangenMainframeV1,PT,bP13C02,StateSpace,00,7.6326E+0020,3,NONE,UNKNOWN
3432,ErlangenMainframeV1,PT,bP13C02,StateSpace,02,1,3,NONE,UNKNOWN
3433,ErlangenMainframeV1,PT,bP13C02,StateSpace,03,19,3,NONE,UNKNOWN
3434,ErlangenMainframeV1,PT,bP14C01,StateSpace,00,4.7702E+0021,3,NONE,UNKNOWN
3435,ErlangenMainframeV1,PT,bP14C01,StateSpace,02,1,3,NONE,UNKNOWN
3436,ErlangenMainframeV1,PT,bP14C01,StateSpace,03,20,3,NONE,UNKNOWN
3437,ErlangenMainframeV2,PT,aP09C09,StateSpace,00,1.5861E+0009,3,NONE,UNKNOWN
3438,ErlangenMainframeV2,PT,aP09C09,StateSpace,02,1,3,NONE,UNKNOWN
3439,ErlangenMainframeV2,PT,aP09C09,StateSpace,03,16,3,NONE,UNKNOWN
3440,ErlangenMainframeV2,PT,aP10C08,StateSpace,00,2.8440E+0009,3,NONE,UNKNOWN
3441,ErlangenMainframeV2,PT,aP10C08,StateSpace,02,1,3,NONE,UNKNOWN
3442,ErlangenMainframeV2,PT,aP10C08,StateSpace,03,17,3,NONE,UNKNOWN
3443,ErlangenMainframeV2,PT,aP11C06,StateSpace,00,3.0655E+0009,3,NONE,UNKNOWN
3444,ErlangenMainframeV2,PT,aP11C06,StateSpace,02,1,3,NONE,UNKNOWN
3445,ErlangenMainframeV2,PT,aP11C06,StateSpace,03,18,3,NONE,UNKNOWN
3446,ErlangenMainframeV2,PT,aP12C04,StateSpace,00,3.3054E+0009,3,NONE,UNKNOWN
3447,ErlangenMainframeV2,PT,aP12C04,StateSpace,02,1,3,NONE,UNKNOWN
3448,ErlangenMainframeV2,PT,aP12C04,StateSpace,03,19,3,NONE,UNKNOWN
3449,ErlangenMainframeV2,PT,aP13C02,StateSpace,00,3.5651E+0009,3,NONE,UNKNOWN
3450,ErlangenMainframeV2,PT,aP13C02,StateSpace,02,1,3,NONE,UNKNOWN
3451,ErlangenMainframeV2,PT,aP13C02,StateSpace,03,20,3,NONE,UNKNOWN
3452,ErlangenMainframeV2,PT,aP14C01,StateSpace,00,6.4068E+0009,3,NONE,UNKNOWN
3453,ErlangenMainframeV2,PT,aP14C01,StateSpace,02,1,3,NONE,UNKNOWN
3454,ErlangenMainframeV2,PT,aP14C01,StateSpace,03,21,3,NONE,UNKNOWN
3455,ErlangenMainframeV2,PT,bP01C01,StateSpace,00,1.0203E+0009,3,NONE,UNKNOWN
3456,ErlangenMainframeV2,PT,bP01C01,StateSpace,02,1,3,NONE,UNKNOWN
3457,ErlangenMainframeV2,PT,bP01C01,StateSpace,03,8,3,NONE,UNKNOWN
3458,ErlangenMainframeV2,PT,bP02C02,StateSpace,00,1.5263E+0010,3,NONE,UNKNOWN
3459,ErlangenMainframeV2,PT,bP02C02,StateSpace,02,1,3,NONE,UNKNOWN
3460,ErlangenMainframeV2,PT,bP02C02,StateSpace,03,9,3,NONE,UNKNOWN
3461,ErlangenMainframeV2,PT,bP03C03,StateSpace,00,2.4031E+0011,3,NONE,UNKNOWN
3462,ErlangenMainframeV2,PT,bP03C03,StateSpace,02,1,3,NONE,UNKNOWN
3463,ErlangenMainframeV2,PT,bP03C03,StateSpace,03,10,3,NONE,UNKNOWN
3464,ErlangenMainframeV2,PT,bP04C04,StateSpace,00,3.8426E+0012,3,NONE,UNKNOWN
3465,ErlangenMainframeV2,PT,bP04C04,StateSpace,02,1,3,NONE,UNKNOWN
3466,ErlangenMainframeV2,PT,bP04C04,StateSpace,03,11,3,NONE,UNKNOWN
3467,ErlangenMainframeV2,PT,bP05C05,StateSpace,00,6.1675E+0013,3,NONE,UNKNOWN
3468,ErlangenMainframeV2,PT,bP05C05,StateSpace,02,1,3,NONE,UNKNOWN
3469,ErlangenMainframeV2,PT,bP05C05,StateSpace,03,12,3,NONE,UNKNOWN
3470,ErlangenMainframeV2,PT,bP06C06,StateSpace,00,9.9011E+0014,3,NONE,UNKNOWN
3471,ErlangenMainframeV2,PT,bP06C06,StateSpace,02,1,3,NONE,UNKNOWN
3472,ErlangenMainframeV2,PT,bP06C06,StateSpace,03,13,3,NONE,UNKNOWN
3473,ErlangenMainframeV2,PT,bP07C07,StateSpace,00,1.5884E+0016,3,NONE,UNKNOWN
3474,ErlangenMainframeV2,PT,bP07C07,StateSpace,02,1,3,NONE,UNKNOWN
3475,ErlangenMainframeV2,PT,bP07C07,StateSpace,03,14,3,NONE,UNKNOWN
3476,ErlangenMainframeV2,PT,bP08C08,StateSpace,00,2.5463E+0017,3,NONE,UNKNOWN
3477,ErlangenMainframeV2,PT,bP08C08,StateSpace,02,1,3,NONE,UNKNOWN
3478,ErlangenMainframeV2,PT,bP08C08,StateSpace,03,15,3,NONE,UNKNOWN
3479,ErlangenMainframeV2,PT,bP09C09,StateSpace,00,4.0794E+0018,3,NONE,UNKNOWN
3480,ErlangenMainframeV2,PT,bP09C09,StateSpace,02,1,3,NONE,UNKNOWN
3481,ErlangenMainframeV2,PT,bP09C09,StateSpace,03,16,3,NONE,UNKNOWN
3482,ErlangenMainframeV2,PT,bP10C08,StateSpace,00,2.5559E+0019,3,NONE,UNKNOWN
3483,ErlangenMainframeV2,PT,bP10C08,StateSpace,02,1,3,NONE,UNKNOWN
3484,ErlangenMainframeV2,PT,bP10C08,StateSpace,03,17,3,NONE,UNKNOWN
3485,ErlangenMainframeV2,PT,bP11C06,StateSpace,00,9.9925E+0019,3,NONE,UNKNOWN
3486,ErlangenMainframeV2,PT,bP11C06,StateSpace,02,1,3,NONE,UNKNOWN
3487,ErlangenMainframeV2,PT,bP11C06,StateSpace,03,18,3,NONE,UNKNOWN
3488,ErlangenMainframeV2,PT,bP12C04,StateSpace,00,3.9053E+0020,3,NONE,UNKNOWN
3489,ErlangenMainframeV2,PT,bP12C04,StateSpace,02,1,3,NONE,UNKNOWN
3490,ErlangenMainframeV2,PT,bP12C04,StateSpace,03,19,3,NONE,UNKNOWN
3491,ErlangenMainframeV2,PT,bP13C02,StateSpace,00,1.5264E+0021,3,NONE,UNKNOWN
3492,ErlangenMainframeV2,PT,bP13C02,StateSpace,02,1,3,NONE,UNKNOWN
3493,ErlangenMainframeV2,PT,bP13C02,StateSpace,03,20,3,NONE,UNKNOWN
3494,FileSystem,PT,N02I05B05,StateSpace,00,1632,3,NONE,UNKNOWN
3495,FileSystem,PT,N02I05B05,StateSpace,02,2,3,NONE,UNKNOWN
3496,FileSystem,PT,N02I05B05,StateSpace,03,22,3,NONE,UNKNOWN
3497,FileSystem,PT,N02I10B08,StateSpace,00,1.1462E+0007,3,NONE,UNKNOWN
3498,FileSystem,PT,N02I10B08,StateSpace,02,2,3,NONE,UNKNOWN
3499,FileSystem,PT,N02I10B08,StateSpace,03,38,3,NONE,UNKNOWN
3500,FileSystem,PT,N02I10B10,StateSpace,00,714375,3,NONE,UNKNOWN
3501,FileSystem,PT,N02I10B10,StateSpace,02,2,3,NONE,UNKNOWN
3502,FileSystem,PT,N02I10B10,StateSpace,03,42,3,NONE,UNKNOWN
3503,FileSystem,PT,N02I15B15,StateSpace,00,1.4778E+0007,3,NONE,UNKNOWN
3504,FileSystem,PT,N02I15B15,StateSpace,02,2,3,NONE,UNKNOWN
3505,FileSystem,PT,N02I15B15,StateSpace,03,62,3,NONE,UNKNOWN
3506,FileSystem,PT,N03I10B08,StateSpace,00,2.7394E+0007,3,NONE,UNKNOWN
3507,FileSystem,PT,N03I10B08,StateSpace,02,3,3,NONE,UNKNOWN
3508,FileSystem,PT,N03I10B08,StateSpace,03,39,3,NONE,UNKNOWN
3509,FileSystem,PT,N03I10B10,StateSpace,00,4.0364E+0006,3,NONE,UNKNOWN
3510,FileSystem,PT,N03I10B10,StateSpace,02,3,3,NONE,UNKNOWN
3511,FileSystem,PT,N03I10B10,StateSpace,03,43,3,NONE,UNKNOWN
3512,FileSystem,PT,N03I10B15,StateSpace,00,1.1889E+0006,3,NONE,UNKNOWN
3513,FileSystem,PT,N03I10B15,StateSpace,02,3,3,NONE,UNKNOWN
3514,FileSystem,PT,N03I10B15,StateSpace,03,53,3,NONE,UNKNOWN
3515,FileSystem,PT,N05I10B10,StateSpace,00,3.4736E+0007,3,NONE,UNKNOWN
3516,FileSystem,PT,N05I10B10,StateSpace,02,5,3,NONE,UNKNOWN
3517,FileSystem,PT,N05I10B10,StateSpace,03,45,3,NONE,UNKNOWN
3518,FileSystem,PT,N05I10B15,StateSpace,00,1.2887E+0007,3,NONE,UNKNOWN
3519,FileSystem,PT,N05I10B15,StateSpace,02,5,3,NONE,UNKNOWN
3520,FileSystem,PT,N05I10B15,StateSpace,03,55,3,NONE,UNKNOWN
3521,LastZero,COL,N08,StateSpace,00,52919,3,NONE,UNKNOWN
3522,LastZero,COL,N08,StateSpace,02,1,3,NONE,UNKNOWN
3523,LastZero,COL,N08,StateSpace,03,18,3,NONE,UNKNOWN
3524,LastZero,COL,N10,StateSpace,00,738761,3,NONE,UNKNOWN
3525,LastZero,COL,N10,StateSpace,02,1,3,NONE,UNKNOWN
3526,LastZero,COL,N10,StateSpace,03,22,3,NONE,UNKNOWN
3527,LastZero,COL,N12,StateSpace,00,1.0296E+0007,3,NONE,UNKNOWN
3528,LastZero,COL,N12,StateSpace,02,1,3,NONE,UNKNOWN
3529,LastZero,COL,N12,StateSpace,03,26,3,NONE,UNKNOWN
3530,LastZero,COL,N14,StateSpace,00,1.4344E+0008,3,NONE,UNKNOWN
3531,LastZero,COL,N14,StateSpace,02,1,3,NONE,UNKNOWN
3532,LastZero,COL,N14,StateSpace,03,30,3,NONE,UNKNOWN
3533,LastZero,COL,N16,StateSpace,00,1.9979E+0009,3,NONE,UNKNOWN
3534,LastZero,COL,N16,StateSpace,02,1,3,NONE,UNKNOWN
3535,LastZero,COL,N16,StateSpace,03,34,3,NONE,UNKNOWN
3536,LastZero,COL,N18,StateSpace,00,2.7828E+0010,3,NONE,UNKNOWN
3537,LastZero,COL,N18,StateSpace,02,1,3,NONE,UNKNOWN
3538,LastZero,COL,N18,StateSpace,03,38,3,NONE,UNKNOWN
3539,LastZero,COL,N20,StateSpace,00,3.8760E+0011,3,NONE,UNKNOWN
3540,LastZero,COL,N20,StateSpace,02,1,3,NONE,UNKNOWN
3541,LastZero,COL,N20,StateSpace,03,42,3,NONE,UNKNOWN
3542,LastZero,COL,N22,StateSpace,00,5.3985E+0012,3,NONE,UNKNOWN
3543,LastZero,COL,N22,StateSpace,02,1,3,NONE,UNKNOWN
3544,LastZero,COL,N22,StateSpace,03,46,3,NONE,UNKNOWN
3545,LastZero,COL,N24,StateSpace,00,7.5192E+0013,3,NONE,UNKNOWN
3546,LastZero,COL,N24,StateSpace,02,1,3,NONE,UNKNOWN
3547,LastZero,COL,N24,StateSpace,03,50,3,NONE,UNKNOWN
3548,LastZero,COL,N26,StateSpace,00,1.0473E+0015,3,NONE,UNKNOWN
3549,LastZero,COL,N26,StateSpace,02,1,3,NONE,UNKNOWN
3550,LastZero,COL,N26,StateSpace,03,54,3,NONE,UNKNOWN
3551,LastZero,PT,N08,StateSpace,00,52919,3,NONE,UNKNOWN
3552,LastZero,PT,N08,StateSpace,02,1,3,NONE,UNKNOWN
3553,LastZero,PT,N08,StateSpace,03,18,3,NONE,UNKNOWN
3554,LastZero,PT,N10,StateSpace,00,738761,3,NONE,UNKNOWN
3555,LastZero,PT,N10,StateSpace,02,1,3,NONE,UNKNOWN
3556,LastZero,PT,N10,StateSpace,03,22,3,NONE,UNKNOWN
3557,LastZero,PT,N12,StateSpace,00,1.0296E+0007,3,NONE,UNKNOWN
3558,LastZero,PT,N12,StateSpace,02,1,3,NONE,UNKNOWN
3559,LastZero,PT,N12,StateSpace,03,26,3,NONE,UNKNOWN
3560,LastZero,PT,N14,StateSpace,00,1.4344E+0008,3,NONE,UNKNOWN
3561,LastZero,PT,N14,StateSpace,02,1,3,NONE,UNKNOWN
3562,LastZero,PT,N14,StateSpace,03,30,3,NONE,UNKNOWN
3563,LastZero,PT,N16,StateSpace,00,1.9979E+0009,3,NONE,UNKNOWN
3564,LastZero,PT,N16,StateSpace,02,1,3,NONE,UNKNOWN
3565,LastZero,PT,N16,StateSpace,03,34,3,NONE,UNKNOWN
3566,LastZero,PT,N18,StateSpace,00,2.7828E+0010,3,NONE,UNKNOWN
3567,LastZero,PT,N18,StateSpace,02,1,3,NONE,UNKNOWN
3568,LastZero,PT,N18,StateSpace,03,38,3,NONE,UNKNOWN
3569,LastZero,PT,N20,StateSpace,00,3.8760E+0011,3,NONE,UNKNOWN
3570,LastZero,PT,N20,StateSpace,02,1,3,NONE,UNKNOWN
3571,LastZero,PT,N20,StateSpace,03,42,3,NONE,UNKNOWN
3572,LastZero,PT,N22,StateSpace,00,5.3985E+0012,3,NONE,UNKNOWN
3573,LastZero,PT,N22,StateSpace,02,1,3,NONE,UNKNOWN
3574,LastZero,PT,N22,StateSpace,03,46,3,NONE,UNKNOWN
3575,LastZero,PT,N24,StateSpace,00,7.5192E+0013,3,NONE,UNKNOWN
3576,LastZero,PT,N24,StateSpace,02,1,3,NONE,UNKNOWN
3577,LastZero,PT,N24,StateSpace,03,50,3,NONE,UNKNOWN
3578,LastZero,PT,N26,StateSpace,00,1.0473E+0015,3,NONE,UNKNOWN
3579,LastZero,PT,N26,StateSpace,02,1,3,NONE,UNKNOWN
3580,LastZero,PT,N26,StateSpace,03,54,3,NONE,UNKNOWN
3581,SupplyChain,PT,00002,StateSpace,00,50,3,NONE,UNKNOWN
3582,SupplyChain,PT,00002,StateSpace,02,2,3,NONE,UNKNOWN
3583,SupplyChain,PT,00002,StateSpace,03,7,3,NONE,UNKNOWN
3584,SupplyChain,PT,00005,StateSpace,00,14258,3,NONE,UNKNOWN
3585,SupplyChain,PT,00005,StateSpace,02,2,3,NONE,UNKNOWN
3586,SupplyChain,PT,00005,StateSpace,03,13,3,NONE,UNKNOWN
3587,SupplyChain,PT,00010,StateSpace,00,1.6124E+0008,3,NONE,UNKNOWN
3588,SupplyChain,PT,00010,StateSpace,02,2,3,NONE,UNKNOWN
3589,SupplyChain,PT,00010,StateSpace,03,23,3,NONE,UNKNOWN
3590,SupplyChain,PT,00020,StateSpace,00,1.5843E+0016,3,NONE,UNKNOWN
3591,SupplyChain,PT,00020,StateSpace,02,2,3,NONE,UNKNOWN
3592,SupplyChain,PT,00020,StateSpace,03,43,3,NONE,UNKNOWN
3593,SupplyChain,PT,00050,StateSpace,00,7.5440E+0039,1,NONE,UNKNOWN
3594,SupplyChain,PT,00050,StateSpace,02,2,1,NONE,UNKNOWN
3595,SupplyChain,PT,00050,StateSpace,03,103,3,NONE,UNKNOWN
3596,SupplyChain,PT,00100,StateSpace,00,4.8833E+0079,1,NONE,UNKNOWN
3597,SupplyChain,PT,00100,StateSpace,02,2,1,NONE,UNKNOWN
3598,SupplyChain,PT,00100,StateSpace,03,203,3,NONE,UNKNOWN
3599,SupplyChain,PT,00200,StateSpace,00,1.5795E+0164,3,NONE,UNKNOWN
3600,SupplyChain,PT,00200,StateSpace,02,2,3,NONE,UNKNOWN
3601,SupplyChain,PT,00200,StateSpace,03,403,3,NONE,UNKNOWN
3602,SupplyChain,PT,00500,StateSpace,00,+Inf********,3,NONE,UNKNOWN
3603,SupplyChain,PT,00500,StateSpace,02,2,3,NONE,UNKNOWN
3604,SupplyChain,PT,00500,StateSpace,03,1003,3,NONE,UNKNOWN
3605,SupplyChain,PT,01000,StateSpace,00,+Inf********,1,NONE,UNKNOWN
3606,SupplyChain,PT,01000,StateSpace,02,2,1,NONE,UNKNOWN
3607,SupplyChain,PT,01000,StateSpace,03,2003,3,NONE,UNKNOWN
3608,SupplyChain,PT,02000,StateSpace,00,+Inf********,1,NONE,UNKNOWN
3609,SupplyChain,PT,02000,StateSpace,02,2,1,NONE,UNKNOWN
3610,SupplyChain,PT,02000,StateSpace,03,4003,3,NONE,UNKNOWN
3611,AirplaneLD,COL,0010,StateSpace,01,183664,3,NONE,UNKNOWN
3612,AirplaneLD,COL,0020,StateSpace,01,1.3391E+0006,3,NONE,UNKNOWN
3613,AirplaneLD,COL,0050,StateSpace,01,1.9756E+0007,2,NONE,UNKNOWN
3614,AirplaneLD,COL,0100,StateSpace,01,1.5501E+0008,2,NONE,UNKNOWN
3615,AirplaneLD,COL,0200,StateSpace,01,1.2280E+0009,2,NONE,UNKNOWN
3616,AirplaneLD,COL,0500,StateSpace,01,1.9075E+0010,2,NONE,UNKNOWN
3617,AirplaneLD,COL,1000,StateSpace,01,1.5230E+0011,2,NONE,UNKNOWN
3618,AirplaneLD,COL,2000,StateSpace,01,1.2172E+0012,2,NONE,UNKNOWN
3619,AirplaneLD,COL,4000,StateSpace,01,9.7328E+0012,2,NONE,UNKNOWN
3620,AirplaneLD,PT,0010,StateSpace,01,183664,3,GEN,UNKNOWN
3621,AirplaneLD,PT,0020,StateSpace,01,1.3391E+0006,3,GEN,UNKNOWN
3622,AirplaneLD,PT,0050,StateSpace,01,1.9756E+0007,2,GEN,UNKNOWN
3623,AirplaneLD,PT,0100,StateSpace,01,1.5501E+0008,2,GEN,UNKNOWN
3624,AirplaneLD,PT,0200,StateSpace,01,1.2280E+0009,2,GEN,UNKNOWN
3625,AirplaneLD,PT,0500,StateSpace,01,1.9075E+0010,2,GEN,UNKNOWN
3626,AirplaneLD,PT,1000,StateSpace,01,1.5230E+0011,2,GEN,UNKNOWN
3627,AirplaneLD,PT,2000,StateSpace,01,1.2172E+0012,2,GEN,UNKNOWN
3628,AirplaneLD,PT,4000,StateSpace,01,9.7328E+0012,2,GEN,UNKNOWN
3629,Anderson,PT,04,StateSpace,01,97516,3,NUPN,UNKNOWN
3630,Anderson,PT,05,StateSpace,01,2.7842E+0006,3,NUPN,UNKNOWN
3631,Anderson,PT,06,StateSpace,01,8.6996E+0007,3,NUPN,UNKNOWN
3632,Anderson,PT,07,StateSpace,01,2.9727E+0009,2,NUPN,UNKNOWN
3633,Anderson,PT,09,StateSpace,02,1,2,NUPN,UNKNOWN
3634,Anderson,PT,09,StateSpace,03,11,2,NUPN,UNKNOWN
3635,Anderson,PT,10,StateSpace,02,1,2,NUPN,UNKNOWN
3636,Anderson,PT,10,StateSpace,03,12,2,NUPN,UNKNOWN
3637,Anderson,PT,11,StateSpace,02,1,2,NUPN,UNKNOWN
3638,Anderson,PT,11,StateSpace,03,13,2,NUPN,UNKNOWN
3639,Anderson,PT,12,StateSpace,02,1,2,NUPN,UNKNOWN
3640,Anderson,PT,12,StateSpace,03,14,2,NUPN,UNKNOWN
3641,Angiogenesis,PT,01,StateSpace,01,288,3,GEN,UNKNOWN
3642,Angiogenesis,PT,05,StateSpace,01,4.8687E+0008,3,NONE,UNKNOWN
3643,Angiogenesis,PT,10,StateSpace,01,1.5636E+0013,2,NONE,UNKNOWN
3644,Angiogenesis,PT,15,StateSpace,01,2.7474E+0016,2,NONE,UNKNOWN
3645,ARMCacheCoherence,PT,none,StateSpace,01,2.2340E+0010,2,NUPN,UNKNOWN
3646,ASLink,PT,01a,StateSpace,01,9.5662E+0008,2,NUPN,UNKNOWN
3647,ASLink,PT,01b,StateSpace,01,7.3479E+0015,2,NUPN,UNKNOWN
3648,ASLink,PT,02a,StateSpace,01,7.0218E+0013,2,NUPN,UNKNOWN
3649,ASLink,PT,02b,StateSpace,02,1,2,NUPN,UNKNOWN
3650,ASLink,PT,03a,StateSpace,01,4.5791E+0018,2,NUPN,UNKNOWN
3651,ASLink,PT,03b,StateSpace,02,1,2,NUPN,UNKNOWN
3652,ASLink,PT,04a,StateSpace,01,2.7772E+0023,2,NUPN,UNKNOWN
3653,ASLink,PT,04b,StateSpace,02,1,2,NUPN,UNKNOWN
3654,ASLink,PT,05a,StateSpace,01,1.6101E+0028,2,NUPN,UNKNOWN
3655,ASLink,PT,05b,StateSpace,02,1,2,NUPN,UNKNOWN
3656,ASLink,PT,06a,StateSpace,01,9.0526E+0032,2,NUPN,UNKNOWN
3657,ASLink,PT,06b,StateSpace,02,1,2,NUPN,UNKNOWN
3658,ASLink,PT,07a,StateSpace,00,2.2349E+0036,2,NUPN,UNKNOWN
3659,ASLink,PT,07a,StateSpace,01,4.9784E+0037,2,NUPN,UNKNOWN
3660,ASLink,PT,07a,StateSpace,02,1,2,NUPN,UNKNOWN
3661,ASLink,PT,07a,StateSpace,03,101,2,NUPN,UNKNOWN
3662,ASLink,PT,07b,StateSpace,02,1,2,NUPN,UNKNOWN
3663,ASLink,PT,08a,StateSpace,00,1.0706E+0041,2,NUPN,UNKNOWN
3664,ASLink,PT,08a,StateSpace,01,2.6924E+0042,2,NUPN,UNKNOWN
3665,ASLink,PT,08a,StateSpace,02,1,2,NUPN,UNKNOWN
3666,ASLink,PT,08a,StateSpace,03,114,2,NUPN,UNKNOWN
3667,ASLink,PT,08b,StateSpace,02,1,2,NUPN,UNKNOWN
3668,ASLink,PT,09a,StateSpace,00,5.1289E+0045,2,NUPN,UNKNOWN
3669,ASLink,PT,09a,StateSpace,01,1.4371E+0047,2,NUPN,UNKNOWN
3670,ASLink,PT,09a,StateSpace,02,1,2,NUPN,UNKNOWN
3671,ASLink,PT,09a,StateSpace,03,127,2,NUPN,UNKNOWN
3672,ASLink,PT,09b,StateSpace,02,1,2,NUPN,UNKNOWN
3673,ASLink,PT,10a,StateSpace,00,2.4571E+0050,2,NUPN,UNKNOWN
3674,ASLink,PT,10a,StateSpace,01,7.5898E+0051,2,NUPN,UNKNOWN
3675,ASLink,PT,10a,StateSpace,02,1,2,NUPN,UNKNOWN
3676,ASLink,PT,10a,StateSpace,03,140,2,NUPN,UNKNOWN
3677,ASLink,PT,10b,StateSpace,02,1,2,NUPN,UNKNOWN
3678,AutoFlight,PT,01a,StateSpace,01,1120,3,NUPN,UNKNOWN
3679,AutoFlight,PT,01b,StateSpace,01,3.5442E+0008,3,NUPN,UNKNOWN
3680,AutoFlight,PT,02a,StateSpace,01,55285,3,NUPN,UNKNOWN
3681,AutoFlight,PT,02b,StateSpace,01,2.0351E+0014,2,NUPN,UNKNOWN
3682,AutoFlight,PT,03a,StateSpace,01,1.8212E+0006,3,NUPN,UNKNOWN
3683,AutoFlight,PT,03b,StateSpace,01,7.3643E+0019,2,NUPN,UNKNOWN
3684,AutoFlight,PT,04a,StateSpace,01,5.0619E+0007,3,NUPN,UNKNOWN
3685,AutoFlight,PT,04b,StateSpace,01,2.1140E+0025,2,NUPN,UNKNOWN
3686,AutoFlight,PT,05a,StateSpace,01,1.2862E+0009,2,NUPN,UNKNOWN
3687,AutoFlight,PT,05b,StateSpace,01,5.2864E+0030,2,NUPN,UNKNOWN
3688,AutoFlight,PT,06a,StateSpace,01,3.0943E+0010,2,NUPN,UNKNOWN
3689,AutoFlight,PT,12a,StateSpace,01,3.4975E+0018,2,NUPN,UNKNOWN
3690,AutoFlight,PT,12b,StateSpace,02,1,2,NUPN,UNKNOWN
3691,AutoFlight,PT,24a,StateSpace,01,1.5091E+0034,2,NUPN,UNKNOWN
3692,AutoFlight,PT,24b,StateSpace,02,1,2,NUPN,UNKNOWN
3693,AutoFlight,PT,48a,StateSpace,01,2.3370E+0053,2,NUPN,UNKNOWN
3694,AutoFlight,PT,48b,StateSpace,02,1,2,NUPN,UNKNOWN
3695,AutoFlight,PT,96a,StateSpace,02,1,2,NUPN,UNKNOWN
3696,AutoFlight,PT,96b,StateSpace,02,1,2,NUPN,UNKNOWN
3697,AutonomousCar,PT,01a,StateSpace,01,654,3,NUPN,UNKNOWN
3698,AutonomousCar,PT,01b,StateSpace,01,521442,3,NUPN,UNKNOWN
3699,AutonomousCar,PT,02a,StateSpace,01,9593,3,NUPN,UNKNOWN
3700,AutonomousCar,PT,02b,StateSpace,01,2.1876E+0007,3,NUPN,UNKNOWN
3701,AutonomousCar,PT,03a,StateSpace,01,125175,3,NUPN,UNKNOWN
3702,AutonomousCar,PT,03b,StateSpace,01,9.2586E+0008,2,NUPN,UNKNOWN
3703,AutonomousCar,PT,04a,StateSpace,01,1.4481E+0006,3,NUPN,UNKNOWN
3704,AutonomousCar,PT,04b,StateSpace,01,3.6541E+0010,2,NUPN,UNKNOWN
3705,AutonomousCar,PT,05a,StateSpace,01,1.5281E+0007,3,NUPN,UNKNOWN
3706,AutonomousCar,PT,05b,StateSpace,01,1.3429E+0012,2,NUPN,UNKNOWN
3707,AutonomousCar,PT,06a,StateSpace,01,1.5070E+0008,3,NUPN,UNKNOWN
3708,AutonomousCar,PT,06b,StateSpace,01,4.6478E+0013,2,NUPN,UNKNOWN
3709,AutonomousCar,PT,07a,StateSpace,01,1.4130E+0009,2,NUPN,UNKNOWN
3710,AutonomousCar,PT,07b,StateSpace,01,1.5326E+0015,2,NUPN,UNKNOWN
3711,AutonomousCar,PT,08a,StateSpace,01,1.2749E+0010,2,NUPN,UNKNOWN
3712,AutonomousCar,PT,08b,StateSpace,01,4.8597E+0016,2,NUPN,UNKNOWN
3713,AutonomousCar,PT,09a,StateSpace,01,1.1162E+0011,2,NUPN,UNKNOWN
3714,AutonomousCar,PT,09b,StateSpace,01,1.4925E+0018,2,NUPN,UNKNOWN
3715,AutonomousCar,PT,10a,StateSpace,01,9.5431E+0011,2,NUPN,UNKNOWN
3716,AutonomousCar,PT,10b,StateSpace,01,4.4645E+0019,2,NUPN,UNKNOWN
3717,BART,COL,002,StateSpace,01,53328,2,NONE,UNKNOWN
3718,BART,COL,005,StateSpace,01,3.0663E+0011,2,NONE,UNKNOWN
3719,BART,COL,010,StateSpace,01,2.4576E+0022,2,NONE,UNKNOWN
3720,BART,COL,020,StateSpace,01,7.8938E+0043,2,NONE,UNKNOWN
3721,BART,COL,030,StateSpace,01,1.9016E+0065,2,NONE,UNKNOWN
3722,BART,COL,040,StateSpace,01,4.0719E+0086,2,NONE,UNKNOWN
3723,BART,COL,050,StateSpace,01,8.1742E+0107,2,NONE,UNKNOWN
3724,BART,COL,060,StateSpace,01,1.5753E+0129,2,NONE,UNKNOWN
3725,BART,PT,002,StateSpace,01,53328,3,GEN,UNKNOWN
3726,BART,PT,005,StateSpace,01,3.0663E+0011,2,GEN,UNKNOWN
3727,BART,PT,010,StateSpace,01,2.4576E+0022,2,GEN,UNKNOWN
3728,BART,PT,020,StateSpace,01,7.8938E+0043,2,GEN,UNKNOWN
3729,BART,PT,030,StateSpace,01,1.9016E+0065,2,GEN,UNKNOWN
3730,BART,PT,040,StateSpace,01,4.0719E+0086,2,GEN,UNKNOWN
3731,BART,PT,050,StateSpace,01,8.1742E+0107,2,GEN,UNKNOWN
3732,BART,PT,060,StateSpace,01,1.5753E+0129,2,GEN,UNKNOWN
3733,BlocksWorld,PT,01,StateSpace,01,2.5951E+0007,3,NONE,UNKNOWN
3734,BlocksWorld,PT,02,StateSpace,02,1,2,NONE,UNKNOWN
3735,BlocksWorld,PT,03,StateSpace,02,1,2,NONE,UNKNOWN
3736,BlocksWorld,PT,04,StateSpace,02,1,2,NONE,UNKNOWN
3737,BlocksWorld,PT,05,StateSpace,02,1,2,NONE,UNKNOWN
3738,BlocksWorld,PT,06,StateSpace,02,1,2,NONE,UNKNOWN
3739,BlocksWorld,PT,07,StateSpace,02,1,2,NONE,UNKNOWN
3740,BlocksWorld,PT,08,StateSpace,02,1,2,NONE,UNKNOWN
3741,BlocksWorld,PT,09,StateSpace,02,1,2,NONE,UNKNOWN
3742,BlocksWorld,PT,10,StateSpace,02,1,2,NONE,UNKNOWN
3743,BlocksWorld,PT,11,StateSpace,02,1,2,NONE,UNKNOWN
3744,BlocksWorld,PT,12,StateSpace,02,1,2,NONE,UNKNOWN
3745,BlocksWorld,PT,13,StateSpace,02,1,2,NONE,UNKNOWN
3746,BlocksWorld,PT,14,StateSpace,02,1,2,NONE,UNKNOWN
3747,BlocksWorld,PT,15,StateSpace,02,1,2,NONE,UNKNOWN
3748,BlocksWorld,PT,16,StateSpace,02,1,2,NONE,UNKNOWN
3749,BlocksWorld,PT,17,StateSpace,02,1,2,NONE,UNKNOWN
3750,BlocksWorld,PT,18,StateSpace,02,1,2,NONE,UNKNOWN
3751,BlocksWorld,PT,19,StateSpace,02,1,2,NONE,UNKNOWN
3752,BlocksWorld,PT,20,StateSpace,02,1,2,NONE,UNKNOWN
3753,BridgeAndVehicles,COL,V04P05N02,StateSpace,01,7160,3,NONE,UNKNOWN
3754,BridgeAndVehicles,COL,V10P10N10,StateSpace,01,821282,3,NONE,UNKNOWN
3755,BridgeAndVehicles,COL,V20P10N10,StateSpace,01,2.3489E+0007,3,NONE,UNKNOWN
3756,BridgeAndVehicles,COL,V20P10N20,StateSpace,01,3.1773E+0007,3,NONE,UNKNOWN
3757,BridgeAndVehicles,COL,V20P10N50,StateSpace,01,3.1786E+0007,2,NONE,UNKNOWN
3758,BridgeAndVehicles,COL,V20P20N10,StateSpace,01,2.3489E+0007,3,NONE,UNKNOWN
3759,BridgeAndVehicles,COL,V20P20N20,StateSpace,01,3.4321E+0007,3,NONE,UNKNOWN
3760,BridgeAndVehicles,COL,V20P20N50,StateSpace,01,3.4346E+0007,2,NONE,UNKNOWN
3761,BridgeAndVehicles,COL,V50P20N10,StateSpace,00,3.4763E+0008,2,NONE,UNKNOWN
3762,BridgeAndVehicles,COL,V50P20N10,StateSpace,01,1.2717E+0009,2,NONE,UNKNOWN
3763,BridgeAndVehicles,COL,V50P20N10,StateSpace,02,50,2,NONE,UNKNOWN
3764,BridgeAndVehicles,COL,V50P20N10,StateSpace,03,124,2,NONE,UNKNOWN
3765,BridgeAndVehicles,COL,V50P20N20,StateSpace,00,8.9629E+0008,2,NONE,UNKNOWN
3766,BridgeAndVehicles,COL,V50P20N20,StateSpace,01,3.3637E+0009,2,NONE,UNKNOWN
3767,BridgeAndVehicles,COL,V50P20N20,StateSpace,02,50,2,NONE,UNKNOWN
3768,BridgeAndVehicles,COL,V50P20N20,StateSpace,03,124,2,NONE,UNKNOWN
3769,BridgeAndVehicles,COL,V50P20N50,StateSpace,00,1.4546E+0009,2,NONE,UNKNOWN
3770,BridgeAndVehicles,COL,V50P20N50,StateSpace,01,5.4840E+0009,2,NONE,UNKNOWN
3771,BridgeAndVehicles,COL,V50P20N50,StateSpace,02,50,2,NONE,UNKNOWN
3772,BridgeAndVehicles,COL,V50P20N50,StateSpace,03,124,2,NONE,UNKNOWN
3773,BridgeAndVehicles,COL,V50P50N10,StateSpace,00,3.4763E+0008,2,NONE,UNKNOWN
3774,BridgeAndVehicles,COL,V50P50N10,StateSpace,01,1.2717E+0009,2,NONE,UNKNOWN
3775,BridgeAndVehicles,COL,V50P50N10,StateSpace,02,50,2,NONE,UNKNOWN
3776,BridgeAndVehicles,COL,V50P50N10,StateSpace,03,154,2,NONE,UNKNOWN
3777,BridgeAndVehicles,COL,V50P50N20,StateSpace,00,8.9629E+0008,2,NONE,UNKNOWN
3778,BridgeAndVehicles,COL,V50P50N20,StateSpace,01,3.3637E+0009,2,NONE,UNKNOWN
3779,BridgeAndVehicles,COL,V50P50N20,StateSpace,02,50,2,NONE,UNKNOWN
3780,BridgeAndVehicles,COL,V50P50N20,StateSpace,03,154,2,NONE,UNKNOWN
3781,BridgeAndVehicles,COL,V50P50N50,StateSpace,00,1.6769E+0009,2,NONE,UNKNOWN
3782,BridgeAndVehicles,COL,V50P50N50,StateSpace,01,6.3374E+0009,2,NONE,UNKNOWN
3783,BridgeAndVehicles,COL,V50P50N50,StateSpace,02,50,2,NONE,UNKNOWN
3784,BridgeAndVehicles,COL,V50P50N50,StateSpace,03,154,2,NONE,UNKNOWN
3785,BridgeAndVehicles,COL,V80P20N10,StateSpace,00,2.4329E+0009,2,NONE,UNKNOWN
3786,BridgeAndVehicles,COL,V80P20N10,StateSpace,01,8.9934E+0009,2,NONE,UNKNOWN
3787,BridgeAndVehicles,COL,V80P20N10,StateSpace,02,80,2,NONE,UNKNOWN
3788,BridgeAndVehicles,COL,V80P20N10,StateSpace,03,184,2,NONE,UNKNOWN
3789,BridgeAndVehicles,COL,V80P20N20,StateSpace,00,7.0996E+0009,2,NONE,UNKNOWN
3790,BridgeAndVehicles,COL,V80P20N20,StateSpace,01,2.6974E+0010,2,NONE,UNKNOWN
3791,BridgeAndVehicles,COL,V80P20N20,StateSpace,02,80,2,NONE,UNKNOWN
3792,BridgeAndVehicles,COL,V80P20N20,StateSpace,03,184,2,NONE,UNKNOWN
3793,BridgeAndVehicles,COL,V80P50N10,StateSpace,00,2.4329E+0009,2,NONE,UNKNOWN
3794,BridgeAndVehicles,COL,V80P50N10,StateSpace,01,8.9934E+0009,2,NONE,UNKNOWN
3795,BridgeAndVehicles,COL,V80P50N10,StateSpace,02,80,2,NONE,UNKNOWN
3796,BridgeAndVehicles,COL,V80P50N10,StateSpace,03,214,2,NONE,UNKNOWN
3797,BridgeAndVehicles,COL,V80P50N20,StateSpace,00,7.0996E+0009,2,NONE,UNKNOWN
3798,BridgeAndVehicles,COL,V80P50N20,StateSpace,01,2.6974E+0010,2,NONE,UNKNOWN
3799,BridgeAndVehicles,COL,V80P50N20,StateSpace,02,80,2,NONE,UNKNOWN
3800,BridgeAndVehicles,COL,V80P50N20,StateSpace,03,214,2,NONE,UNKNOWN
3801,BridgeAndVehicles,PT,V04P05N02,StateSpace,01,7160,3,NONE,UNKNOWN
3802,BridgeAndVehicles,PT,V10P10N10,StateSpace,01,821282,3,NONE,UNKNOWN
3803,BridgeAndVehicles,PT,V20P10N10,StateSpace,01,2.3489E+0007,3,NONE,UNKNOWN
3804,BridgeAndVehicles,PT,V20P10N20,StateSpace,01,3.1773E+0007,3,NONE,UNKNOWN
3805,BridgeAndVehicles,PT,V20P10N50,StateSpace,01,3.1786E+0007,2,NONE,UNKNOWN
3806,BridgeAndVehicles,PT,V20P20N10,StateSpace,01,2.3489E+0007,3,NONE,UNKNOWN
3807,BridgeAndVehicles,PT,V20P20N20,StateSpace,01,3.4321E+0007,3,NONE,UNKNOWN
3808,BridgeAndVehicles,PT,V20P20N50,StateSpace,01,3.4346E+0007,2,NONE,UNKNOWN
3809,BridgeAndVehicles,PT,V50P20N10,StateSpace,00,3.4763E+0008,2,NONE,UNKNOWN
3810,BridgeAndVehicles,PT,V50P20N10,StateSpace,01,1.2717E+0009,2,NONE,UNKNOWN
3811,BridgeAndVehicles,PT,V50P20N10,StateSpace,02,50,2,NONE,UNKNOWN
3812,BridgeAndVehicles,PT,V50P20N10,StateSpace,03,124,2,NONE,UNKNOWN
3813,BridgeAndVehicles,PT,V50P20N20,StateSpace,00,8.9629E+0008,2,NONE,UNKNOWN
3814,BridgeAndVehicles,PT,V50P20N20,StateSpace,01,3.3637E+0009,2,NONE,UNKNOWN
3815,BridgeAndVehicles,PT,V50P20N20,StateSpace,02,50,2,NONE,UNKNOWN
3816,BridgeAndVehicles,PT,V50P20N20,StateSpace,03,124,2,NONE,UNKNOWN
3817,BridgeAndVehicles,PT,V50P20N50,StateSpace,00,1.4546E+0009,2,NONE,UNKNOWN
3818,BridgeAndVehicles,PT,V50P20N50,StateSpace,01,5.4840E+0009,2,NONE,UNKNOWN
3819,BridgeAndVehicles,PT,V50P20N50,StateSpace,02,50,2,NONE,UNKNOWN
3820,BridgeAndVehicles,PT,V50P20N50,StateSpace,03,124,2,NONE,UNKNOWN
3821,BridgeAndVehicles,PT,V50P50N10,StateSpace,00,3.4763E+0008,2,NONE,UNKNOWN
3822,BridgeAndVehicles,PT,V50P50N10,StateSpace,01,1.2717E+0009,2,NONE,UNKNOWN
3823,BridgeAndVehicles,PT,V50P50N10,StateSpace,02,50,2,NONE,UNKNOWN
3824,BridgeAndVehicles,PT,V50P50N10,StateSpace,03,154,2,NONE,UNKNOWN
3825,BridgeAndVehicles,PT,V50P50N20,StateSpace,00,8.9629E+0008,2,NONE,UNKNOWN
3826,BridgeAndVehicles,PT,V50P50N20,StateSpace,01,3.3637E+0009,2,NONE,UNKNOWN
3827,BridgeAndVehicles,PT,V50P50N20,StateSpace,02,50,2,NONE,UNKNOWN
3828,BridgeAndVehicles,PT,V50P50N20,StateSpace,03,154,2,NONE,UNKNOWN
3829,BridgeAndVehicles,PT,V50P50N50,StateSpace,00,1.6769E+0009,2,NONE,UNKNOWN
3830,BridgeAndVehicles,PT,V50P50N50,StateSpace,01,6.3374E+0009,2,NONE,UNKNOWN
3831,BridgeAndVehicles,PT,V50P50N50,StateSpace,02,50,2,NONE,UNKNOWN
3832,BridgeAndVehicles,PT,V50P50N50,StateSpace,03,154,2,NONE,UNKNOWN
3833,BridgeAndVehicles,PT,V80P20N10,StateSpace,00,2.4329E+0009,2,NONE,UNKNOWN
3834,BridgeAndVehicles,PT,V80P20N10,StateSpace,01,8.9934E+0009,2,NONE,UNKNOWN
3835,BridgeAndVehicles,PT,V80P20N10,StateSpace,02,80,2,NONE,UNKNOWN
3836,BridgeAndVehicles,PT,V80P20N10,StateSpace,03,184,2,NONE,UNKNOWN
3837,BridgeAndVehicles,PT,V80P20N20,StateSpace,00,7.0996E+0009,2,NONE,UNKNOWN
3838,BridgeAndVehicles,PT,V80P20N20,StateSpace,01,2.6974E+0010,2,NONE,UNKNOWN
3839,BridgeAndVehicles,PT,V80P20N20,StateSpace,02,80,2,NONE,UNKNOWN
3840,BridgeAndVehicles,PT,V80P20N20,StateSpace,03,184,2,NONE,UNKNOWN
3841,BridgeAndVehicles,PT,V80P50N10,StateSpace,00,2.4329E+0009,2,NONE,UNKNOWN
3842,BridgeAndVehicles,PT,V80P50N10,StateSpace,01,8.9934E+0009,2,NONE,UNKNOWN
3843,BridgeAndVehicles,PT,V80P50N10,StateSpace,02,80,2,NONE,UNKNOWN
3844,BridgeAndVehicles,PT,V80P50N10,StateSpace,03,214,2,NONE,UNKNOWN
3845,BridgeAndVehicles,PT,V80P50N20,StateSpace,00,7.0996E+0009,2,NONE,UNKNOWN
3846,BridgeAndVehicles,PT,V80P50N20,StateSpace,01,2.6974E+0010,2,NONE,UNKNOWN
3847,BridgeAndVehicles,PT,V80P50N20,StateSpace,02,80,2,NONE,UNKNOWN
3848,BridgeAndVehicles,PT,V80P50N20,StateSpace,03,214,2,NONE,UNKNOWN
3849,BugTracking,PT,q3m002,StateSpace,00,inf,2,NONE,UNKNOWN
3850,BugTracking,PT,q3m002,StateSpace,01,inf,2,NONE,UNKNOWN
3851,BugTracking,PT,q3m002,StateSpace,02,inf,2,NONE,UNKNOWN
3852,BugTracking,PT,q3m002,StateSpace,03,inf,2,NONE,UNKNOWN
3853,BugTracking,PT,q3m004,StateSpace,00,inf,2,NONE,UNKNOWN
3854,BugTracking,PT,q3m004,StateSpace,01,inf,2,NONE,UNKNOWN
3855,BugTracking,PT,q3m004,StateSpace,02,inf,2,NONE,UNKNOWN
3856,BugTracking,PT,q3m004,StateSpace,03,inf,2,NONE,UNKNOWN
3857,BugTracking,PT,q3m008,StateSpace,00,inf,2,NONE,UNKNOWN
3858,BugTracking,PT,q3m008,StateSpace,01,inf,2,NONE,UNKNOWN
3859,BugTracking,PT,q3m008,StateSpace,02,inf,2,NONE,UNKNOWN
3860,BugTracking,PT,q3m008,StateSpace,03,inf,2,NONE,UNKNOWN
3861,BugTracking,PT,q3m016,StateSpace,00,inf,2,NONE,UNKNOWN
3862,BugTracking,PT,q3m016,StateSpace,01,inf,2,NONE,UNKNOWN
3863,BugTracking,PT,q3m016,StateSpace,02,inf,2,NONE,UNKNOWN
3864,BugTracking,PT,q3m016,StateSpace,03,inf,2,NONE,UNKNOWN
3865,BugTracking,PT,q3m032,StateSpace,00,inf,2,NONE,UNKNOWN
3866,BugTracking,PT,q3m032,StateSpace,01,inf,2,NONE,UNKNOWN
3867,BugTracking,PT,q3m032,StateSpace,02,inf,2,NONE,UNKNOWN
3868,BugTracking,PT,q3m032,StateSpace,03,inf,2,NONE,UNKNOWN
3869,BugTracking,PT,q3m064,StateSpace,00,inf,2,NONE,UNKNOWN
3870,BugTracking,PT,q3m064,StateSpace,01,inf,2,NONE,UNKNOWN
3871,BugTracking,PT,q3m064,StateSpace,02,inf,2,NONE,UNKNOWN
3872,BugTracking,PT,q3m064,StateSpace,03,inf,2,NONE,UNKNOWN
3873,BugTracking,PT,q3m128,StateSpace,00,inf,2,NONE,UNKNOWN
3874,BugTracking,PT,q3m128,StateSpace,01,inf,2,NONE,UNKNOWN
3875,BugTracking,PT,q3m128,StateSpace,02,inf,2,NONE,UNKNOWN
3876,BugTracking,PT,q3m128,StateSpace,03,inf,2,NONE,UNKNOWN
3877,BugTracking,PT,q3m256,StateSpace,00,inf,2,NONE,UNKNOWN
3878,BugTracking,PT,q3m256,StateSpace,01,inf,2,NONE,UNKNOWN
3879,BugTracking,PT,q3m256,StateSpace,02,inf,2,NONE,UNKNOWN
3880,BugTracking,PT,q3m256,StateSpace,03,inf,2,NONE,UNKNOWN
3881,BugTracking,PT,q8m002,StateSpace,00,inf,2,NONE,UNKNOWN
3882,BugTracking,PT,q8m002,StateSpace,01,inf,2,NONE,UNKNOWN
3883,BugTracking,PT,q8m002,StateSpace,02,inf,2,NONE,UNKNOWN
3884,BugTracking,PT,q8m002,StateSpace,03,inf,2,NONE,UNKNOWN
3885,BugTracking,PT,q8m004,StateSpace,00,inf,2,NONE,UNKNOWN
3886,BugTracking,PT,q8m004,StateSpace,01,inf,2,NONE,UNKNOWN
3887,BugTracking,PT,q8m004,StateSpace,02,inf,2,NONE,UNKNOWN
3888,BugTracking,PT,q8m004,StateSpace,03,inf,2,NONE,UNKNOWN
3889,BugTracking,PT,q8m008,StateSpace,00,inf,2,NONE,UNKNOWN
3890,BugTracking,PT,q8m008,StateSpace,01,inf,2,NONE,UNKNOWN
3891,BugTracking,PT,q8m008,StateSpace,02,inf,2,NONE,UNKNOWN
3892,BugTracking,PT,q8m008,StateSpace,03,inf,2,NONE,UNKNOWN
3893,BugTracking,PT,q8m016,StateSpace,00,inf,2,NONE,UNKNOWN
3894,BugTracking,PT,q8m016,StateSpace,01,inf,2,NONE,UNKNOWN
3895,BugTracking,PT,q8m016,StateSpace,02,inf,2,NONE,UNKNOWN
3896,BugTracking,PT,q8m016,StateSpace,03,inf,2,NONE,UNKNOWN
3897,BugTracking,PT,q8m032,StateSpace,00,inf,2,NONE,UNKNOWN
3898,BugTracking,PT,q8m032,StateSpace,01,inf,2,NONE,UNKNOWN
3899,BugTracking,PT,q8m032,StateSpace,02,inf,2,NONE,UNKNOWN
3900,BugTracking,PT,q8m032,StateSpace,03,inf,2,NONE,UNKNOWN
3901,BugTracking,PT,q8m064,StateSpace,00,inf,2,NONE,UNKNOWN
3902,BugTracking,PT,q8m064,StateSpace,01,inf,2,NONE,UNKNOWN
3903,BugTracking,PT,q8m064,StateSpace,02,inf,2,NONE,UNKNOWN
3904,BugTracking,PT,q8m064,StateSpace,03,inf,2,NONE,UNKNOWN
3905,BugTracking,PT,q8m128,StateSpace,00,inf,2,NONE,UNKNOWN
3906,BugTracking,PT,q8m128,StateSpace,01,inf,2,NONE,UNKNOWN
3907,BugTracking,PT,q8m128,StateSpace,02,inf,2,NONE,UNKNOWN
3908,BugTracking,PT,q8m128,StateSpace,03,inf,2,NONE,UNKNOWN
3909,BugTracking,PT,q8m256,StateSpace,00,inf,2,NONE,UNKNOWN
3910,BugTracking,PT,q8m256,StateSpace,01,inf,2,NONE,UNKNOWN
3911,BugTracking,PT,q8m256,StateSpace,02,inf,2,NONE,UNKNOWN
3912,BugTracking,PT,q8m256,StateSpace,03,inf,2,NONE,UNKNOWN
3913,BusinessProcesses,PT,01,StateSpace,01,2.7650E+0011,2,NUPN,UNKNOWN
3914,BusinessProcesses,PT,02,StateSpace,01,5.0565E+0013,2,NUPN,UNKNOWN
3915,BusinessProcesses,PT,03,StateSpace,01,2.5822E+0014,2,NUPN,UNKNOWN
3916,BusinessProcesses,PT,04,StateSpace,01,2.5575E+0012,2,NUPN,UNKNOWN
3917,BusinessProcesses,PT,05,StateSpace,01,5.5862E+0018,2,NUPN,UNKNOWN
3918,BusinessProcesses,PT,06,StateSpace,01,6.7554E+0019,2,NUPN,UNKNOWN
3919,BusinessProcesses,PT,07,StateSpace,01,1.4959E+0019,2,NUPN,UNKNOWN
3920,BusinessProcesses,PT,08,StateSpace,01,1.1592E+0019,2,NUPN,UNKNOWN
3921,BusinessProcesses,PT,09,StateSpace,01,1.4557E+0020,2,NUPN,UNKNOWN
3922,BusinessProcesses,PT,10,StateSpace,01,5.2705E+0026,2,NUPN,UNKNOWN
3923,BusinessProcesses,PT,11,StateSpace,01,2.0996E+0024,2,NUPN,UNKNOWN
3924,BusinessProcesses,PT,12,StateSpace,01,1.8594E+0025,2,NUPN,UNKNOWN
3925,BusinessProcesses,PT,13,StateSpace,01,1.0051E+0027,2,NUPN,UNKNOWN
3926,BusinessProcesses,PT,14,StateSpace,01,1.7608E+0028,2,NUPN,UNKNOWN
3927,BusinessProcesses,PT,15,StateSpace,01,2.9366E+0027,2,NUPN,UNKNOWN
3928,BusinessProcesses,PT,16,StateSpace,01,1.3080E+0029,2,NUPN,UNKNOWN
3929,BusinessProcesses,PT,17,StateSpace,01,1.2757E+0028,2,NUPN,UNKNOWN
3930,BusinessProcesses,PT,18,StateSpace,01,1.4065E+0033,2,NUPN,UNKNOWN
3931,BusinessProcesses,PT,19,StateSpace,01,2.9309E+0035,2,NUPN,UNKNOWN
3932,BusinessProcesses,PT,20,StateSpace,02,1,2,NUPN,UNKNOWN
3933,CANConstruction,PT,005,StateSpace,01,406700,3,NONE,UNKNOWN
3934,CANConstruction,PT,010,StateSpace,01,8.3209E+0011,2,NONE,UNKNOWN
3935,CANInsertWithFailure,PT,005,StateSpace,01,878059,3,NONE,UNKNOWN
3936,Champagne,PT,H04T0R,StateSpace,01,8.2545E+0014,2,NONE,UNKNOWN
3937,Champagne,PT,H04T1U,StateSpace,01,2.0659E+0016,2,NONE,UNKNOWN
3938,Champagne,PT,H04T2O,StateSpace,01,1.7949E+0018,2,NONE,UNKNOWN
3939,Champagne,PT,H05T0R,StateSpace,01,1.1380E+0020,2,NONE,UNKNOWN
3940,Champagne,PT,H05T1U,StateSpace,01,9.1483E+0021,2,NONE,UNKNOWN
3941,Champagne,PT,H05T2O,StateSpace,01,4.1066E+0024,2,NONE,UNKNOWN
3942,Champagne,PT,H06T0R,StateSpace,01,2.7719E+0026,2,NONE,UNKNOWN
3943,Champagne,PT,H06T1U,StateSpace,01,9.4571E+0028,2,NONE,UNKNOWN
3944,Champagne,PT,H06T2O,StateSpace,01,3.2816E+0032,2,NONE,UNKNOWN
3945,Champagne,PT,H07T0R,StateSpace,01,2.2282E+0035,2,NONE,UNKNOWN
3946,Champagne,PT,H07T1U,StateSpace,01,5.6705E+0038,2,NONE,UNKNOWN
3947,Champagne,PT,H07T2O,StateSpace,01,3.4003E+0043,2,NONE,UNKNOWN
3948,Champagne,PT,H08T0R,StateSpace,01,1.0753E+0048,2,NONE,UNKNOWN
3949,Champagne,PT,H08T1U,StateSpace,01,4.7852E+0052,2,NONE,UNKNOWN
3950,Champagne,PT,H08T2O,StateSpace,01,1.6500E+0059,2,NONE,UNKNOWN
3951,Champagne,PT,H09T0R,StateSpace,01,1.6458E+0063,2,NONE,UNKNOWN
3952,Champagne,PT,H09T1U,StateSpace,01,2.2770E+0069,2,NONE,UNKNOWN
3953,Champagne,PT,H09T2O,StateSpace,01,1.0038E+0078,2,NONE,UNKNOWN
3954,Champagne,PT,H10T0R,StateSpace,01,7.9791E+0080,2,NONE,UNKNOWN
3955,Champagne,PT,H10T1U,StateSpace,01,6.1304E+0088,2,NONE,UNKNOWN
3956,Champagne,PT,H10T2O,StateSpace,01,7.7574E+0099,2,NONE,UNKNOWN
3957,CircadianClock,PT,000001,StateSpace,01,624,3,GEN,UNKNOWN
3958,CircadianClock,PT,000010,StateSpace,01,6.7663E+0006,3,NONE,UNKNOWN
3959,CircadianClock,PT,000100,StateSpace,01,4.9743E+0011,2,NONE,UNKNOWN
3960,CircadianClock,PT,001000,StateSpace,01,4.8172E+0016,2,NONE,UNKNOWN
3961,CircadianClock,PT,010000,StateSpace,03,50002,2,NONE,UNKNOWN
3962,CircadianClock,PT,100000,StateSpace,03,500002,2,NONE,UNKNOWN
3963,CircularTrains,PT,012,StateSpace,01,496,3,NONE,UNKNOWN
3964,CircularTrains,PT,024,StateSpace,01,411680,3,NONE,UNKNOWN
3965,CircularTrains,PT,048,StateSpace,01,2.2124E+0011,2,NONE,UNKNOWN
3966,CircularTrains,PT,096,StateSpace,01,4.7121E+0022,2,NONE,UNKNOWN
3967,CircularTrains,PT,192,StateSpace,01,1.5416E+0045,2,NONE,UNKNOWN
3968,CircularTrains,PT,384,StateSpace,01,1.1782E+0090,2,NONE,UNKNOWN
3969,CircularTrains,PT,768,StateSpace,03,768,2,NONE,UNKNOWN
3970,ClientsAndServers,PT,N0001P0,StateSpace,01,113316,3,NONE,UNKNOWN
3971,ClientsAndServers,PT,N0002P0,StateSpace,01,4.4030E+0007,3,NONE,UNKNOWN
3972,ClientsAndServers,PT,N0002P1,StateSpace,01,7.7859E+0007,3,NONE,UNKNOWN
3973,ClientsAndServers,PT,N0005P0,StateSpace,01,1.2156E+0012,2,NONE,UNKNOWN
3974,ClientsAndServers,PT,N0005P1,StateSpace,01,2.0632E+0012,2,NONE,UNKNOWN
3975,ClientsAndServers,PT,N0010P0,StateSpace,01,1.3487E+0016,2,NONE,UNKNOWN
3976,ClientsAndServers,PT,N0010P1,StateSpace,01,1.9213E+0016,2,NONE,UNKNOWN
3977,ClientsAndServers,PT,N0010P2,StateSpace,01,2.3544E+0016,2,NONE,UNKNOWN
3978,ClientsAndServers,PT,N0020P0,StateSpace,00,2.7979E+0019,2,NONE,UNKNOWN
3979,ClientsAndServers,PT,N0020P0,StateSpace,01,4.0727E+0020,2,NONE,UNKNOWN
3980,ClientsAndServers,PT,N0020P0,StateSpace,02,160,2,NONE,UNKNOWN
3981,ClientsAndServers,PT,N0020P0,StateSpace,03,500,2,NONE,UNKNOWN
3982,ClientsAndServers,PT,N0020P1,StateSpace,00,3.4330E+0019,2,NONE,UNKNOWN
3983,ClientsAndServers,PT,N0020P1,StateSpace,01,5.0014E+0020,2,NONE,UNKNOWN
3984,ClientsAndServers,PT,N0020P1,StateSpace,02,160,2,NONE,UNKNOWN
3985,ClientsAndServers,PT,N0020P1,StateSpace,03,505,2,NONE,UNKNOWN
3986,ClientsAndServers,PT,N0020P2,StateSpace,00,4.0258E+0019,2,NONE,UNKNOWN
3987,ClientsAndServers,PT,N0020P2,StateSpace,01,5.8683E+0020,2,NONE,UNKNOWN
3988,ClientsAndServers,PT,N0020P2,StateSpace,02,160,2,NONE,UNKNOWN
3989,ClientsAndServers,PT,N0020P2,StateSpace,03,510,2,NONE,UNKNOWN
3990,ClientsAndServers,PT,N0020P3,StateSpace,00,4.5408E+0019,2,NONE,UNKNOWN
3991,ClientsAndServers,PT,N0020P3,StateSpace,01,6.6212E+0020,2,NONE,UNKNOWN
3992,ClientsAndServers,PT,N0020P3,StateSpace,02,160,2,NONE,UNKNOWN
3993,ClientsAndServers,PT,N0020P3,StateSpace,03,515,2,NONE,UNKNOWN
3994,ClientsAndServers,PT,N0020P4,StateSpace,00,4.9510E+0019,2,NONE,UNKNOWN
3995,ClientsAndServers,PT,N0020P4,StateSpace,01,7.2204E+0020,2,NONE,UNKNOWN
3996,ClientsAndServers,PT,N0020P4,StateSpace,02,160,2,NONE,UNKNOWN
3997,ClientsAndServers,PT,N0020P4,StateSpace,03,520,2,NONE,UNKNOWN
3998,ClientsAndServers,PT,N0050P0,StateSpace,00,5.3924E+0025,2,NONE,UNKNOWN
3999,ClientsAndServers,PT,N0050P0,StateSpace,01,8.8483E+0026,2,NONE,UNKNOWN
4000,ClientsAndServers,PT,N0050P0,StateSpace,02,400,2,NONE,UNKNOWN
4001,ClientsAndServers,PT,N0050P0,StateSpace,03,1250,2,NONE,UNKNOWN
4002,CloudDeployment,PT,2a,StateSpace,01,87600,3,NUPN,UNKNOWN
4003,CloudDeployment,PT,2b,StateSpace,01,1.2270E+0012,2,NUPN,UNKNOWN
4004,CloudDeployment,PT,3a,StateSpace,01,7.6981E+0006,3,NUPN,UNKNOWN
4005,CloudDeployment,PT,3b,StateSpace,01,7.7439E+0017,2,NUPN,UNKNOWN
4006,CloudDeployment,PT,4a,StateSpace,01,5.0860E+0008,3,NUPN,UNKNOWN
4007,CloudDeployment,PT,4b,StateSpace,02,1,2,NUPN,UNKNOWN
4008,CloudDeployment,PT,5a,StateSpace,01,2.7853E+0010,2,NUPN,UNKNOWN
4009,CloudDeployment,PT,5b,StateSpace,02,1,2,NUPN,UNKNOWN
4010,CloudDeployment,PT,6a,StateSpace,01,1.3382E+0012,2,NUPN,UNKNOWN
4011,CloudDeployment,PT,6b,StateSpace,02,1,2,NUPN,UNKNOWN
4012,CloudDeployment,PT,7a,StateSpace,01,5.8448E+0013,2,NUPN,UNKNOWN
4013,CloudDeployment,PT,7b,StateSpace,02,1,2,NUPN,UNKNOWN
4014,CloudOpsManagement,PT,00002by00001,StateSpace,01,30090,3,NONE,UNKNOWN
4015,CloudOpsManagement,PT,00005by00002,StateSpace,01,1.9148E+0007,3,NONE,UNKNOWN
4016,CloudOpsManagement,PT,00010by00005,StateSpace,01,1.8532E+0011,2,NONE,UNKNOWN
4017,CloudOpsManagement,PT,00020by00010,StateSpace,01,1.4148E+0015,2,NONE,UNKNOWN
4018,CloudOpsManagement,PT,00040by00020,StateSpace,01,2.6614E+0019,2,NONE,UNKNOWN
4019,CloudOpsManagement,PT,00080by00040,StateSpace,01,8.8251E+0023,2,NONE,UNKNOWN
4020,CloudReconfiguration,PT,301,StateSpace,01,6.0439E+0011,2,NUPN,UNKNOWN
4021,CloudReconfiguration,PT,302,StateSpace,01,9.2748E+0011,2,NUPN,UNKNOWN
4022,CloudReconfiguration,PT,303,StateSpace,01,2.5351E+0011,2,NUPN,UNKNOWN
4023,CloudReconfiguration,PT,304,StateSpace,01,6.0439E+0011,2,NUPN,UNKNOWN
4024,CloudReconfiguration,PT,305,StateSpace,01,6.0156E+0011,2,NUPN,UNKNOWN
4025,CloudReconfiguration,PT,306,StateSpace,01,2.5351E+0011,2,NUPN,UNKNOWN
4026,CloudReconfiguration,PT,307,StateSpace,01,3.1997E+0011,2,NUPN,UNKNOWN
4027,CloudReconfiguration,PT,308,StateSpace,01,9.2748E+0011,2,NUPN,UNKNOWN
4028,CloudReconfiguration,PT,309,StateSpace,01,9.2748E+0011,2,NUPN,UNKNOWN
4029,CloudReconfiguration,PT,310,StateSpace,01,6.0156E+0011,2,NUPN,UNKNOWN
4030,CloudReconfiguration,PT,311,StateSpace,01,4.9371E+0011,2,NUPN,UNKNOWN
4031,CloudReconfiguration,PT,312,StateSpace,01,9.2748E+0011,2,NUPN,UNKNOWN
4032,CloudReconfiguration,PT,313,StateSpace,01,9.2748E+0011,2,NUPN,UNKNOWN
4033,CloudReconfiguration,PT,314,StateSpace,01,4.9371E+0011,2,NUPN,UNKNOWN
4034,CloudReconfiguration,PT,316,StateSpace,01,6.0156E+0011,2,NUPN,UNKNOWN
4035,CloudReconfiguration,PT,317,StateSpace,01,7.9212E+0011,2,NUPN,UNKNOWN
4036,CloudReconfiguration,PT,318,StateSpace,01,1.3103E+0012,2,NUPN,UNKNOWN
4037,CloudReconfiguration,PT,319,StateSpace,01,6.0158E+0011,2,NUPN,UNKNOWN
4038,CloudReconfiguration,PT,320,StateSpace,01,8.4914E+0011,2,NUPN,UNKNOWN
4039,CloudReconfiguration,PT,401,StateSpace,01,1.1020E+0015,2,NUPN,UNKNOWN
4040,CloudReconfiguration,PT,402,StateSpace,01,1.1020E+0015,2,NUPN,UNKNOWN
4041,CO4,PT,01,StateSpace,01,2.2314E+0007,3,NONE,UNKNOWN
4042,CO4,PT,02,StateSpace,01,4.3371E+0007,3,NONE,UNKNOWN
4043,CO4,PT,03,StateSpace,01,7.8219E+0007,3,NONE,UNKNOWN
4044,CO4,PT,04,StateSpace,01,1.1481E+0007,3,NONE,UNKNOWN
4045,CO4,PT,05,StateSpace,01,1.4078E+0007,3,NONE,UNKNOWN
4046,CO4,PT,06,StateSpace,01,5.9277E+0006,3,NONE,UNKNOWN
4047,CO4,PT,07,StateSpace,01,7.3772E+0006,3,NONE,UNKNOWN
4048,CO4,PT,08,StateSpace,01,1.8366E+0009,2,NONE,UNKNOWN
4049,CO4,PT,09,StateSpace,01,1.8200E+0009,2,NONE,UNKNOWN
4050,CO4,PT,10,StateSpace,01,1.5607E+0007,2,NONE,UNKNOWN
4051,CO4,PT,11,StateSpace,01,1.9427E+0007,2,NONE,UNKNOWN
4052,CO4,PT,12,StateSpace,01,5.5698E+0009,2,NONE,UNKNOWN
4053,CO4,PT,13,StateSpace,01,5.5138E+0009,2,NONE,UNKNOWN
4054,CO4,PT,14,StateSpace,01,1.4573E+0010,2,NONE,UNKNOWN
4055,CO4,PT,15,StateSpace,01,1.2562E+0014,2,NONE,UNKNOWN
4056,CO4,PT,16,StateSpace,01,3.4192E+0014,2,NONE,UNKNOWN
4057,CO4,PT,17,StateSpace,01,1.9320E+0012,2,NONE,UNKNOWN
4058,CO4,PT,18,StateSpace,01,9.0186E+0010,2,NONE,UNKNOWN
4059,CO4,PT,19,StateSpace,01,1.0764E+0015,2,NONE,UNKNOWN
4060,CO4,PT,20,StateSpace,01,2.9734E+0015,2,NONE,UNKNOWN
4061,CO4,PT,21,StateSpace,01,1.7092E+0013,2,NONE,UNKNOWN
4062,CopsAndRobbers,PT,CRL005X001,StateSpace,01,215,3,NONE,UNKNOWN
4063,CopsAndRobbers,PT,CRL015X005,StateSpace,01,1.9877E+0007,3,NONE,UNKNOWN
4064,CopsAndRobbers,PT,CRL023X004,StateSpace,01,2.1410E+0007,3,NONE,UNKNOWN
4065,CopsAndRobbers,PT,CRL025X003,StateSpace,01,2.2314E+0006,3,NONE,UNKNOWN
4066,CopsAndRobbers,PT,HRL014X002,StateSpace,01,31556,3,NONE,UNKNOWN
4067,CopsAndRobbers,PT,HRL017X005,StateSpace,01,1.0094E+0008,3,NONE,UNKNOWN
4068,CopsAndRobbers,PT,HRL023X006,StateSpace,01,5.7289E+0009,2,NONE,UNKNOWN
4069,CopsAndRobbers,PT,KFL010N005K002X001,StateSpace,01,980,3,NONE,UNKNOWN
4070,CopsAndRobbers,PT,KFL028N008K002X005,StateSpace,01,6.3943E+0009,2,NONE,UNKNOWN
4071,CopsAndRobbers,PT,KFL036N009K002X003,StateSpace,01,8.3869E+0007,2,NONE,UNKNOWN
4072,CopsAndRobbers,PT,KFL084N009K003X002,StateSpace,01,3.1689E+0007,2,NONE,UNKNOWN
4073,CryptoMiner,COL,D03N000,StateSpace,00,inf,2,NONE,UNKNOWN
4074,CryptoMiner,COL,D03N000,StateSpace,01,inf,2,NONE,UNKNOWN
4075,CryptoMiner,COL,D03N000,StateSpace,02,inf,2,NONE,UNKNOWN
4076,CryptoMiner,COL,D03N000,StateSpace,03,inf,2,NONE,UNKNOWN
4077,CryptoMiner,COL,D03N010,StateSpace,01,38126,3,NONE,UNKNOWN
4078,CryptoMiner,COL,D03N100,StateSpace,01,1.4272E+0010,2,NONE,UNKNOWN
4079,CryptoMiner,COL,D05N000,StateSpace,00,inf,2,NONE,UNKNOWN
4080,CryptoMiner,COL,D05N000,StateSpace,01,inf,2,NONE,UNKNOWN
4081,CryptoMiner,COL,D05N000,StateSpace,02,inf,2,NONE,UNKNOWN
4082,CryptoMiner,COL,D05N000,StateSpace,03,inf,2,NONE,UNKNOWN
4083,CryptoMiner,COL,D05N100,StateSpace,01,2.3406E+0013,2,NONE,UNKNOWN
4084,CryptoMiner,COL,D05N250,StateSpace,01,2.2539E+0017,2,NONE,UNKNOWN
4085,CryptoMiner,COL,D10N000,StateSpace,00,inf,2,NONE,UNKNOWN
4086,CryptoMiner,COL,D10N000,StateSpace,01,inf,2,NONE,UNKNOWN
4087,CryptoMiner,COL,D10N000,StateSpace,02,inf,2,NONE,UNKNOWN
4088,CryptoMiner,COL,D10N000,StateSpace,03,inf,2,NONE,UNKNOWN
4089,CryptoMiner,COL,D10N100,StateSpace,01,1.4277E+0019,2,NONE,UNKNOWN
4090,CryptoMiner,COL,D20N100,StateSpace,01,2.5791E+0027,2,NONE,UNKNOWN
4091,CryptoMiner,PT,D03N000,StateSpace,00,inf,2,NONE,UNKNOWN
4092,CryptoMiner,PT,D03N000,StateSpace,01,inf,2,NONE,UNKNOWN
4093,CryptoMiner,PT,D03N000,StateSpace,02,inf,2,NONE,UNKNOWN
4094,CryptoMiner,PT,D03N000,StateSpace,03,inf,2,NONE,UNKNOWN
4095,CryptoMiner,PT,D03N010,StateSpace,01,38126,3,NONE,UNKNOWN
4096,CryptoMiner,PT,D03N100,StateSpace,01,1.4272E+0010,2,NONE,UNKNOWN
4097,CryptoMiner,PT,D05N000,StateSpace,00,inf,2,NONE,UNKNOWN
4098,CryptoMiner,PT,D05N000,StateSpace,01,inf,2,NONE,UNKNOWN
4099,CryptoMiner,PT,D05N000,StateSpace,02,inf,2,NONE,UNKNOWN
4100,CryptoMiner,PT,D05N000,StateSpace,03,inf,2,NONE,UNKNOWN
4101,CryptoMiner,PT,D05N100,StateSpace,01,2.3406E+0013,2,NONE,UNKNOWN
4102,CryptoMiner,PT,D05N250,StateSpace,01,2.2539E+0017,2,NONE,UNKNOWN
4103,CryptoMiner,PT,D10N000,StateSpace,00,inf,2,NONE,UNKNOWN
4104,CryptoMiner,PT,D10N000,StateSpace,01,inf,2,NONE,UNKNOWN
4105,CryptoMiner,PT,D10N000,StateSpace,02,inf,2,NONE,UNKNOWN
4106,CryptoMiner,PT,D10N000,StateSpace,03,inf,2,NONE,UNKNOWN
4107,CryptoMiner,PT,D10N100,StateSpace,01,1.4277E+0019,2,NONE,UNKNOWN
4108,CryptoMiner,PT,D20N100,StateSpace,01,2.5791E+0027,2,NONE,UNKNOWN
4109,CSRepetitions,COL,02,StateSpace,01,37088,3,NONE,UNKNOWN
4110,CSRepetitions,COL,03,StateSpace,01,1.2939E+0009,2,NONE,UNKNOWN
4111,CSRepetitions,COL,07,StateSpace,03,63,2,NONE,UNKNOWN
4112,CSRepetitions,COL,10,StateSpace,03,120,2,NONE,UNKNOWN
4113,CSRepetitions,PT,02,StateSpace,01,37088,3,NONE,UNKNOWN
4114,CSRepetitions,PT,03,StateSpace,01,1.2939E+0009,2,NONE,UNKNOWN
4115,CSRepetitions,PT,07,StateSpace,03,63,2,NONE,UNKNOWN
4116,CSRepetitions,PT,10,StateSpace,03,120,2,NONE,UNKNOWN
4117,DatabaseWithMutex,COL,02,StateSpace,01,312,2,NONE,UNKNOWN
4118,DatabaseWithMutex,COL,04,StateSpace,01,3.9697E+0010,2,NONE,UNKNOWN
4119,DatabaseWithMutex,PT,02,StateSpace,01,312,3,GEN,UNKNOWN
4120,DatabaseWithMutex,PT,04,StateSpace,01,3.9697E+0010,2,GEN,UNKNOWN
4121,DatabaseWithMutex,PT,10,StateSpace,02,1,2,GEN,UNKNOWN
4122,DatabaseWithMutex,PT,20,StateSpace,02,1,2,GEN,UNKNOWN
4123,DatabaseWithMutex,PT,40,StateSpace,02,1,2,GEN,UNKNOWN
4124,DBSingleClientW,PT,d0m04,StateSpace,01,19668,3,NONE,UNKNOWN
4125,DBSingleClientW,PT,d0m05,StateSpace,01,423300,3,NONE,UNKNOWN
4126,DBSingleClientW,PT,d0m06,StateSpace,01,6.0453E+0006,3,NONE,UNKNOWN
4127,DBSingleClientW,PT,d0m07,StateSpace,01,6.0785E+0007,3,NONE,UNKNOWN
4128,DBSingleClientW,PT,d0m08,StateSpace,01,4.8758E+0008,2,NONE,UNKNOWN
4129,DBSingleClientW,PT,d0m09,StateSpace,01,3.2847E+0009,2,NONE,UNKNOWN
4130,DBSingleClientW,PT,d0m10,StateSpace,01,1.9254E+0010,2,NONE,UNKNOWN
4131,DBSingleClientW,PT,d1m04,StateSpace,01,358640,2,NONE,UNKNOWN
4132,DBSingleClientW,PT,d1m05,StateSpace,01,2.0409E+0007,2,NONE,UNKNOWN
4133,DBSingleClientW,PT,d1m06,StateSpace,00,3.0377E+0008,2,NONE,UNKNOWN
4134,DBSingleClientW,PT,d1m06,StateSpace,01,8.2247E+0008,2,NONE,UNKNOWN
4135,DBSingleClientW,PT,d1m06,StateSpace,02,6,2,NONE,UNKNOWN
4136,DBSingleClientW,PT,d1m06,StateSpace,03,7,2,NONE,UNKNOWN
4137,DBSingleClientW,PT,d1m07,StateSpace,03,8,2,NONE,UNKNOWN
4138,DBSingleClientW,PT,d1m08,StateSpace,03,9,2,NONE,UNKNOWN
4139,DBSingleClientW,PT,d1m09,StateSpace,03,10,2,NONE,UNKNOWN
4140,DBSingleClientW,PT,d1m10,StateSpace,03,11,2,NONE,UNKNOWN
4141,DBSingleClientW,PT,d2m04,StateSpace,01,2.6172E+0006,2,NONE,UNKNOWN
4142,DBSingleClientW,PT,d2m05,StateSpace,00,1.2711E+0008,2,NONE,UNKNOWN
4143,DBSingleClientW,PT,d2m05,StateSpace,01,3.3400E+0008,2,NONE,UNKNOWN
4144,DBSingleClientW,PT,d2m05,StateSpace,02,5,2,NONE,UNKNOWN
4145,DBSingleClientW,PT,d2m05,StateSpace,03,6,2,NONE,UNKNOWN
4146,DBSingleClientW,PT,d2m06,StateSpace,03,7,2,NONE,UNKNOWN
4147,DBSingleClientW,PT,d2m07,StateSpace,03,8,2,NONE,UNKNOWN
4148,DBSingleClientW,PT,d2m08,StateSpace,03,9,2,NONE,UNKNOWN
4149,DBSingleClientW,PT,d2m09,StateSpace,03,10,2,NONE,UNKNOWN
4150,DBSingleClientW,PT,d2m10,StateSpace,03,11,2,NONE,UNKNOWN
4151,Dekker,PT,010,StateSpace,01,171530,3,GEN,UNKNOWN
4152,Dekker,PT,015,StateSpace,01,1.6835E+0007,3,GEN,UNKNOWN
4153,Dekker,PT,020,StateSpace,01,1.2163E+0009,3,GEN,UNKNOWN
4154,Dekker,PT,050,StateSpace,01,1.8676E+0019,2,GEN,UNKNOWN
4155,Dekker,PT,100,StateSpace,01,1.6327E+0035,2,GEN,UNKNOWN
4156,DES,PT,00a,StateSpace,01,2.9310E+0011,2,NUPN,UNKNOWN
4157,DES,PT,00b,StateSpace,01,4.4365E+0020,2,NUPN,UNKNOWN
4158,DES,PT,01a,StateSpace,01,1.2134E+0009,2,NUPN,UNKNOWN
4159,DES,PT,01b,StateSpace,01,3.5377E+0018,2,NUPN,UNKNOWN
4160,DES,PT,02a,StateSpace,01,5.9186E+0010,2,NUPN,UNKNOWN
4161,DES,PT,02b,StateSpace,01,1.2674E+0020,2,NUPN,UNKNOWN
4162,DES,PT,05a,StateSpace,01,2.8039E+0012,2,NUPN,UNKNOWN
4163,DES,PT,05b,StateSpace,01,4.7052E+0021,2,NUPN,UNKNOWN
4164,DES,PT,10a,StateSpace,01,1.9392E+0013,2,NUPN,UNKNOWN
4165,DES,PT,10b,StateSpace,01,3.0429E+0022,2,NUPN,UNKNOWN
4166,DES,PT,20a,StateSpace,01,9.6542E+0013,2,NUPN,UNKNOWN
4167,DES,PT,20b,StateSpace,01,1.4833E+0023,2,NUPN,UNKNOWN
4168,DES,PT,30a,StateSpace,01,2.3231E+0014,2,NUPN,UNKNOWN
4169,DES,PT,30b,StateSpace,01,3.5482E+0023,2,NUPN,UNKNOWN
4170,DES,PT,40a,StateSpace,01,4.2670E+0014,2,NUPN,UNKNOWN
4171,DES,PT,40b,StateSpace,01,6.4989E+0023,2,NUPN,UNKNOWN
4172,DES,PT,50a,StateSpace,01,6.7971E+0014,2,NUPN,UNKNOWN
4173,DES,PT,50b,StateSpace,01,1.0335E+0024,2,NUPN,UNKNOWN
4174,DES,PT,60a,StateSpace,01,9.9133E+0014,2,NUPN,UNKNOWN
4175,DES,PT,60b,StateSpace,01,1.5058E+0024,2,NUPN,UNKNOWN
4176,Diffusion2D,PT,D05N010,StateSpace,01,5.5537E+0009,2,NONE,UNKNOWN
4177,Diffusion2D,PT,D05N050,StateSpace,01,1.7056E+0021,2,NONE,UNKNOWN
4178,Diffusion2D,PT,D05N100,StateSpace,01,3.0206E+0027,2,NONE,UNKNOWN
4179,Diffusion2D,PT,D05N150,StateSpace,01,2.2501E+0031,2,NONE,UNKNOWN
4180,Diffusion2D,PT,D05N200,StateSpace,01,1.4707E+0034,2,NONE,UNKNOWN
4181,Diffusion2D,PT,D05N250,StateSpace,01,2.4062E+0036,2,NONE,UNKNOWN
4182,Diffusion2D,PT,D05N300,StateSpace,01,1.6072E+0038,2,NONE,UNKNOWN
4183,Diffusion2D,PT,D05N350,StateSpace,01,5.7325E+0039,2,NONE,UNKNOWN
4184,Diffusion2D,PT,D10N010,StateSpace,01,2.6754E+0015,2,NONE,UNKNOWN
4185,Diffusion2D,PT,D10N050,StateSpace,01,3.0801E+0042,2,NONE,UNKNOWN
4186,Diffusion2D,PT,D10N100,StateSpace,01,1.5562E+0061,2,NONE,UNKNOWN
4187,Diffusion2D,PT,D10N150,StateSpace,01,9.9930E+0073,2,NONE,UNKNOWN
4188,Diffusion2D,PT,D10N200,StateSpace,01,6.3417E+0083,2,NONE,UNKNOWN
4189,Diffusion2D,PT,D20N010,StateSpace,01,2.3414E+0021,2,NONE,UNKNOWN
4190,Diffusion2D,PT,D20N050,StateSpace,01,2.6113E+0069,2,NONE,UNKNOWN
4191,Diffusion2D,PT,D20N100,StateSpace,01,9.7019E+0109,2,NONE,UNKNOWN
4192,Diffusion2D,PT,D20N150,StateSpace,01,2.0589E+0141,2,NONE,UNKNOWN
4193,Diffusion2D,PT,D30N010,StateSpace,01,7.6041E+0024,2,NONE,UNKNOWN
4194,Diffusion2D,PT,D30N050,StateSpace,01,2.3262E+0086,2,NONE,UNKNOWN
4195,Diffusion2D,PT,D30N100,StateSpace,01,3.9369E+0142,2,NONE,UNKNOWN
4196,Diffusion2D,PT,D30N150,StateSpace,01,3.0661E+0188,2,NONE,UNKNOWN
4197,Diffusion2D,PT,D40N010,StateSpace,01,2.3868E+0027,2,NONE,UNKNOWN
4198,Diffusion2D,PT,D40N050,StateSpace,01,4.2126E+0098,2,NONE,UNKNOWN
4199,Diffusion2D,PT,D40N100,StateSpace,01,4.1604E+0166,2,NONE,UNKNOWN
4200,Diffusion2D,PT,D40N150,StateSpace,00,6.3692E+0220,2,NONE,UNKNOWN
4201,Diffusion2D,PT,D40N150,StateSpace,01,6.7319E+0223,2,NONE,UNKNOWN
4202,Diffusion2D,PT,D40N150,StateSpace,02,150,2,NONE,UNKNOWN
4203,Diffusion2D,PT,D40N150,StateSpace,03,150,2,NONE,UNKNOWN
4204,Diffusion2D,PT,D50N010,StateSpace,01,2.0694E+0029,2,NONE,UNKNOWN
4205,Diffusion2D,PT,D50N050,StateSpace,01,1.6063E+0108,2,NONE,UNKNOWN
4206,Diffusion2D,PT,D50N100,StateSpace,00,4.7067E+0182,2,NONE,UNKNOWN
4207,Diffusion2D,PT,D50N100,StateSpace,01,3.5140E+0185,2,NONE,UNKNOWN
4208,Diffusion2D,PT,D50N100,StateSpace,02,100,2,NONE,UNKNOWN
4209,Diffusion2D,PT,D50N100,StateSpace,03,100,2,NONE,UNKNOWN
4210,Diffusion2D,PT,D50N150,StateSpace,00,6.8837E+0248,2,NONE,UNKNOWN
4211,Diffusion2D,PT,D50N150,StateSpace,01,7.5635E+0251,2,NONE,UNKNOWN
4212,Diffusion2D,PT,D50N150,StateSpace,02,150,2,NONE,UNKNOWN
4213,Diffusion2D,PT,D50N150,StateSpace,03,150,2,NONE,UNKNOWN
4214,DiscoveryGPU,PT,06a,StateSpace,01,1.3528E+0007,3,NUPN,UNKNOWN
4215,DiscoveryGPU,PT,06b,StateSpace,01,3.8660E+0010,2,NUPN,UNKNOWN
4216,DiscoveryGPU,PT,07a,StateSpace,01,1.7361E+0008,2,NUPN,UNKNOWN
4217,DiscoveryGPU,PT,07b,StateSpace,01,1.2725E+0012,2,NUPN,UNKNOWN
4218,DiscoveryGPU,PT,08a,StateSpace,01,2.1826E+0009,2,NUPN,UNKNOWN
4219,DiscoveryGPU,PT,08b,StateSpace,01,4.0675E+0013,2,NUPN,UNKNOWN
4220,DiscoveryGPU,PT,09a,StateSpace,01,2.7009E+0010,2,NUPN,UNKNOWN
4221,DiscoveryGPU,PT,09b,StateSpace,01,1.2710E+0015,2,NUPN,UNKNOWN
4222,DiscoveryGPU,PT,10a,StateSpace,01,3.3011E+0011,2,NUPN,UNKNOWN
4223,DiscoveryGPU,PT,10b,StateSpace,01,3.9011E+0016,2,NUPN,UNKNOWN
4224,DiscoveryGPU,PT,11a,StateSpace,01,3.9944E+0012,2,NUPN,UNKNOWN
4225,DiscoveryGPU,PT,11b,StateSpace,01,1.1800E+0018,2,NUPN,UNKNOWN
4226,DiscoveryGPU,PT,12a,StateSpace,01,4.7932E+0013,2,NUPN,UNKNOWN
4227,DiscoveryGPU,PT,12b,StateSpace,01,3.5272E+0019,2,NUPN,UNKNOWN
4228,DiscoveryGPU,PT,13a,StateSpace,01,5.7119E+0014,2,NUPN,UNKNOWN
4229,DiscoveryGPU,PT,13b,StateSpace,01,1.0439E+0021,2,NUPN,UNKNOWN
4230,DiscoveryGPU,PT,14a,StateSpace,01,6.7665E+0015,2,NUPN,UNKNOWN
4231,DiscoveryGPU,PT,14b,StateSpace,01,3.0638E+0022,2,NUPN,UNKNOWN
4232,DiscoveryGPU,PT,15a,StateSpace,01,7.9747E+0016,2,NUPN,UNKNOWN
4233,DiscoveryGPU,PT,15b,StateSpace,01,8.9289E+0023,2,NUPN,UNKNOWN
4234,DLCflexbar,PT,2a,StateSpace,01,2.0377E+0023,2,NUPN,UNKNOWN
4235,DLCflexbar,PT,2b,StateSpace,02,1,2,NUPN,UNKNOWN
4236,DLCflexbar,PT,3a,StateSpace,01,1.0304E+0033,2,NUPN,UNKNOWN
4237,DLCflexbar,PT,3b,StateSpace,02,1,2,NUPN,UNKNOWN
4238,DLCflexbar,PT,4a,StateSpace,01,1.1869E+0046,2,NUPN,UNKNOWN
4239,DLCflexbar,PT,4b,StateSpace,02,1,2,NUPN,UNKNOWN
4240,DLCflexbar,PT,5a,StateSpace,01,3.0931E+0062,2,NUPN,UNKNOWN
4241,DLCflexbar,PT,5b,StateSpace,02,1,2,NUPN,UNKNOWN
4242,DLCflexbar,PT,6a,StateSpace,01,1.8344E+0082,2,NUPN,UNKNOWN
4243,DLCflexbar,PT,6b,StateSpace,02,1,2,NUPN,UNKNOWN
4244,DLCflexbar,PT,7a,StateSpace,01,2.4966E+0105,2,NUPN,UNKNOWN
4245,DLCflexbar,PT,7b,StateSpace,02,1,2,NUPN,UNKNOWN
4246,DLCflexbar,PT,8a,StateSpace,01,7.8563E+0131,2,NUPN,UNKNOWN
4247,DLCflexbar,PT,8b,StateSpace,02,1,2,NUPN,UNKNOWN
4248,DLCround,PT,03a,StateSpace,01,1.6642E+0009,3,NUPN,UNKNOWN
4249,DLCround,PT,03b,StateSpace,02,1,2,NUPN,UNKNOWN
4250,DLCround,PT,04a,StateSpace,01,2.1918E+0010,2,NUPN,UNKNOWN
4251,DLCround,PT,04b,StateSpace,02,1,2,NUPN,UNKNOWN
4252,DLCround,PT,05a,StateSpace,01,2.7817E+0011,2,NUPN,UNKNOWN
4253,DLCround,PT,05b,StateSpace,02,1,2,NUPN,UNKNOWN
4254,DLCround,PT,06a,StateSpace,01,3.4341E+0012,2,NUPN,UNKNOWN
4255,DLCround,PT,06b,StateSpace,02,1,2,NUPN,UNKNOWN
4256,DLCround,PT,07a,StateSpace,01,4.1489E+0013,2,NUPN,UNKNOWN
4257,DLCround,PT,07b,StateSpace,02,1,2,NUPN,UNKNOWN
4258,DLCround,PT,08a,StateSpace,01,4.9262E+0014,2,NUPN,UNKNOWN
4259,DLCround,PT,08b,StateSpace,02,1,2,NUPN,UNKNOWN
4260,DLCround,PT,09a,StateSpace,01,5.7658E+0015,2,NUPN,UNKNOWN
4261,DLCround,PT,09b,StateSpace,02,1,2,NUPN,UNKNOWN
4262,DLCround,PT,10a,StateSpace,01,6.6679E+0016,2,NUPN,UNKNOWN
4263,DLCround,PT,10b,StateSpace,02,1,2,NUPN,UNKNOWN
4264,DLCround,PT,11a,StateSpace,01,7.6324E+0017,2,NUPN,UNKNOWN
4265,DLCround,PT,11b,StateSpace,02,1,2,NUPN,UNKNOWN
4266,DLCround,PT,12a,StateSpace,01,8.6594E+0018,2,NUPN,UNKNOWN
4267,DLCround,PT,12b,StateSpace,02,1,2,NUPN,UNKNOWN
4268,DLCround,PT,13a,StateSpace,01,9.7487E+0019,2,NUPN,UNKNOWN
4269,DLCround,PT,13b,StateSpace,02,1,2,NUPN,UNKNOWN
4270,DLCshifumi,PT,2a,StateSpace,01,5.0962E+0016,2,NUPN,UNKNOWN
4271,DLCshifumi,PT,2b,StateSpace,02,1,2,NUPN,UNKNOWN
4272,DLCshifumi,PT,3a,StateSpace,01,3.3784E+0038,2,NUPN,UNKNOWN
4273,DLCshifumi,PT,3b,StateSpace,02,1,2,NUPN,UNKNOWN
4274,DLCshifumi,PT,4a,StateSpace,01,2.1585E+0070,2,NUPN,UNKNOWN
4275,DLCshifumi,PT,4b,StateSpace,02,1,2,NUPN,UNKNOWN
4276,DLCshifumi,PT,5a,StateSpace,01,1.5631E+0112,2,NUPN,UNKNOWN
4277,DLCshifumi,PT,5b,StateSpace,02,1,2,NUPN,UNKNOWN
4278,DLCshifumi,PT,6a,StateSpace,01,1.3815E+0164,2,NUPN,UNKNOWN
4279,DLCshifumi,PT,6b,StateSpace,02,1,2,NUPN,UNKNOWN
4280,DNAwalker,PT,01track12Block1,StateSpace,01,13149,3,NONE,UNKNOWN
4281,DNAwalker,PT,02track12Block2,StateSpace,01,21642,3,NONE,UNKNOWN
4282,DNAwalker,PT,03track12BlockBoth,StateSpace,01,20281,3,NONE,UNKNOWN
4283,DNAwalker,PT,04track28LL,StateSpace,01,2.9619E+0009,2,NONE,UNKNOWN
4284,DNAwalker,PT,05track28LR,StateSpace,01,2.9839E+0009,2,NONE,UNKNOWN
4285,DNAwalker,PT,08ringLL,StateSpace,01,2.3702E+0008,3,NONE,UNKNOWN
4286,DNAwalker,PT,09ringLR,StateSpace,01,2.4089E+0008,3,NONE,UNKNOWN
4287,DNAwalker,PT,12ringLLLarge,StateSpace,01,1.5271E+0010,2,NONE,UNKNOWN
4288,DNAwalker,PT,14ringLRLarge,StateSpace,01,1.5025E+0010,2,NONE,UNKNOWN
4289,DNAwalker,PT,16redondantChoiceR,StateSpace,01,9.9050E+0012,2,NONE,UNKNOWN
4290,DNAwalker,PT,18lozangeBlock,StateSpace,03,101,2,NONE,UNKNOWN
4291,DoubleExponent,PT,001,StateSpace,01,148,3,NONE,UNKNOWN
4292,DoubleExponent,PT,002,StateSpace,01,3707,3,NONE,UNKNOWN
4293,DoubleExponent,PT,003,StateSpace,01,2.3851E+0006,3,NONE,UNKNOWN
4294,DoubleLock,PT,p1s1,StateSpace,00,inf,2,NONE,UNKNOWN
4295,DoubleLock,PT,p1s1,StateSpace,01,inf,2,NONE,UNKNOWN
4296,DoubleLock,PT,p1s1,StateSpace,02,inf,2,NONE,UNKNOWN
4297,DoubleLock,PT,p1s1,StateSpace,03,inf,2,NONE,UNKNOWN
4298,DoubleLock,PT,p1s2,StateSpace,00,inf,2,NONE,UNKNOWN
4299,DoubleLock,PT,p1s2,StateSpace,01,inf,2,NONE,UNKNOWN
4300,DoubleLock,PT,p1s2,StateSpace,02,inf,2,NONE,UNKNOWN
4301,DoubleLock,PT,p1s2,StateSpace,03,inf,2,NONE,UNKNOWN
4302,DoubleLock,PT,p1s3,StateSpace,00,inf,2,NONE,UNKNOWN
4303,DoubleLock,PT,p1s3,StateSpace,01,inf,2,NONE,UNKNOWN
4304,DoubleLock,PT,p1s3,StateSpace,02,inf,2,NONE,UNKNOWN
4305,DoubleLock,PT,p1s3,StateSpace,03,inf,2,NONE,UNKNOWN
4306,DoubleLock,PT,p2s1,StateSpace,00,inf,2,NONE,UNKNOWN
4307,DoubleLock,PT,p2s1,StateSpace,01,inf,2,NONE,UNKNOWN
4308,DoubleLock,PT,p2s1,StateSpace,02,inf,2,NONE,UNKNOWN
4309,DoubleLock,PT,p2s1,StateSpace,03,inf,2,NONE,UNKNOWN
4310,DoubleLock,PT,p2s2,StateSpace,00,inf,2,NONE,UNKNOWN
4311,DoubleLock,PT,p2s2,StateSpace,01,inf,2,NONE,UNKNOWN
4312,DoubleLock,PT,p2s2,StateSpace,02,inf,2,NONE,UNKNOWN
4313,DoubleLock,PT,p2s2,StateSpace,03,inf,2,NONE,UNKNOWN
4314,DoubleLock,PT,p3s1,StateSpace,00,inf,2,NONE,UNKNOWN
4315,DoubleLock,PT,p3s1,StateSpace,01,inf,2,NONE,UNKNOWN
4316,DoubleLock,PT,p3s1,StateSpace,02,inf,2,NONE,UNKNOWN
4317,DoubleLock,PT,p3s1,StateSpace,03,inf,2,NONE,UNKNOWN
4318,DoubleLock,PT,p3s2,StateSpace,00,inf,2,NONE,UNKNOWN
4319,DoubleLock,PT,p3s2,StateSpace,01,inf,2,NONE,UNKNOWN
4320,DoubleLock,PT,p3s2,StateSpace,02,inf,2,NONE,UNKNOWN
4321,DoubleLock,PT,p3s2,StateSpace,03,inf,2,NONE,UNKNOWN
4322,DoubleLock,PT,p3s3,StateSpace,00,inf,2,NONE,UNKNOWN
4323,DoubleLock,PT,p3s3,StateSpace,01,inf,2,NONE,UNKNOWN
4324,DoubleLock,PT,p3s3,StateSpace,02,inf,2,NONE,UNKNOWN
4325,DoubleLock,PT,p3s3,StateSpace,03,inf,2,NONE,UNKNOWN
4326,DrinkVendingMachine,COL,02,StateSpace,01,7680,3,NONE,UNKNOWN
4327,DrinkVendingMachine,COL,10,StateSpace,01,3.4501E+0021,2,NONE,UNKNOWN
4328,DrinkVendingMachine,COL,16,StateSpace,00,7.9228E+0028,2,NONE,UNKNOWN
4329,DrinkVendingMachine,COL,16,StateSpace,01,2.4833E+0033,2,NONE,UNKNOWN
4330,DrinkVendingMachine,COL,16,StateSpace,02,1,2,NONE,UNKNOWN
4331,DrinkVendingMachine,COL,16,StateSpace,03,96,2,NONE,UNKNOWN
4332,DrinkVendingMachine,PT,02,StateSpace,01,7680,3,NONE,UNKNOWN
4333,DrinkVendingMachine,PT,10,StateSpace,01,3.4501E+0021,2,NONE,UNKNOWN
4334,Echo,PT,d02r09,StateSpace,02,1,2,GEN,UNKNOWN
4335,Echo,PT,d02r11,StateSpace,02,1,2,GEN,UNKNOWN
4336,Echo,PT,d02r15,StateSpace,02,1,2,GEN,UNKNOWN
4337,Echo,PT,d02r19,StateSpace,02,1,2,GEN,UNKNOWN
4338,Echo,PT,d03r03,StateSpace,02,1,2,GEN,UNKNOWN
4339,Echo,PT,d03r05,StateSpace,02,1,2,GEN,UNKNOWN
4340,Echo,PT,d03r07,StateSpace,02,1,2,GEN,UNKNOWN
4341,Echo,PT,d04r03,StateSpace,02,1,2,GEN,UNKNOWN
4342,Echo,PT,d05r03,StateSpace,02,1,2,GEN,UNKNOWN
4343,EGFr,PT,02010,StateSpace,01,26923,3,GEN,UNKNOWN
4344,EGFr,PT,10420,StateSpace,01,8.4643E+0017,2,GEN,UNKNOWN
4345,EGFr,PT,10421,StateSpace,01,8.4643E+0017,2,NONE,UNKNOWN
4346,EisenbergMcGuire,PT,03,StateSpace,01,93795,3,NUPN,UNKNOWN
4347,EisenbergMcGuire,PT,04,StateSpace,01,7.0495E+0006,3,NUPN,UNKNOWN
4348,EisenbergMcGuire,PT,05,StateSpace,01,5.7053E+0008,2,NUPN,UNKNOWN
4349,EisenbergMcGuire,PT,06,StateSpace,02,1,2,NUPN,UNKNOWN
4350,EisenbergMcGuire,PT,06,StateSpace,03,13,2,NUPN,UNKNOWN
4351,EisenbergMcGuire,PT,07,StateSpace,02,1,2,NUPN,UNKNOWN
4352,EisenbergMcGuire,PT,07,StateSpace,03,15,2,NUPN,UNKNOWN
4353,EisenbergMcGuire,PT,08,StateSpace,02,1,2,NUPN,UNKNOWN
4354,EisenbergMcGuire,PT,08,StateSpace,03,17,2,NUPN,UNKNOWN
4355,EisenbergMcGuire,PT,09,StateSpace,02,1,2,NUPN,UNKNOWN
4356,EisenbergMcGuire,PT,09,StateSpace,03,19,2,NUPN,UNKNOWN
4357,EisenbergMcGuire,PT,10,StateSpace,02,1,2,NUPN,UNKNOWN
4358,EisenbergMcGuire,PT,10,StateSpace,03,21,2,NUPN,UNKNOWN
4359,Election2020,PT,none,StateSpace,03,538,2,NONE,UNKNOWN
4360,EnergyBus,PT,none,StateSpace,01,4.0859E+0013,2,NUPN,UNKNOWN
4361,Eratosthenes,PT,010,StateSpace,01,120,3,NONE,UNKNOWN
4362,Eratosthenes,PT,020,StateSpace,01,23040,3,NONE,UNKNOWN
4363,Eratosthenes,PT,050,StateSpace,01,7.3014E+0011,2,NONE,UNKNOWN
4364,Eratosthenes,PT,100,StateSpace,01,2.0259E+0024,2,NONE,UNKNOWN
4365,Eratosthenes,PT,200,StateSpace,01,2.9173E+0048,2,NONE,UNKNOWN
4366,Eratosthenes,PT,500,StateSpace,01,3.2061E+0124,2,NONE,UNKNOWN
4367,ERK,PT,000001,StateSpace,01,30,3,GEN,UNKNOWN
4368,ERK,PT,000010,StateSpace,01,372372,3,NONE,UNKNOWN
4369,ERK,PT,000100,StateSpace,01,1.6845E+0011,2,NONE,UNKNOWN
4370,ERK,PT,001000,StateSpace,01,1.5429E+0017,2,NONE,UNKNOWN
4371,ERK,PT,010000,StateSpace,00,1.3908E+0022,2,NONE,UNKNOWN
4372,ERK,PT,010000,StateSpace,01,1.5293E+0023,2,NONE,UNKNOWN
4373,ERK,PT,010000,StateSpace,02,10000,2,NONE,UNKNOWN
4374,ERK,PT,010000,StateSpace,03,50000,2,NONE,UNKNOWN
4375,ERK,PT,100000,StateSpace,00,1.3891E+0028,2,NONE,UNKNOWN
4376,ERK,PT,100000,StateSpace,01,1.5279E+0029,2,NONE,UNKNOWN
4377,ERK,PT,100000,StateSpace,02,100000,2,NONE,UNKNOWN
4378,ERK,PT,100000,StateSpace,03,500000,2,NONE,UNKNOWN
4379,ErlangenMainframeV0,PT,0404,StateSpace,01,8.6318E+0011,2,NONE,UNKNOWN
4380,ErlangenMainframeV0,PT,0505,StateSpace,01,1.2841E+0013,2,NONE,UNKNOWN
4381,ErlangenMainframeV0,PT,0606,StateSpace,01,1.9054E+0014,2,NONE,UNKNOWN
4382,ErlangenMainframeV0,PT,0707,StateSpace,01,2.8227E+0015,2,NONE,UNKNOWN
4383,ErlangenMainframeV0,PT,0808,StateSpace,01,4.1768E+0016,2,NONE,UNKNOWN
4384,ErlangenMainframeV0,PT,0909,StateSpace,01,6.1743E+0017,2,NONE,UNKNOWN
4385,ErlangenMainframeV0,PT,1005,StateSpace,01,1.0205E+0018,2,NONE,UNKNOWN
4386,ErlangenMainframeV0,PT,1006,StateSpace,01,1.5781E+0018,2,NONE,UNKNOWN
4387,ErlangenMainframeV0,PT,1007,StateSpace,01,2.4440E+0018,2,NONE,UNKNOWN
4388,ErlangenMainframeV0,PT,1008,StateSpace,01,3.7888E+0018,1,NONE,UNKNOWN
4389,ErlangenMainframeV0,PT,1104,StateSpace,01,6.2351E+0018,2,NONE,UNKNOWN
4390,ErlangenMainframeV0,PT,1105,StateSpace,01,9.6322E+0018,2,NONE,UNKNOWN
4391,ErlangenMainframeV0,PT,1106,StateSpace,01,1.4911E+0019,2,NONE,UNKNOWN
4392,ErlangenMainframeV0,PT,1201,StateSpace,01,1.6206E+0019,2,NONE,UNKNOWN
4393,ErlangenMainframeV0,PT,1202,StateSpace,01,2.4796E+0019,2,NONE,UNKNOWN
4394,ErlangenMainframeV0,PT,1203,StateSpace,01,3.8091E+0019,2,NONE,UNKNOWN
4395,ErlangenMainframeV0,PT,1204,StateSpace,01,5.8730E+0019,2,NONE,UNKNOWN
4396,ErlangenMainframeV0,PT,1301,StateSpace,01,1.5223E+0020,2,NONE,UNKNOWN
4397,ErlangenMainframeV0,PT,1302,StateSpace,01,2.3304E+0020,2,NONE,UNKNOWN
4398,ErlangenMainframeV0,PT,1400,StateSpace,01,7.9479E+0020,2,NONE,UNKNOWN
4399,FireWire,PT,01,StateSpace,01,9.0937E+0006,3,NONE,UNKNOWN
4400,FireWire,PT,02,StateSpace,01,9.6837E+0006,3,NONE,UNKNOWN
4401,FireWire,PT,03,StateSpace,01,3.9400E+0007,3,NONE,UNKNOWN
4402,FireWire,PT,04,StateSpace,01,7.1500E+0006,3,NONE,UNKNOWN
4403,FireWire,PT,05,StateSpace,01,7.2372E+0006,3,NONE,UNKNOWN
4404,FireWire,PT,06,StateSpace,01,3.0638E+0007,3,NONE,UNKNOWN
4405,FireWire,PT,07,StateSpace,01,4.8995E+0007,3,NONE,UNKNOWN
4406,FireWire,PT,08,StateSpace,01,9.0866E+0007,3,NONE,UNKNOWN
4407,FireWire,PT,09,StateSpace,01,3.5910E+0007,3,NONE,UNKNOWN
4408,FireWire,PT,10,StateSpace,01,6.6770E+0007,3,NONE,UNKNOWN
4409,FireWire,PT,11,StateSpace,01,6.6510E+0009,2,NONE,UNKNOWN
4410,FireWire,PT,12,StateSpace,01,5.2688E+0009,2,NONE,UNKNOWN
4411,FireWire,PT,13,StateSpace,01,5.9554E+0009,2,NONE,UNKNOWN
4412,FireWire,PT,14,StateSpace,01,4.5692E+0009,2,NONE,UNKNOWN
4413,FireWire,PT,15,StateSpace,01,1.3972E+0007,3,NONE,UNKNOWN
4414,FireWire,PT,16,StateSpace,01,2.2292E+0007,3,NONE,UNKNOWN
4415,FireWire,PT,17,StateSpace,01,1.3943E+0013,2,NONE,UNKNOWN
4416,FireWire,PT,18,StateSpace,01,5.8968E+0012,2,NONE,UNKNOWN
4417,FireWire,PT,19,StateSpace,00,4.7772E+0017,1,NONE,UNKNOWN
4418,FireWire,PT,19,StateSpace,01,5.0646E+0018,1,NONE,UNKNOWN
4419,FireWire,PT,19,StateSpace,02,1,2,NONE,UNKNOWN
4420,FireWire,PT,19,StateSpace,03,13,1,NONE,UNKNOWN
4421,FireWire,PT,20,StateSpace,02,1,2,NONE,UNKNOWN
4422,FlexibleBarrier,PT,04a,StateSpace,01,121825,3,NUPN,UNKNOWN
4423,FlexibleBarrier,PT,04b,StateSpace,01,4.5016E+0009,2,NUPN,UNKNOWN
4424,FlexibleBarrier,PT,06a,StateSpace,01,2.6666E+0007,3,NUPN,UNKNOWN
4425,FlexibleBarrier,PT,06b,StateSpace,02,1,2,NUPN,UNKNOWN
4426,FlexibleBarrier,PT,08a,StateSpace,01,5.2016E+0009,2,NUPN,UNKNOWN
4427,FlexibleBarrier,PT,08b,StateSpace,02,1,2,NUPN,UNKNOWN
4428,FlexibleBarrier,PT,10a,StateSpace,01,9.5198E+0011,2,NUPN,UNKNOWN
4429,FlexibleBarrier,PT,10b,StateSpace,02,1,2,NUPN,UNKNOWN
4430,FlexibleBarrier,PT,12a,StateSpace,01,1.6730E+0014,2,NUPN,UNKNOWN
4431,FlexibleBarrier,PT,12b,StateSpace,02,1,2,NUPN,UNKNOWN
4432,FlexibleBarrier,PT,14a,StateSpace,01,2.8585E+0016,2,NUPN,UNKNOWN
4433,FlexibleBarrier,PT,14b,StateSpace,02,1,2,NUPN,UNKNOWN
4434,FlexibleBarrier,PT,16a,StateSpace,01,4.7839E+0018,2,NUPN,UNKNOWN
4435,FlexibleBarrier,PT,16b,StateSpace,02,1,2,NUPN,UNKNOWN
4436,FlexibleBarrier,PT,18a,StateSpace,01,7.8798E+0020,2,NUPN,UNKNOWN
4437,FlexibleBarrier,PT,18b,StateSpace,02,1,2,NUPN,UNKNOWN
4438,FlexibleBarrier,PT,20a,StateSpace,01,1.2816E+0023,2,NUPN,UNKNOWN
4439,FlexibleBarrier,PT,20b,StateSpace,02,1,2,NUPN,UNKNOWN
4440,FlexibleBarrier,PT,22a,StateSpace,01,2.0633E+0025,2,NUPN,UNKNOWN
4441,FlexibleBarrier,PT,22b,StateSpace,02,1,2,NUPN,UNKNOWN
4442,FMS,PT,00002,StateSpace,01,16311,3,NONE,UNKNOWN
4443,FMS,PT,00005,StateSpace,01,2.3527E+0007,3,NONE,UNKNOWN
4444,FMS,PT,00010,StateSpace,01,2.7568E+0010,2,NONE,UNKNOWN
4445,FMS,PT,00020,StateSpace,01,8.1442E+0013,2,NONE,UNKNOWN
4446,FMS,PT,00050,StateSpace,01,6.6135E+0018,2,NONE,UNKNOWN
4447,FMS,PT,00100,StateSpace,01,4.4401E+0022,2,NONE,UNKNOWN
4448,FMS,PT,00200,StateSpace,01,3.2957E+0026,2,NONE,UNKNOWN
4449,FMS,PT,00500,StateSpace,00,2.7006E+0030,2,NONE,UNKNOWN
4450,FMS,PT,00500,StateSpace,01,4.6302E+0031,2,NONE,UNKNOWN
4451,FMS,PT,00500,StateSpace,02,500,2,NONE,UNKNOWN
4452,FMS,PT,00500,StateSpace,03,1506,2,NONE,UNKNOWN
4453,FMS,PT,01000,StateSpace,00,2.1577E+0034,2,NONE,UNKNOWN
4454,FMS,PT,01000,StateSpace,01,3.7196E+0035,2,NONE,UNKNOWN
4455,FMS,PT,01000,StateSpace,02,1000,2,NONE,UNKNOWN
4456,FMS,PT,01000,StateSpace,03,3006,2,NONE,UNKNOWN
4457,FMS,PT,02000,StateSpace,00,1.7456E+0038,2,NONE,UNKNOWN
4458,FMS,PT,02000,StateSpace,01,3.0174E+0039,2,NONE,UNKNOWN
4459,FMS,PT,02000,StateSpace,02,2000,2,NONE,UNKNOWN
4460,FMS,PT,02000,StateSpace,03,6006,2,NONE,UNKNOWN
4461,FMS,PT,05000,StateSpace,00,2.5817E+0043,2,NONE,UNKNOWN
4462,FMS,PT,05000,StateSpace,01,4.4700E+0044,2,NONE,UNKNOWN
4463,FMS,PT,05000,StateSpace,02,5000,2,NONE,UNKNOWN
4464,FMS,PT,05000,StateSpace,03,15006,2,NONE,UNKNOWN
4465,FMS,PT,10000,StateSpace,00,2.1096E+0047,2,NONE,UNKNOWN
4466,FMS,PT,10000,StateSpace,01,3.6547E+0048,2,NONE,UNKNOWN
4467,FMS,PT,10000,StateSpace,02,10000,2,NONE,UNKNOWN
4468,FMS,PT,10000,StateSpace,03,30006,2,NONE,UNKNOWN
4469,FMS,PT,20000,StateSpace,00,1.7261E+0051,2,NONE,UNKNOWN
4470,FMS,PT,20000,StateSpace,01,2.9910E+0052,2,NONE,UNKNOWN
4471,FMS,PT,20000,StateSpace,02,20000,2,NONE,UNKNOWN
4472,FMS,PT,20000,StateSpace,03,60006,2,NONE,UNKNOWN
4473,FMS,PT,50000,StateSpace,00,2.5701E+0056,2,NONE,UNKNOWN
4474,FMS,PT,50000,StateSpace,01,4.4544E+0057,2,NONE,UNKNOWN
4475,FMS,PT,50000,StateSpace,02,50000,2,NONE,UNKNOWN
4476,FMS,PT,50000,StateSpace,03,150006,2,NONE,UNKNOWN
4477,FunctionPointer,PT,a002,StateSpace,00,inf,2,NONE,UNKNOWN
4478,FunctionPointer,PT,a002,StateSpace,01,inf,2,NONE,UNKNOWN
4479,FunctionPointer,PT,a002,StateSpace,02,inf,2,NONE,UNKNOWN
4480,FunctionPointer,PT,a002,StateSpace,03,inf,2,NONE,UNKNOWN
4481,FunctionPointer,PT,a004,StateSpace,00,inf,2,NONE,UNKNOWN
4482,FunctionPointer,PT,a004,StateSpace,01,inf,2,NONE,UNKNOWN
4483,FunctionPointer,PT,a004,StateSpace,02,inf,2,NONE,UNKNOWN
4484,FunctionPointer,PT,a004,StateSpace,03,inf,2,NONE,UNKNOWN
4485,FunctionPointer,PT,a008,StateSpace,00,inf,2,NONE,UNKNOWN
4486,FunctionPointer,PT,a008,StateSpace,01,inf,2,NONE,UNKNOWN
4487,FunctionPointer,PT,a008,StateSpace,02,inf,2,NONE,UNKNOWN
4488,FunctionPointer,PT,a008,StateSpace,03,inf,2,NONE,UNKNOWN
4489,FunctionPointer,PT,a016,StateSpace,00,inf,2,NONE,UNKNOWN
4490,FunctionPointer,PT,a016,StateSpace,01,inf,2,NONE,UNKNOWN
4491,FunctionPointer,PT,a016,StateSpace,02,inf,2,NONE,UNKNOWN
4492,FunctionPointer,PT,a016,StateSpace,03,inf,2,NONE,UNKNOWN
4493,FunctionPointer,PT,a032,StateSpace,00,inf,2,NONE,UNKNOWN
4494,FunctionPointer,PT,a032,StateSpace,01,inf,2,NONE,UNKNOWN
4495,FunctionPointer,PT,a032,StateSpace,02,inf,2,NONE,UNKNOWN
4496,FunctionPointer,PT,a032,StateSpace,03,inf,2,NONE,UNKNOWN
4497,FunctionPointer,PT,a064,StateSpace,00,inf,2,NONE,UNKNOWN
4498,FunctionPointer,PT,a064,StateSpace,01,inf,2,NONE,UNKNOWN
4499,FunctionPointer,PT,a064,StateSpace,02,inf,2,NONE,UNKNOWN
4500,FunctionPointer,PT,a064,StateSpace,03,inf,2,NONE,UNKNOWN
4501,FunctionPointer,PT,a128,StateSpace,00,inf,2,NONE,UNKNOWN
4502,FunctionPointer,PT,a128,StateSpace,01,inf,2,NONE,UNKNOWN
4503,FunctionPointer,PT,a128,StateSpace,02,inf,2,NONE,UNKNOWN
4504,FunctionPointer,PT,a128,StateSpace,03,inf,2,NONE,UNKNOWN
4505,FunctionPointer,PT,b002,StateSpace,00,inf,2,NONE,UNKNOWN
4506,FunctionPointer,PT,b002,StateSpace,01,inf,2,NONE,UNKNOWN
4507,FunctionPointer,PT,b002,StateSpace,02,inf,2,NONE,UNKNOWN
4508,FunctionPointer,PT,b002,StateSpace,03,inf,2,NONE,UNKNOWN
4509,FunctionPointer,PT,b004,StateSpace,00,inf,2,NONE,UNKNOWN
4510,FunctionPointer,PT,b004,StateSpace,01,inf,2,NONE,UNKNOWN
4511,FunctionPointer,PT,b004,StateSpace,02,inf,2,NONE,UNKNOWN
4512,FunctionPointer,PT,b004,StateSpace,03,inf,2,NONE,UNKNOWN
4513,FunctionPointer,PT,b008,StateSpace,00,inf,2,NONE,UNKNOWN
4514,FunctionPointer,PT,b008,StateSpace,01,inf,2,NONE,UNKNOWN
4515,FunctionPointer,PT,b008,StateSpace,02,inf,2,NONE,UNKNOWN
4516,FunctionPointer,PT,b008,StateSpace,03,inf,2,NONE,UNKNOWN
4517,FunctionPointer,PT,b016,StateSpace,00,inf,2,NONE,UNKNOWN
4518,FunctionPointer,PT,b016,StateSpace,01,inf,2,NONE,UNKNOWN
4519,FunctionPointer,PT,b016,StateSpace,02,inf,2,NONE,UNKNOWN
4520,FunctionPointer,PT,b016,StateSpace,03,inf,2,NONE,UNKNOWN
4521,FunctionPointer,PT,b032,StateSpace,00,inf,2,NONE,UNKNOWN
4522,FunctionPointer,PT,b032,StateSpace,01,inf,2,NONE,UNKNOWN
4523,FunctionPointer,PT,b032,StateSpace,02,inf,2,NONE,UNKNOWN
4524,FunctionPointer,PT,b032,StateSpace,03,inf,2,NONE,UNKNOWN
4525,FunctionPointer,PT,b064,StateSpace,00,inf,2,NONE,UNKNOWN
4526,FunctionPointer,PT,b064,StateSpace,01,inf,2,NONE,UNKNOWN
4527,FunctionPointer,PT,b064,StateSpace,02,inf,2,NONE,UNKNOWN
4528,FunctionPointer,PT,b064,StateSpace,03,inf,2,NONE,UNKNOWN
4529,FunctionPointer,PT,b128,StateSpace,00,inf,2,NONE,UNKNOWN
4530,FunctionPointer,PT,b128,StateSpace,01,inf,2,NONE,UNKNOWN
4531,FunctionPointer,PT,b128,StateSpace,02,inf,2,NONE,UNKNOWN
4532,FunctionPointer,PT,b128,StateSpace,03,inf,2,NONE,UNKNOWN
4533,FunctionPointer,PT,c002,StateSpace,00,inf,2,NONE,UNKNOWN
4534,FunctionPointer,PT,c002,StateSpace,01,inf,2,NONE,UNKNOWN
4535,FunctionPointer,PT,c002,StateSpace,02,inf,2,NONE,UNKNOWN
4536,FunctionPointer,PT,c002,StateSpace,03,inf,2,NONE,UNKNOWN
4537,FunctionPointer,PT,c004,StateSpace,00,inf,2,NONE,UNKNOWN
4538,FunctionPointer,PT,c004,StateSpace,01,inf,2,NONE,UNKNOWN
4539,FunctionPointer,PT,c004,StateSpace,02,inf,2,NONE,UNKNOWN
4540,FunctionPointer,PT,c004,StateSpace,03,inf,2,NONE,UNKNOWN
4541,FunctionPointer,PT,c008,StateSpace,00,inf,2,NONE,UNKNOWN
4542,FunctionPointer,PT,c008,StateSpace,01,inf,2,NONE,UNKNOWN
4543,FunctionPointer,PT,c008,StateSpace,02,inf,2,NONE,UNKNOWN
4544,FunctionPointer,PT,c008,StateSpace,03,inf,2,NONE,UNKNOWN
4545,FunctionPointer,PT,c016,StateSpace,00,inf,2,NONE,UNKNOWN
4546,FunctionPointer,PT,c016,StateSpace,01,inf,2,NONE,UNKNOWN
4547,FunctionPointer,PT,c016,StateSpace,02,inf,2,NONE,UNKNOWN
4548,FunctionPointer,PT,c016,StateSpace,03,inf,2,NONE,UNKNOWN
4549,FunctionPointer,PT,c032,StateSpace,00,inf,2,NONE,UNKNOWN
4550,FunctionPointer,PT,c032,StateSpace,01,inf,2,NONE,UNKNOWN
4551,FunctionPointer,PT,c032,StateSpace,02,inf,2,NONE,UNKNOWN
4552,FunctionPointer,PT,c032,StateSpace,03,inf,2,NONE,UNKNOWN
4553,FunctionPointer,PT,c064,StateSpace,00,inf,2,NONE,UNKNOWN
4554,FunctionPointer,PT,c064,StateSpace,01,inf,2,NONE,UNKNOWN
4555,FunctionPointer,PT,c064,StateSpace,02,inf,2,NONE,UNKNOWN
4556,FunctionPointer,PT,c064,StateSpace,03,inf,2,NONE,UNKNOWN
4557,FunctionPointer,PT,c128,StateSpace,00,inf,2,NONE,UNKNOWN
4558,FunctionPointer,PT,c128,StateSpace,01,inf,2,NONE,UNKNOWN
4559,FunctionPointer,PT,c128,StateSpace,02,inf,2,NONE,UNKNOWN
4560,FunctionPointer,PT,c128,StateSpace,03,inf,2,NONE,UNKNOWN
4561,GlobalResAllocation,COL,03,StateSpace,01,116178,2,NONE,UNKNOWN
4562,GlobalResAllocation,PT,03,StateSpace,01,116178,2,NONE,UNKNOWN
4563,GPPP,PT,C0001N0000000001,StateSpace,01,42408,3,NONE,UNKNOWN
4564,GPPP,PT,C0001N0000000010,StateSpace,01,9.5557E+0006,3,NONE,UNKNOWN
4565,GPPP,PT,C0001N0000000100,StateSpace,01,8.6974E+0008,2,NONE,UNKNOWN
4566,GPPP,PT,C0001N0000001000,StateSpace,01,8.6140E+0010,2,NONE,UNKNOWN
4567,GPPP,PT,C0010N0000000010,StateSpace,01,2.1047E+0011,2,NONE,UNKNOWN
4568,GPPP,PT,C0010N0000000100,StateSpace,01,1.6421E+0012,2,NONE,UNKNOWN
4569,GPPP,PT,C0010N1000000000,StateSpace,00,1.7689E+0011,2,NONE,UNKNOWN
4570,GPPP,PT,C0010N1000000000,StateSpace,01,1.6421E+0012,2,NONE,UNKNOWN
4571,GPPP,PT,C0010N1000000000,StateSpace,02,4.0000E+0009,2,NONE,UNKNOWN
4572,GPPP,PT,C0010N1000000000,StateSpace,03,9.0000E+0009,2,NONE,UNKNOWN
4573,GPPP,PT,C0100N0000000010,StateSpace,01,1.1983E+0011,2,NONE,UNKNOWN
4574,GPPP,PT,C0100N0000000100,StateSpace,01,2.3484E+0016,2,NONE,UNKNOWN
4575,GPPP,PT,C0100N0000001000,StateSpace,01,1.9832E+0017,2,NONE,UNKNOWN
4576,GPPP,PT,C0100N0000010000,StateSpace,00,2.0293E+0016,2,NONE,UNKNOWN
4577,GPPP,PT,C0100N0000010000,StateSpace,01,1.9832E+0017,2,NONE,UNKNOWN
4578,GPPP,PT,C0100N0000010000,StateSpace,02,40007,2,NONE,UNKNOWN
4579,GPPP,PT,C0100N0000010000,StateSpace,03,93800,2,NONE,UNKNOWN
4580,GPPP,PT,C0100N0000100000,StateSpace,00,2.0293E+0016,2,NONE,UNKNOWN
4581,GPPP,PT,C0100N0000100000,StateSpace,01,1.9832E+0017,2,NONE,UNKNOWN
4582,GPPP,PT,C0100N0000100000,StateSpace,02,400007,2,NONE,UNKNOWN
4583,GPPP,PT,C0100N0000100000,StateSpace,03,903800,2,NONE,UNKNOWN
4584,GPPP,PT,C1000N0000000010,StateSpace,01,1.1983E+0011,2,NONE,UNKNOWN
4585,GPPP,PT,C1000N0000000100,StateSpace,01,1.0253E+0016,2,NONE,UNKNOWN
4586,GPUForwardProgress,PT,04a,StateSpace,01,7374,3,NUPN,UNKNOWN
4587,GPUForwardProgress,PT,04b,StateSpace,01,4.7734E+0007,3,NUPN,UNKNOWN
4588,GPUForwardProgress,PT,08a,StateSpace,01,3.2898E+0006,3,NUPN,UNKNOWN
4589,GPUForwardProgress,PT,08b,StateSpace,01,8.6802E+0012,2,NUPN,UNKNOWN
4590,GPUForwardProgress,PT,12a,StateSpace,01,1.1941E+0009,2,NUPN,UNKNOWN
4591,GPUForwardProgress,PT,12b,StateSpace,01,1.3286E+0018,2,NUPN,UNKNOWN
4592,GPUForwardProgress,PT,16a,StateSpace,01,3.9367E+0011,2,NUPN,UNKNOWN
4593,GPUForwardProgress,PT,16b,StateSpace,01,1.8532E+0023,2,NUPN,UNKNOWN
4594,GPUForwardProgress,PT,20a,StateSpace,01,1.2300E+0014,2,NUPN,UNKNOWN
4595,GPUForwardProgress,PT,20b,StateSpace,01,2.4405E+0028,2,NUPN,UNKNOWN
4596,GPUForwardProgress,PT,24a,StateSpace,01,3.7141E+0016,2,NUPN,UNKNOWN
4597,GPUForwardProgress,PT,24b,StateSpace,01,3.0903E+0033,2,NUPN,UNKNOWN
4598,GPUForwardProgress,PT,28a,StateSpace,01,1.0951E+0019,2,NUPN,UNKNOWN
4599,GPUForwardProgress,PT,28b,StateSpace,01,3.8039E+0038,2,NUPN,UNKNOWN
4600,GPUForwardProgress,PT,32a,StateSpace,01,3.1727E+0021,2,NUPN,UNKNOWN
4601,GPUForwardProgress,PT,32b,StateSpace,01,4.5834E+0043,2,NUPN,UNKNOWN
4602,GPUForwardProgress,PT,36a,StateSpace,01,9.0668E+0023,2,NUPN,UNKNOWN
4603,GPUForwardProgress,PT,36b,StateSpace,01,5.4316E+0048,2,NUPN,UNKNOWN
4604,GPUForwardProgress,PT,40a,StateSpace,01,2.5629E+0026,2,NUPN,UNKNOWN
4605,GPUForwardProgress,PT,40b,StateSpace,01,6.3520E+0053,2,NUPN,UNKNOWN
4606,HealthRecord,PT,01,StateSpace,01,1.9897E+0007,3,NUPN,UNKNOWN
4607,HealthRecord,PT,02,StateSpace,01,3.3979E+0007,3,NUPN,UNKNOWN
4608,HealthRecord,PT,03,StateSpace,01,5.4664E+0007,3,NUPN,UNKNOWN
4609,HealthRecord,PT,04,StateSpace,01,8.5714E+0007,3,NUPN,UNKNOWN
4610,HealthRecord,PT,05,StateSpace,01,1.3279E+0008,3,NUPN,UNKNOWN
4611,HealthRecord,PT,06,StateSpace,01,7.7452E+0009,2,NUPN,UNKNOWN
4612,HealthRecord,PT,07,StateSpace,01,7.9980E+0009,2,NUPN,UNKNOWN
4613,HealthRecord,PT,08,StateSpace,01,1.2618E+0010,2,NUPN,UNKNOWN
4614,HealthRecord,PT,09,StateSpace,01,1.2906E+0010,2,NUPN,UNKNOWN
4615,HealthRecord,PT,10,StateSpace,01,1.9618E+0010,2,NUPN,UNKNOWN
4616,HealthRecord,PT,11,StateSpace,01,1.9930E+0010,2,NUPN,UNKNOWN
4617,HealthRecord,PT,12,StateSpace,01,3.0021E+0010,2,NUPN,UNKNOWN
4618,HealthRecord,PT,13,StateSpace,01,3.0351E+0010,2,NUPN,UNKNOWN
4619,HealthRecord,PT,14,StateSpace,01,4.5685E+0010,2,NUPN,UNKNOWN
4620,HealthRecord,PT,15,StateSpace,01,4.6031E+0010,2,NUPN,UNKNOWN
4621,HealthRecord,PT,16,StateSpace,01,1.8288E+0013,2,NUPN,UNKNOWN
4622,HealthRecord,PT,17,StateSpace,01,8.7119E+0016,2,NUPN,UNKNOWN
4623,HexagonalGrid,PT,110,StateSpace,01,430884,3,NONE,UNKNOWN
4624,HexagonalGrid,PT,126,StateSpace,01,3.9908E+0007,3,NONE,UNKNOWN
4625,HexagonalGrid,PT,226,StateSpace,01,9.9582E+0047,2,NONE,UNKNOWN
4626,HexagonalGrid,PT,516,StateSpace,03,1152,2,NONE,UNKNOWN
4627,HexagonalGrid,PT,816,StateSpace,03,3132,2,NONE,UNKNOWN
4628,HirschbergSinclair,PT,05,StateSpace,01,3.1203E+0007,3,NONE,UNKNOWN
4629,HirschbergSinclair,PT,10,StateSpace,01,7.0857E+0013,2,NONE,UNKNOWN
4630,HirschbergSinclair,PT,15,StateSpace,01,4.4929E+0019,2,NONE,UNKNOWN
4631,HirschbergSinclair,PT,20,StateSpace,01,5.6883E+0025,2,NONE,UNKNOWN
4632,HirschbergSinclair,PT,25,StateSpace,01,2.6527E+0031,2,NONE,UNKNOWN
4633,HirschbergSinclair,PT,30,StateSpace,01,1.2016E+0037,2,NONE,UNKNOWN
4634,HirschbergSinclair,PT,35,StateSpace,01,1.2865E+0043,2,NONE,UNKNOWN
4635,HirschbergSinclair,PT,40,StateSpace,01,5.1464E+0048,2,NONE,UNKNOWN
4636,HirschbergSinclair,PT,45,StateSpace,01,2.0338E+0054,2,NONE,UNKNOWN
4637,HirschbergSinclair,PT,50,StateSpace,01,7.9671E+0059,2,NONE,UNKNOWN
4638,HospitalTriage,PT,none,StateSpace,01,3.5036E+0021,2,NONE,UNKNOWN
4639,HouseConstruction,PT,00002,StateSpace,01,4780,3,NONE,UNKNOWN
4640,HouseConstruction,PT,00005,StateSpace,01,7.1911E+0006,3,NONE,UNKNOWN
4641,HouseConstruction,PT,00010,StateSpace,01,1.4808E+0010,2,NONE,UNKNOWN
4642,HouseConstruction,PT,00020,StateSpace,01,1.6144E+0014,2,NONE,UNKNOWN
4643,HouseConstruction,PT,00050,StateSpace,01,2.3266E+0020,2,NONE,UNKNOWN
4644,HouseConstruction,PT,00100,StateSpace,00,1.5805E+0024,2,NONE,UNKNOWN
4645,HouseConstruction,PT,00100,StateSpace,01,2.5690E+0025,2,NONE,UNKNOWN
4646,HouseConstruction,PT,00100,StateSpace,02,100,2,NONE,UNKNOWN
4647,HouseConstruction,PT,00100,StateSpace,03,600,2,NONE,UNKNOWN
4648,HouseConstruction,PT,00200,StateSpace,00,2.5048E+0029,2,NONE,UNKNOWN
4649,HouseConstruction,PT,00200,StateSpace,01,4.2781E+0030,2,NONE,UNKNOWN
4650,HouseConstruction,PT,00200,StateSpace,02,200,2,NONE,UNKNOWN
4651,HouseConstruction,PT,00200,StateSpace,03,1200,2,NONE,UNKNOWN
4652,HouseConstruction,PT,00500,StateSpace,00,2.6712E+0036,2,NONE,UNKNOWN
4653,HouseConstruction,PT,00500,StateSpace,01,4.7066E+0037,2,NONE,UNKNOWN
4654,HouseConstruction,PT,00500,StateSpace,02,500,2,NONE,UNKNOWN
4655,HouseConstruction,PT,00500,StateSpace,03,3000,2,NONE,UNKNOWN
4656,HouseConstruction,PT,01000,StateSpace,00,6.3035E+0041,2,NONE,UNKNOWN
4657,HouseConstruction,PT,01000,StateSpace,01,1.1225E+0043,2,NONE,UNKNOWN
4658,HouseConstruction,PT,01000,StateSpace,02,1000,2,NONE,UNKNOWN
4659,HouseConstruction,PT,01000,StateSpace,03,6000,2,NONE,UNKNOWN
4660,HouseConstruction,PT,02000,StateSpace,00,1.5673E+0047,2,NONE,UNKNOWN
4661,HouseConstruction,PT,02000,StateSpace,01,2.8060E+0048,2,NONE,UNKNOWN
4662,HouseConstruction,PT,02000,StateSpace,02,2000,2,NONE,UNKNOWN
4663,HouseConstruction,PT,02000,StateSpace,03,12000,2,NONE,UNKNOWN
4664,HouseConstruction,PT,04000,StateSpace,00,4.0011E+0052,2,NONE,UNKNOWN
4665,HouseConstruction,PT,04000,StateSpace,01,7.1826E+0053,2,NONE,UNKNOWN
4666,HouseConstruction,PT,04000,StateSpace,02,4000,2,NONE,UNKNOWN
4667,HouseConstruction,PT,04000,StateSpace,03,24000,2,NONE,UNKNOWN
4668,HouseConstruction,PT,08000,StateSpace,00,1.0350E+0058,2,NONE,UNKNOWN
4669,HouseConstruction,PT,08000,StateSpace,01,1.8606E+0059,2,NONE,UNKNOWN
4670,HouseConstruction,PT,08000,StateSpace,02,8000,2,NONE,UNKNOWN
4671,HouseConstruction,PT,08000,StateSpace,03,48000,2,NONE,UNKNOWN
4672,HouseConstruction,PT,16000,StateSpace,00,2.6953E+0063,2,NONE,UNKNOWN
4673,HouseConstruction,PT,16000,StateSpace,01,4.8483E+0064,2,NONE,UNKNOWN
4674,HouseConstruction,PT,16000,StateSpace,02,16000,2,NONE,UNKNOWN
4675,HouseConstruction,PT,16000,StateSpace,03,96000,2,NONE,UNKNOWN
4676,HouseConstruction,PT,32000,StateSpace,00,7.0422E+0068,2,NONE,UNKNOWN
4677,HouseConstruction,PT,32000,StateSpace,01,1.2672E+0070,2,NONE,UNKNOWN
4678,HouseConstruction,PT,32000,StateSpace,02,32000,2,NONE,UNKNOWN
4679,HouseConstruction,PT,32000,StateSpace,03,192000,2,NONE,UNKNOWN
4680,HypercubeGrid,PT,C3K4P4B12,StateSpace,03,2784,2,NONE,UNKNOWN
4681,HypercubeGrid,PT,C4K3P3B12,StateSpace,03,3780,2,NONE,UNKNOWN
4682,HypercubeGrid,PT,C5K3P3B15,StateSpace,03,14175,2,NONE,UNKNOWN
4683,HypertorusGrid,PT,d2k1p8b00,StateSpace,01,667632,3,NONE,UNKNOWN
4684,HypertorusGrid,PT,d2k2p1b00,StateSpace,01,9.2167E+0011,2,NONE,UNKNOWN
4685,HypertorusGrid,PT,d2k3p2b04,StateSpace,01,3.0194E+0037,2,NONE,UNKNOWN
4686,HypertorusGrid,PT,d3k3p2b06,StateSpace,03,648,2,NONE,UNKNOWN
4687,HypertorusGrid,PT,d4k3p2b08,StateSpace,03,2592,2,NONE,UNKNOWN
4688,HypertorusGrid,PT,d5k3p2b10,StateSpace,03,9720,2,NONE,UNKNOWN
4689,IBM319,PT,none,StateSpace,01,6705,3,GEN,UNKNOWN
4690,IBM5964,PT,none,StateSpace,01,59846,3,NONE,UNKNOWN
4691,IBM703,PT,none,StateSpace,01,20499,3,GEN,UNKNOWN
4692,IBMB2S565S3960,PT,none,StateSpace,01,2.0113E+0017,2,NONE,UNKNOWN
4693,IOTPpurchase,PT,C01M01P01D01,StateSpace,01,436,3,GEN,UNKNOWN
4694,IOTPpurchase,PT,C03M03P03D03,StateSpace,01,1.6841E+0006,3,NONE,UNKNOWN
4695,IOTPpurchase,PT,C05M04P03D02,StateSpace,01,1.0842E+0008,3,NONE,UNKNOWN
4696,IOTPpurchase,PT,C12M10P15D17,StateSpace,01,1.0921E+0015,2,NONE,UNKNOWN
4697,JoinFreeModules,PT,0003,StateSpace,01,225450,3,NONE,UNKNOWN
4698,JoinFreeModules,PT,0004,StateSpace,01,1.3823E+0008,3,NONE,UNKNOWN
4699,JoinFreeModules,PT,0005,StateSpace,01,1.5082E+0011,2,NONE,UNKNOWN
4700,JoinFreeModules,PT,0010,StateSpace,01,5.7218E+0034,2,NONE,UNKNOWN
4701,JoinFreeModules,PT,0020,StateSpace,01,4.0369E+0086,2,NONE,UNKNOWN
4702,JoinFreeModules,PT,0050,StateSpace,01,1.8333E+0282,2,NONE,UNKNOWN
4703,JoinFreeModules,PT,0100,StateSpace,01,+Inf********,2,NONE,UNKNOWN
4704,JoinFreeModules,PT,0200,StateSpace,01,+Inf********,2,NONE,UNKNOWN
4705,JoinFreeModules,PT,0500,StateSpace,01,+Inf********,2,NONE,UNKNOWN
4706,JoinFreeModules,PT,1000,StateSpace,03,1.0030E+0006,2,NONE,UNKNOWN
4707,JoinFreeModules,PT,2000,StateSpace,03,4.0060E+0006,2,NONE,UNKNOWN
4708,JoinFreeModules,PT,5000,StateSpace,03,2.5015E+0007,2,NONE,UNKNOWN
4709,Kanban,PT,00005,StateSpace,01,2.4460E+0007,3,NONE,UNKNOWN
4710,Kanban,PT,00010,StateSpace,01,1.2032E+0010,2,NONE,UNKNOWN
4711,Kanban,PT,00020,StateSpace,01,1.1012E+0013,2,NONE,UNKNOWN
4712,Kanban,PT,00050,StateSpace,01,1.5612E+0017,2,NONE,UNKNOWN
4713,Kanban,PT,00100,StateSpace,01,2.6705E+0020,2,NONE,UNKNOWN
4714,Kanban,PT,00200,StateSpace,01,4.9914E+0023,2,NONE,UNKNOWN
4715,Kanban,PT,00500,StateSpace,00,7.0860E+0026,2,NONE,UNKNOWN
4716,Kanban,PT,00500,StateSpace,01,1.1260E+0028,2,NONE,UNKNOWN
4717,Kanban,PT,00500,StateSpace,02,500,2,NONE,UNKNOWN
4718,Kanban,PT,00500,StateSpace,03,2000,2,NONE,UNKNOWN
4719,Kanban,PT,01000,StateSpace,00,1.4197E+0030,2,NONE,UNKNOWN
4720,Kanban,PT,01000,StateSpace,01,2.2638E+0031,2,NONE,UNKNOWN
4721,Kanban,PT,01000,StateSpace,02,1000,2,NONE,UNKNOWN
4722,Kanban,PT,01000,StateSpace,03,4000,2,NONE,UNKNOWN
4723,Kanban,PT,02000,StateSpace,00,2.8759E+0033,2,NONE,UNKNOWN
4724,Kanban,PT,02000,StateSpace,01,4.5935E+0034,2,NONE,UNKNOWN
4725,Kanban,PT,02000,StateSpace,02,2000,2,NONE,UNKNOWN
4726,Kanban,PT,02000,StateSpace,03,8000,2,NONE,UNKNOWN
4727,Kanban,PT,05000,StateSpace,00,6.8116E+0037,2,NONE,UNKNOWN
4728,Kanban,PT,05000,StateSpace,01,1.0891E+0039,2,NONE,UNKNOWN
4729,Kanban,PT,05000,StateSpace,02,5000,2,NONE,UNKNOWN
4730,Kanban,PT,05000,StateSpace,03,20000,2,NONE,UNKNOWN
4731,Kanban,PT,10000,StateSpace,00,1.3919E+0041,2,NONE,UNKNOWN
4732,Kanban,PT,10000,StateSpace,01,2.2264E+0042,2,NONE,UNKNOWN
4733,Kanban,PT,10000,StateSpace,02,10000,2,NONE,UNKNOWN
4734,Kanban,PT,10000,StateSpace,03,40000,2,NONE,UNKNOWN
4735,Kanban,PT,20000,StateSpace,00,2.8476E+0044,2,NONE,UNKNOWN
4736,Kanban,PT,20000,StateSpace,01,4.5553E+0045,2,NONE,UNKNOWN
4737,Kanban,PT,20000,StateSpace,02,20000,2,NONE,UNKNOWN
4738,Kanban,PT,20000,StateSpace,03,80000,2,NONE,UNKNOWN
4739,Kanban,PT,50000,StateSpace,00,6.7847E+0048,2,NONE,UNKNOWN
4740,Kanban,PT,50000,StateSpace,01,1.0855E+0050,2,NONE,UNKNOWN
4741,Kanban,PT,50000,StateSpace,02,50000,2,NONE,UNKNOWN
4742,Kanban,PT,50000,StateSpace,03,200000,2,NONE,UNKNOWN
4743,LamportFastMutEx,COL,2,StateSpace,01,716,3,NONE,UNKNOWN
4744,LamportFastMutEx,COL,3,StateSpace,01,58272,3,NONE,UNKNOWN
4745,LamportFastMutEx,COL,4,StateSpace,01,9.0460E+0006,3,NONE,UNKNOWN
4746,LamportFastMutEx,COL,5,StateSpace,01,4.1382E+0009,2,NONE,UNKNOWN
4747,LamportFastMutEx,COL,6,StateSpace,01,6.7730E+0012,2,NONE,UNKNOWN
4748,LamportFastMutEx,COL,7,StateSpace,00,2.3326E+0015,2,NONE,UNKNOWN
4749,LamportFastMutEx,COL,7,StateSpace,01,4.2639E+0016,2,NONE,UNKNOWN
4750,LamportFastMutEx,COL,7,StateSpace,02,1,2,NONE,UNKNOWN
4751,LamportFastMutEx,COL,7,StateSpace,03,58,2,NONE,UNKNOWN
4752,LamportFastMutEx,PT,2,StateSpace,01,716,3,GEN,UNKNOWN
4753,LamportFastMutEx,PT,3,StateSpace,01,58272,3,GEN,UNKNOWN
4754,LamportFastMutEx,PT,4,StateSpace,01,9.0460E+0006,3,GEN,UNKNOWN
4755,LamportFastMutEx,PT,5,StateSpace,01,4.1382E+0009,2,GEN,UNKNOWN
4756,LamportFastMutEx,PT,6,StateSpace,00,5.4723E+0011,2,GEN,UNKNOWN
4757,LamportFastMutEx,PT,6,StateSpace,01,6.7730E+0012,2,GEN,UNKNOWN
4758,LamportFastMutEx,PT,6,StateSpace,02,1,2,GEN,UNKNOWN
4759,LamportFastMutEx,PT,6,StateSpace,03,44,2,GEN,UNKNOWN
4760,LamportFastMutEx,PT,7,StateSpace,02,1,2,GEN,UNKNOWN
4761,LamportFastMutEx,PT,8,StateSpace,02,1,2,GEN,UNKNOWN
4762,LeafsetExtension,PT,S08C2,StateSpace,01,359351,3,NONE,UNKNOWN
4763,LeafsetExtension,PT,S08C3,StateSpace,01,8.0531E+0007,2,NONE,UNKNOWN
4764,LeafsetExtension,PT,S08C4,StateSpace,01,9.8749E+0009,2,NONE,UNKNOWN
4765,LeafsetExtension,PT,S16C2,StateSpace,01,5.0382E+0006,2,NONE,UNKNOWN
4766,MAPK,PT,00008,StateSpace,01,7.8949E+0007,3,NONE,UNKNOWN
4767,MAPK,PT,00020,StateSpace,01,1.6890E+0012,2,NONE,UNKNOWN
4768,MAPK,PT,00040,StateSpace,01,1.1099E+0016,2,NONE,UNKNOWN
4769,MAPK,PT,00080,StateSpace,01,1.4704E+0020,2,NONE,UNKNOWN
4770,MAPK,PT,00160,StateSpace,01,2.9670E+0024,2,NONE,UNKNOWN
4771,MAPK,PT,00320,StateSpace,00,2.6163E+0027,2,NONE,UNKNOWN
4772,MAPK,PT,00320,StateSpace,01,7.5604E+0028,2,NONE,UNKNOWN
4773,MAPK,PT,00320,StateSpace,02,320,2,NONE,UNKNOWN
4774,MAPK,PT,00320,StateSpace,03,1440,2,NONE,UNKNOWN
4775,MAPK,PT,00640,StateSpace,00,7.4034E+0031,2,NONE,UNKNOWN
4776,MAPK,PT,00640,StateSpace,01,2.1793E+0033,2,NONE,UNKNOWN
4777,MAPK,PT,00640,StateSpace,02,640,2,NONE,UNKNOWN
4778,MAPK,PT,00640,StateSpace,03,2880,2,NONE,UNKNOWN
4779,MAPK,PT,01280,StateSpace,00,2.2526E+0036,2,NONE,UNKNOWN
4780,MAPK,PT,01280,StateSpace,01,6.6936E+0037,2,NONE,UNKNOWN
4781,MAPK,PT,01280,StateSpace,02,1280,2,NONE,UNKNOWN
4782,MAPK,PT,01280,StateSpace,03,5760,2,NONE,UNKNOWN
4783,MAPK,PT,02560,StateSpace,00,7.1112E+0040,2,NONE,UNKNOWN
4784,MAPK,PT,02560,StateSpace,01,2.1232E+0042,2,NONE,UNKNOWN
4785,MAPK,PT,02560,StateSpace,02,2560,2,NONE,UNKNOWN
4786,MAPK,PT,02560,StateSpace,03,11520,2,NONE,UNKNOWN
4787,MAPK,PT,05120,StateSpace,00,2.2870E+0045,2,NONE,UNKNOWN
4788,MAPK,PT,05120,StateSpace,01,6.8447E+0046,2,NONE,UNKNOWN
4789,MAPK,PT,05120,StateSpace,02,5120,2,NONE,UNKNOWN
4790,MAPK,PT,05120,StateSpace,03,23040,2,NONE,UNKNOWN
4791,MAPK,PT,10240,StateSpace,00,7.4244E+0049,2,NONE,UNKNOWN
4792,MAPK,PT,10240,StateSpace,01,2.2246E+0051,2,NONE,UNKNOWN
4793,MAPK,PT,10240,StateSpace,02,10240,2,NONE,UNKNOWN
4794,MAPK,PT,10240,StateSpace,03,46080,2,NONE,UNKNOWN
4795,MAPKbis,PT,5310,StateSpace,01,9.4861E+0013,2,GEN,UNKNOWN
4796,MAPKbis,PT,5320,StateSpace,01,1.0158E+0008,3,GEN,UNKNOWN
4797,Medical,PT,02,StateSpace,00,inf,2,NONE,UNKNOWN
4798,Medical,PT,02,StateSpace,01,inf,2,NONE,UNKNOWN
4799,Medical,PT,02,StateSpace,02,inf,2,NONE,UNKNOWN
4800,Medical,PT,02,StateSpace,03,inf,2,NONE,UNKNOWN
4801,Medical,PT,04,StateSpace,00,inf,2,NONE,UNKNOWN
4802,Medical,PT,04,StateSpace,01,inf,2,NONE,UNKNOWN
4803,Medical,PT,04,StateSpace,02,inf,2,NONE,UNKNOWN
4804,Medical,PT,04,StateSpace,03,inf,2,NONE,UNKNOWN
4805,Medical,PT,06,StateSpace,00,inf,2,NONE,UNKNOWN
4806,Medical,PT,06,StateSpace,01,inf,2,NONE,UNKNOWN
4807,Medical,PT,06,StateSpace,02,inf,2,NONE,UNKNOWN
4808,Medical,PT,06,StateSpace,03,inf,2,NONE,UNKNOWN
4809,Medical,PT,08,StateSpace,00,inf,2,NONE,UNKNOWN
4810,Medical,PT,08,StateSpace,01,inf,2,NONE,UNKNOWN
4811,Medical,PT,08,StateSpace,02,inf,2,NONE,UNKNOWN
4812,Medical,PT,08,StateSpace,03,inf,2,NONE,UNKNOWN
4813,Medical,PT,10,StateSpace,00,inf,2,NONE,UNKNOWN
4814,Medical,PT,10,StateSpace,01,inf,2,NONE,UNKNOWN
4815,Medical,PT,10,StateSpace,02,inf,2,NONE,UNKNOWN
4816,Medical,PT,10,StateSpace,03,inf,2,NONE,UNKNOWN
4817,Medical,PT,12,StateSpace,00,inf,2,NONE,UNKNOWN
4818,Medical,PT,12,StateSpace,01,inf,2,NONE,UNKNOWN
4819,Medical,PT,12,StateSpace,02,inf,2,NONE,UNKNOWN
4820,Medical,PT,12,StateSpace,03,inf,2,NONE,UNKNOWN
4821,Medical,PT,14,StateSpace,00,inf,2,NONE,UNKNOWN
4822,Medical,PT,14,StateSpace,01,inf,2,NONE,UNKNOWN
4823,Medical,PT,14,StateSpace,02,inf,2,NONE,UNKNOWN
4824,Medical,PT,14,StateSpace,03,inf,2,NONE,UNKNOWN
4825,Medical,PT,16,StateSpace,00,inf,2,NONE,UNKNOWN
4826,Medical,PT,16,StateSpace,01,inf,2,NONE,UNKNOWN
4827,Medical,PT,16,StateSpace,02,inf,2,NONE,UNKNOWN
4828,Medical,PT,16,StateSpace,03,inf,2,NONE,UNKNOWN
4829,Medical,PT,18,StateSpace,00,inf,2,NONE,UNKNOWN
4830,Medical,PT,18,StateSpace,01,inf,2,NONE,UNKNOWN
4831,Medical,PT,18,StateSpace,02,inf,2,NONE,UNKNOWN
4832,Medical,PT,18,StateSpace,03,inf,2,NONE,UNKNOWN
4833,Medical,PT,20,StateSpace,00,inf,2,NONE,UNKNOWN
4834,Medical,PT,20,StateSpace,01,inf,2,NONE,UNKNOWN
4835,Medical,PT,20,StateSpace,02,inf,2,NONE,UNKNOWN
4836,Medical,PT,20,StateSpace,03,inf,2,NONE,UNKNOWN
4837,Medical,PT,22,StateSpace,00,inf,2,NONE,UNKNOWN
4838,Medical,PT,22,StateSpace,01,inf,2,NONE,UNKNOWN
4839,Medical,PT,22,StateSpace,02,inf,2,NONE,UNKNOWN
4840,Medical,PT,22,StateSpace,03,inf,2,NONE,UNKNOWN
4841,Medical,PT,24,StateSpace,00,inf,2,NONE,UNKNOWN
4842,Medical,PT,24,StateSpace,01,inf,2,NONE,UNKNOWN
4843,Medical,PT,24,StateSpace,02,inf,2,NONE,UNKNOWN
4844,Medical,PT,24,StateSpace,03,inf,2,NONE,UNKNOWN
4845,MedleyA,PT,01,StateSpace,01,1.3663E+0008,3,NONE,UNKNOWN
4846,MedleyA,PT,02,StateSpace,01,6.4819E+0006,3,NONE,UNKNOWN
4847,MedleyA,PT,03,StateSpace,01,1.0252E+0009,2,NONE,UNKNOWN
4848,MedleyA,PT,04,StateSpace,01,2.5226E+0008,2,NONE,UNKNOWN
4849,MedleyA,PT,05,StateSpace,01,6.6154E+0010,2,NONE,UNKNOWN
4850,MedleyA,PT,06,StateSpace,01,1.4566E+0008,3,NONE,UNKNOWN
4851,MedleyA,PT,07,StateSpace,01,4.6964E+0008,2,NONE,UNKNOWN
4852,MedleyA,PT,08,StateSpace,01,2.1910E+0008,3,NONE,UNKNOWN
4853,MedleyA,PT,09,StateSpace,01,1.7032E+0009,2,NONE,UNKNOWN
4854,MedleyA,PT,10,StateSpace,01,6.4173E+0008,2,NONE,UNKNOWN
4855,MedleyA,PT,11,StateSpace,02,1,2,NONE,UNKNOWN
4856,MedleyA,PT,12,StateSpace,01,1.1112E+0010,2,NONE,UNKNOWN
4857,MedleyA,PT,13,StateSpace,01,4.9896E+0007,3,NONE,UNKNOWN
4858,MedleyA,PT,14,StateSpace,01,1.5024E+0011,2,NONE,UNKNOWN
4859,MedleyA,PT,15,StateSpace,01,1.4396E+0008,3,NONE,UNKNOWN
4860,MedleyA,PT,16,StateSpace,01,2.5108E+0008,3,NONE,UNKNOWN
4861,MedleyA,PT,17,StateSpace,01,8.2174E+0008,2,NONE,UNKNOWN
4862,MedleyA,PT,18,StateSpace,01,8.1705E+0008,2,NONE,UNKNOWN
4863,MedleyA,PT,19,StateSpace,01,2.5115E+0014,2,NONE,UNKNOWN
4864,MedleyA,PT,20,StateSpace,01,1.8416E+0012,2,NONE,UNKNOWN
4865,MedleyA,PT,21,StateSpace,01,6.5527E+0019,2,NONE,UNKNOWN
4866,MedleyA,PT,23,StateSpace,00,2.1311E+0012,2,NONE,UNKNOWN
4867,MedleyA,PT,23,StateSpace,01,1.7088E+0013,2,NONE,UNKNOWN
4868,MedleyA,PT,23,StateSpace,02,1,2,NONE,UNKNOWN
4869,MedleyA,PT,23,StateSpace,03,10,2,NONE,UNKNOWN
4870,MedleyB,PT,B01,StateSpace,01,7.4530E+0008,2,NONE,UNKNOWN
4871,MedleyB,PT,B02,StateSpace,01,1.7044E+0011,2,NONE,UNKNOWN
4872,MedleyB,PT,B03,StateSpace,01,3.7690E+0013,2,NONE,UNKNOWN
4873,MedleyB,PT,B04,StateSpace,01,5.9037E+0013,2,NONE,UNKNOWN
4874,MedleyB,PT,B05,StateSpace,01,8.2309E+0015,2,NONE,UNKNOWN
4875,MedleyB,PT,B06,StateSpace,01,5.0774E+0015,2,NONE,UNKNOWN
4876,MedleyB,PT,B07,StateSpace,01,1.7906E+0018,2,NONE,UNKNOWN
4877,MedleyB,PT,B08,StateSpace,01,4.2701E+0017,2,NONE,UNKNOWN
4878,MedleyB,PT,B09,StateSpace,01,3.8914E+0020,2,NONE,UNKNOWN
4879,MedleyB,PT,B10,StateSpace,01,3.5333E+0019,2,NONE,UNKNOWN
4880,MedleyB,PT,B11,StateSpace,01,8.4522E+0022,2,NONE,UNKNOWN
4881,MedleyB,PT,B12,StateSpace,01,2.8887E+0021,1,NONE,UNKNOWN
4882,MultiCrashLeafsetExtension,PT,S16C02,StateSpace,00,33708,3,NONE,UNKNOWN
4883,MultiCrashLeafsetExtension,PT,S16C02,StateSpace,01,38129,3,NONE,UNKNOWN
4884,MultiCrashLeafsetExtension,PT,S16C02,StateSpace,02,2,3,NONE,UNKNOWN
4885,MultiCrashLeafsetExtension,PT,S16C02,StateSpace,03,46,3,NONE,UNKNOWN
4886,MultiCrashLeafsetExtension,PT,S16C03,StateSpace,00,268068,2,NONE,UNKNOWN
4887,MultiCrashLeafsetExtension,PT,S16C03,StateSpace,01,303607,2,NONE,UNKNOWN
4888,MultiCrashLeafsetExtension,PT,S16C03,StateSpace,02,3,2,NONE,UNKNOWN
4889,MultiCrashLeafsetExtension,PT,S16C03,StateSpace,03,49,2,NONE,UNKNOWN
4890,MultiCrashLeafsetExtension,PT,S16C04,StateSpace,00,1.3416E+0006,2,NONE,UNKNOWN
4891,MultiCrashLeafsetExtension,PT,S16C04,StateSpace,01,1.5202E+0006,2,NONE,UNKNOWN
4892,MultiCrashLeafsetExtension,PT,S16C04,StateSpace,02,4,2,NONE,UNKNOWN
4893,MultiCrashLeafsetExtension,PT,S16C04,StateSpace,03,52,2,NONE,UNKNOWN
4894,MultiCrashLeafsetExtension,PT,S16C05,StateSpace,00,4.7508E+0006,2,NONE,UNKNOWN
4895,MultiCrashLeafsetExtension,PT,S16C05,StateSpace,01,5.3835E+0006,2,NONE,UNKNOWN
4896,MultiCrashLeafsetExtension,PT,S16C05,StateSpace,02,5,2,NONE,UNKNOWN
4897,MultiCrashLeafsetExtension,PT,S16C05,StateSpace,03,55,2,NONE,UNKNOWN
4898,MultiCrashLeafsetExtension,PT,S24C02,StateSpace,00,108020,2,NONE,UNKNOWN
4899,MultiCrashLeafsetExtension,PT,S24C02,StateSpace,01,122621,2,NONE,UNKNOWN
4900,MultiCrashLeafsetExtension,PT,S24C02,StateSpace,02,2,2,NONE,UNKNOWN
4901,MultiCrashLeafsetExtension,PT,S24C02,StateSpace,03,62,2,NONE,UNKNOWN
4902,MultiCrashLeafsetExtension,PT,S24C03,StateSpace,00,1.2917E+0006,2,NONE,UNKNOWN
4903,MultiCrashLeafsetExtension,PT,S24C03,StateSpace,01,1.4676E+0006,2,NONE,UNKNOWN
4904,MultiCrashLeafsetExtension,PT,S24C03,StateSpace,02,3,2,NONE,UNKNOWN
4905,MultiCrashLeafsetExtension,PT,S24C03,StateSpace,03,65,2,NONE,UNKNOWN
4906,MultiCrashLeafsetExtension,PT,S32C02,StateSpace,00,249308,2,NONE,UNKNOWN
4907,MultiCrashLeafsetExtension,PT,S32C02,StateSpace,01,283497,2,NONE,UNKNOWN
4908,MultiCrashLeafsetExtension,PT,S32C02,StateSpace,02,2,2,NONE,UNKNOWN
4909,MultiCrashLeafsetExtension,PT,S32C02,StateSpace,03,78,2,NONE,UNKNOWN
4910,MultiwaySync,PT,none,StateSpace,01,2.1892E+0021,2,NUPN,UNKNOWN
4911,Murphy,COL,D1N010,StateSpace,01,267984,3,NONE,UNKNOWN
4912,Murphy,COL,D2N050,StateSpace,01,4.7524E+0011,2,NONE,UNKNOWN
4913,Murphy,COL,D2N100,StateSpace,01,1.4135E+0013,2,NONE,UNKNOWN
4914,Murphy,COL,D3N050,StateSpace,01,8.2296E+0015,2,NONE,UNKNOWN
4915,Murphy,COL,D4N025,StateSpace,01,3.6279E+0017,2,NONE,UNKNOWN
4916,Murphy,PT,D1N010,StateSpace,01,267984,3,NONE,UNKNOWN
4917,Murphy,PT,D2N050,StateSpace,01,4.7524E+0011,2,NONE,UNKNOWN
4918,Murphy,PT,D2N100,StateSpace,01,1.4135E+0013,2,NONE,UNKNOWN
4919,Murphy,PT,D3N050,StateSpace,01,8.2296E+0015,2,NONE,UNKNOWN
4920,Murphy,PT,D4N025,StateSpace,01,3.6279E+0017,2,NONE,UNKNOWN
4921,NeighborGrid,PT,d2n3m1c12,StateSpace,01,514800,3,NONE,UNKNOWN
4922,NeighborGrid,PT,d2n3m1t12,StateSpace,01,926640,3,NONE,UNKNOWN
4923,NeighborGrid,PT,d3n3m1t11,StateSpace,01,8.0339E+0016,2,NONE,UNKNOWN
4924,NeighborGrid,PT,d4n3m2c23,StateSpace,01,2.9451E+0068,2,NONE,UNKNOWN
4925,NeighborGrid,PT,d5n4m1t35,StateSpace,00,+Inf********,2,NONE,UNKNOWN
4926,NeighborGrid,PT,d5n4m1t35,StateSpace,01,+Inf********,2,NONE,UNKNOWN
4927,NeighborGrid,PT,d5n4m1t35,StateSpace,02,1024,2,NONE,UNKNOWN
4928,NeighborGrid,PT,d5n4m1t35,StateSpace,03,1024,2,NONE,UNKNOWN
4929,NeoElection,COL,2,StateSpace,01,448,3,NONE,UNKNOWN
4930,NeoElection,COL,3,StateSpace,01,3.5991E+0006,2,NONE,UNKNOWN
4931,NeoElection,COL,4,StateSpace,01,1.8650E+0012,2,NONE,UNKNOWN
4932,NeoElection,COL,5,StateSpace,01,6.4783E+0019,2,NONE,UNKNOWN
4933,NeoElection,PT,2,StateSpace,01,448,3,GEN,UNKNOWN
4934,NeoElection,PT,3,StateSpace,01,3.5991E+0006,2,GEN,UNKNOWN
4935,NeoElection,PT,4,StateSpace,01,1.8650E+0012,2,GEN,UNKNOWN
4936,NeoElection,PT,5,StateSpace,01,6.4783E+0019,2,GEN,UNKNOWN
4937,NeoElection,PT,6,StateSpace,00,1.0207E+0028,2,GEN,UNKNOWN
4938,NeoElection,PT,6,StateSpace,01,1.5647E+0029,2,GEN,UNKNOWN
4939,NeoElection,PT,6,StateSpace,02,1,2,GEN,UNKNOWN
4940,NeoElection,PT,6,StateSpace,03,114,2,GEN,UNKNOWN
4941,NeoElection,PT,7,StateSpace,02,1,2,GEN,UNKNOWN
4942,NeoElection,PT,8,StateSpace,02,1,2,GEN,UNKNOWN
4943,NoC3x3,PT,1A,StateSpace,01,1.6406E+0023,2,NUPN,UNKNOWN
4944,NoC3x3,PT,1B,StateSpace,02,1,2,NUPN,UNKNOWN
4945,NoC3x3,PT,2A,StateSpace,01,3.4845E+0030,2,NUPN,UNKNOWN
4946,NoC3x3,PT,2B,StateSpace,02,1,2,NUPN,UNKNOWN
4947,NoC3x3,PT,3A,StateSpace,01,1.1193E+0031,2,NUPN,UNKNOWN
4948,NoC3x3,PT,3B,StateSpace,02,1,2,NUPN,UNKNOWN
4949,NoC3x3,PT,4B,StateSpace,02,1,2,NUPN,UNKNOWN
4950,NoC3x3,PT,5A,StateSpace,02,1,2,NUPN,UNKNOWN
4951,NoC3x3,PT,5B,StateSpace,02,1,2,NUPN,UNKNOWN
4952,NoC3x3,PT,6A,StateSpace,02,1,2,NUPN,UNKNOWN
4953,NoC3x3,PT,6B,StateSpace,02,1,2,NUPN,UNKNOWN
4954,NoC3x3,PT,7A,StateSpace,02,1,2,NUPN,UNKNOWN
4955,NoC3x3,PT,7B,StateSpace,02,1,2,NUPN,UNKNOWN
4956,NoC3x3,PT,8A,StateSpace,01,7.0411E+0042,2,NUPN,UNKNOWN
4957,NoC3x3,PT,8B,StateSpace,02,1,2,NUPN,UNKNOWN
4958,NQueens,PT,05,StateSpace,01,1295,3,GEN,UNKNOWN
4959,NQueens,PT,08,StateSpace,01,564880,3,GEN,UNKNOWN
4960,NQueens,PT,10,StateSpace,01,4.6240E+0007,3,GEN,UNKNOWN
4961,NQueens,PT,12,StateSpace,02,1,2,GEN,UNKNOWN
4962,NQueens,PT,12,StateSpace,03,72,2,GEN,UNKNOWN
4963,NQueens,PT,15,StateSpace,02,1,2,GEN,UNKNOWN
4964,NQueens,PT,15,StateSpace,03,90,2,GEN,UNKNOWN
4965,NQueens,PT,20,StateSpace,02,1,2,GEN,UNKNOWN
4966,NQueens,PT,20,StateSpace,03,120,2,GEN,UNKNOWN
4967,NQueens,PT,25,StateSpace,02,1,2,GEN,UNKNOWN
4968,NQueens,PT,25,StateSpace,03,150,2,GEN,UNKNOWN
4969,NQueens,PT,30,StateSpace,02,1,2,GEN,UNKNOWN
4970,NQueens,PT,30,StateSpace,03,180,2,GEN,UNKNOWN
4971,PaceMaker,PT,none,StateSpace,01,8.0565E+0018,2,NONE,UNKNOWN
4972,ParamProductionCell,PT,0,StateSpace,01,1.3152E+0007,3,GEN,UNKNOWN
4973,ParamProductionCell,PT,1,StateSpace,01,96722,3,GEN,UNKNOWN
4974,ParamProductionCell,PT,2,StateSpace,01,1.3807E+0006,3,GEN,UNKNOWN
4975,ParamProductionCell,PT,3,StateSpace,01,5.9227E+0006,3,GEN,UNKNOWN
4976,ParamProductionCell,PT,4,StateSpace,01,9.8277E+0006,3,GEN,UNKNOWN
4977,ParamProductionCell,PT,5,StateSpace,01,6.7464E+0006,3,GEN,UNKNOWN
4978,Parking,PT,104,StateSpace,01,339201,3,NUPN,UNKNOWN
4979,Parking,PT,208,StateSpace,01,1.0637E+0011,2,NUPN,UNKNOWN
4980,Parking,PT,416,StateSpace,01,4.5829E+0023,2,NUPN,UNKNOWN
4981,Parking,PT,432,StateSpace,01,3.1753E+0034,2,NUPN,UNKNOWN
4982,Parking,PT,832,StateSpace,01,2.0475E+0056,2,NUPN,UNKNOWN
4983,Parking,PT,864,StateSpace,01,2.9547E+0077,2,NUPN,UNKNOWN
4984,PermAdmissibility,COL,01,StateSpace,01,54600,2,NONE,UNKNOWN
4985,PermAdmissibility,COL,02,StateSpace,03,18,2,NONE,UNKNOWN
4986,PermAdmissibility,COL,05,StateSpace,03,45,2,NONE,UNKNOWN
4987,PermAdmissibility,COL,10,StateSpace,03,90,2,NONE,UNKNOWN
4988,PermAdmissibility,COL,20,StateSpace,03,180,2,NONE,UNKNOWN
4989,PermAdmissibility,COL,50,StateSpace,03,450,2,NONE,UNKNOWN
4990,PermAdmissibility,PT,01,StateSpace,01,54600,3,NONE,UNKNOWN
4991,PermAdmissibility,PT,02,StateSpace,03,18,2,NONE,UNKNOWN
4992,PermAdmissibility,PT,05,StateSpace,03,45,2,NONE,UNKNOWN
4993,PermAdmissibility,PT,10,StateSpace,03,90,2,NONE,UNKNOWN
4994,PermAdmissibility,PT,20,StateSpace,03,180,2,NONE,UNKNOWN
4995,PermAdmissibility,PT,50,StateSpace,03,450,2,NONE,UNKNOWN
4996,Peterson,COL,2,StateSpace,01,62262,3,NONE,UNKNOWN
4997,Peterson,COL,3,StateSpace,01,1.3632E+0007,3,NONE,UNKNOWN
4998,Peterson,COL,4,StateSpace,01,3.1497E+0009,2,NONE,UNKNOWN
4999,Peterson,COL,5,StateSpace,00,1.3656E+0011,2,NONE,UNKNOWN
5000,Peterson,COL,5,StateSpace,01,8.1937E+0011,2,NONE,UNKNOWN
5001,Peterson,COL,5,StateSpace,02,1,2,NONE,UNKNOWN
5002,Peterson,COL,5,StateSpace,03,17,2,NONE,UNKNOWN
5003,Peterson,COL,6,StateSpace,03,20,2,NONE,UNKNOWN
5004,Peterson,COL,7,StateSpace,03,23,2,NONE,UNKNOWN
5005,Peterson,PT,2,StateSpace,01,62262,3,GEN,UNKNOWN
5006,Peterson,PT,3,StateSpace,01,1.3632E+0007,3,GEN,UNKNOWN
5007,Peterson,PT,4,StateSpace,01,3.1497E+0009,2,GEN,UNKNOWN
5008,Peterson,PT,5,StateSpace,00,1.3656E+0011,2,GEN,UNKNOWN
5009,Peterson,PT,5,StateSpace,01,8.1937E+0011,2,GEN,UNKNOWN
5010,Peterson,PT,5,StateSpace,02,1,2,GEN,UNKNOWN
5011,Peterson,PT,5,StateSpace,03,17,2,GEN,UNKNOWN
5012,Peterson,PT,6,StateSpace,02,1,2,GEN,UNKNOWN
5013,Peterson,PT,6,StateSpace,03,20,2,GEN,UNKNOWN
5014,Peterson,PT,7,StateSpace,02,1,2,GEN,UNKNOWN
5015,Peterson,PT,7,StateSpace,03,23,2,GEN,UNKNOWN
5016,PGCD,COL,D02N005,StateSpace,01,43344,3,NONE,UNKNOWN
5017,PGCD,COL,D02N006,StateSpace,01,86241,3,NONE,UNKNOWN
5018,PGCD,COL,D02N100,StateSpace,01,4.8408E+0010,2,NONE,UNKNOWN
5019,PGCD,COL,D03N050,StateSpace,01,4.6276E+0012,2,NONE,UNKNOWN
5020,PGCD,COL,D04N025,StateSpace,01,3.2995E+0013,2,NONE,UNKNOWN
5021,PGCD,COL,D04N050,StateSpace,00,9.3348E+0014,2,NONE,UNKNOWN
5022,PGCD,COL,D04N050,StateSpace,01,1.2914E+0016,2,NONE,UNKNOWN
5023,PGCD,COL,D04N050,StateSpace,02,251,2,NONE,UNKNOWN
5024,PGCD,COL,D04N050,StateSpace,03,510,2,NONE,UNKNOWN
5025,PGCD,COL,D05N025,StateSpace,01,2.4328E+0016,2,NONE,UNKNOWN
5026,PGCD,PT,D02N005,StateSpace,01,43344,3,NONE,UNKNOWN
5027,PGCD,PT,D02N006,StateSpace,01,86241,3,NONE,UNKNOWN
5028,PGCD,PT,D02N100,StateSpace,01,4.8408E+0010,2,NONE,UNKNOWN
5029,PGCD,PT,D03N050,StateSpace,01,4.6276E+0012,2,NONE,UNKNOWN
5030,PGCD,PT,D04N025,StateSpace,01,3.2995E+0013,2,NONE,UNKNOWN
5031,PGCD,PT,D04N050,StateSpace,00,9.3348E+0014,2,NONE,UNKNOWN
5032,PGCD,PT,D04N050,StateSpace,01,1.2914E+0016,2,NONE,UNKNOWN
5033,PGCD,PT,D04N050,StateSpace,02,251,2,NONE,UNKNOWN
5034,PGCD,PT,D04N050,StateSpace,03,510,2,NONE,UNKNOWN
5035,PGCD,PT,D05N025,StateSpace,01,2.4328E+0016,2,NONE,UNKNOWN
5036,PhaseVariation,PT,D02CS010,StateSpace,01,137156,3,NONE,UNKNOWN
5037,PhaseVariation,PT,D02CS100,StateSpace,01,1.0545E+0012,2,NONE,UNKNOWN
5038,PhaseVariation,PT,D05CS010,StateSpace,01,1.4767E+0013,2,NONE,UNKNOWN
5039,Philosophers,COL,000005,StateSpace,01,945,3,NONE,UNKNOWN
5040,Philosophers,COL,000010,StateSpace,01,459270,3,NONE,UNKNOWN
5041,Philosophers,COL,000020,StateSpace,01,5.4239E+0010,2,NONE,UNKNOWN
5042,Philosophers,COL,000050,StateSpace,01,2.7918E+0025,2,NONE,UNKNOWN
5043,Philosophers,COL,000100,StateSpace,01,4.0085E+0049,2,NONE,UNKNOWN
5044,Philosophers,COL,000200,StateSpace,01,4.1318E+0097,2,NONE,UNKNOWN
5045,Philosophers,COL,000500,StateSpace,01,1.4140E+0241,2,NONE,UNKNOWN
5046,Philosophers,COL,001000,StateSpace,01,+Inf********,2,NONE,UNKNOWN
5047,Philosophers,COL,002000,StateSpace,01,+Inf********,2,NONE,UNKNOWN
5048,Philosophers,COL,005000,StateSpace,01,+Inf********,2,NONE,UNKNOWN
5049,Philosophers,COL,010000,StateSpace,01,+Inf********,2,NONE,UNKNOWN
5050,Philosophers,PT,000005,StateSpace,01,945,3,GEN,UNKNOWN
5051,Philosophers,PT,000010,StateSpace,01,459270,3,GEN,UNKNOWN
5052,Philosophers,PT,000020,StateSpace,01,5.4239E+0010,2,GEN,UNKNOWN
5053,Philosophers,PT,000050,StateSpace,01,2.7918E+0025,2,GEN,UNKNOWN
5054,Philosophers,PT,000100,StateSpace,01,4.0085E+0049,2,GEN,UNKNOWN
5055,Philosophers,PT,000200,StateSpace,01,4.1318E+0097,2,GEN,UNKNOWN
5056,Philosophers,PT,000500,StateSpace,01,1.4140E+0241,2,GEN,UNKNOWN
5057,Philosophers,PT,001000,StateSpace,01,+Inf********,2,GEN,UNKNOWN
5058,Philosophers,PT,002000,StateSpace,01,+Inf********,2,GEN,UNKNOWN
5059,Philosophers,PT,005000,StateSpace,01,+Inf********,2,NONE,UNKNOWN
5060,Philosophers,PT,010000,StateSpace,00,+Inf********,2,NONE,UNKNOWN
5061,Philosophers,PT,010000,StateSpace,01,+Inf********,2,NONE,UNKNOWN
5062,PhilosophersDyn,COL,03,StateSpace,01,768,2,NONE,UNKNOWN
5063,PhilosophersDyn,COL,10,StateSpace,01,617350,2,NONE,UNKNOWN
5064,PhilosophersDyn,PT,03,StateSpace,01,768,3,NONE,UNKNOWN
5065,PhilosophersDyn,PT,10,StateSpace,01,617350,2,NONE,UNKNOWN
5066,Planning,PT,none,StateSpace,00,inf,2,NONE,UNKNOWN
5067,Planning,PT,none,StateSpace,01,inf,2,NONE,UNKNOWN
5068,Planning,PT,none,StateSpace,02,inf,2,NONE,UNKNOWN
5069,Planning,PT,none,StateSpace,03,inf,2,NONE,UNKNOWN
5070,PolyORBLF,PT,S02J04T06,StateSpace,01,3.9395E+0008,2,NONE,UNKNOWN
5071,ProductionCell,PT,none,StateSpace,01,1.5338E+0014,2,NUPN,UNKNOWN
5072,QuasiCertifProtocol,COL,02,StateSpace,01,3084,3,NONE,UNKNOWN
5073,QuasiCertifProtocol,COL,06,StateSpace,01,1.6008E+0007,3,NONE,UNKNOWN
5074,QuasiCertifProtocol,PT,02,StateSpace,01,3084,3,NONE,UNKNOWN
5075,QuasiCertifProtocol,PT,06,StateSpace,01,1.6008E+0007,3,NONE,UNKNOWN
5076,Raft,PT,02,StateSpace,01,55824,3,NUPN,UNKNOWN
5077,Raft,PT,03,StateSpace,01,3.5057E+0008,3,NUPN,UNKNOWN
5078,Raft,PT,04,StateSpace,01,4.1776E+0013,2,NUPN,UNKNOWN
5079,Raft,PT,05,StateSpace,01,1.1095E+0020,2,NUPN,UNKNOWN
5080,Raft,PT,06,StateSpace,01,6.9926E+0027,2,NUPN,UNKNOWN
5081,Raft,PT,07,StateSpace,01,1.0676E+0037,2,NUPN,UNKNOWN
5082,Raft,PT,08,StateSpace,01,3.9801E+0047,2,NUPN,UNKNOWN
5083,Raft,PT,09,StateSpace,01,3.6404E+0059,2,NUPN,UNKNOWN
5084,Raft,PT,10,StateSpace,01,8.1963E+0072,2,NUPN,UNKNOWN
5085,Railroad,PT,005,StateSpace,01,7699,3,GEN,UNKNOWN
5086,Railroad,PT,010,StateSpace,01,1.6325E+0007,3,GEN,UNKNOWN
5087,Railroad,PT,020,StateSpace,01,3.4035E+0013,2,GEN,UNKNOWN
5088,Railroad,PT,050,StateSpace,02,1,2,GEN,UNKNOWN
5089,Railroad,PT,100,StateSpace,02,1,2,GEN,UNKNOWN
5090,Referendum,COL,0010,StateSpace,01,393661,3,NONE,UNKNOWN
5091,Referendum,COL,0015,StateSpace,01,1.4349E+0008,3,NONE,UNKNOWN
5092,Referendum,COL,0020,StateSpace,01,4.6490E+0010,2,NONE,UNKNOWN
5093,Referendum,COL,0050,StateSpace,01,2.3930E+0025,2,NONE,UNKNOWN
5094,Referendum,COL,0100,StateSpace,01,3.4359E+0049,2,NONE,UNKNOWN
5095,Referendum,COL,0200,StateSpace,01,3.5415E+0097,2,NONE,UNKNOWN
5096,Referendum,COL,0500,StateSpace,01,1.2120E+0241,2,NONE,UNKNOWN
5097,Referendum,COL,1000,StateSpace,01,+Inf********,2,NONE,UNKNOWN
5098,Referendum,PT,0010,StateSpace,01,393661,3,GEN,UNKNOWN
5099,Referendum,PT,0015,StateSpace,01,1.4349E+0008,3,GEN,UNKNOWN
5100,Referendum,PT,0020,StateSpace,01,4.6490E+0010,2,GEN,UNKNOWN
5101,Referendum,PT,0050,StateSpace,01,2.3930E+0025,2,GEN,UNKNOWN
5102,Referendum,PT,0100,StateSpace,01,3.4359E+0049,2,GEN,UNKNOWN
5103,Referendum,PT,0200,StateSpace,01,3.5415E+0097,2,GEN,UNKNOWN
5104,Referendum,PT,0500,StateSpace,01,1.2120E+0241,2,GEN,UNKNOWN
5105,Referendum,PT,1000,StateSpace,01,+Inf********,2,GEN,UNKNOWN
5106,RefineWMG,PT,002002,StateSpace,01,321732,3,NONE,UNKNOWN
5107,RefineWMG,PT,002003,StateSpace,01,1.1395E+0006,3,NONE,UNKNOWN
5108,RefineWMG,PT,005005,StateSpace,01,9.3792E+0012,2,NONE,UNKNOWN
5109,RefineWMG,PT,005006,StateSpace,01,4.5170E+0013,2,NONE,UNKNOWN
5110,RefineWMG,PT,007007,StateSpace,01,3.6537E+0018,2,NONE,UNKNOWN
5111,RefineWMG,PT,007008,StateSpace,01,1.9333E+0019,2,NONE,UNKNOWN
5112,RefineWMG,PT,010010,StateSpace,01,3.9925E+0027,2,NONE,UNKNOWN
5113,RefineWMG,PT,010011,StateSpace,01,2.2958E+0028,2,NONE,UNKNOWN
5114,RefineWMG,PT,015015,StateSpace,01,9.1418E+0043,2,NONE,UNKNOWN
5115,RefineWMG,PT,015016,StateSpace,01,5.6588E+0044,2,NONE,UNKNOWN
5116,RefineWMG,PT,025025,StateSpace,01,1.1143E+0080,2,NONE,UNKNOWN
5117,RefineWMG,PT,025026,StateSpace,01,7.3656E+0080,2,NONE,UNKNOWN
5118,RefineWMG,PT,050050,StateSpace,01,1.5812E+0182,2,NONE,UNKNOWN
5119,RefineWMG,PT,050051,StateSpace,01,1.1028E+0183,2,NONE,UNKNOWN
5120,RefineWMG,PT,100100,StateSpace,01,+Inf********,2,NONE,UNKNOWN
5121,RefineWMG,PT,100101,StateSpace,01,+Inf********,2,NONE,UNKNOWN
5122,RERS17pb113,PT,1,StateSpace,02,1,2,NUPN,UNKNOWN
5123,RERS17pb113,PT,1,StateSpace,03,13,2,NUPN,UNKNOWN
5124,RERS17pb113,PT,2,StateSpace,03,26,2,NONE,UNKNOWN
5125,RERS17pb113,PT,3,StateSpace,03,39,2,NONE,UNKNOWN
5126,RERS17pb113,PT,4,StateSpace,03,52,2,NONE,UNKNOWN
5127,RERS17pb113,PT,5,StateSpace,03,65,2,NONE,UNKNOWN
5128,RERS17pb113,PT,6,StateSpace,03,78,2,NONE,UNKNOWN
5129,RERS17pb113,PT,7,StateSpace,03,91,2,NONE,UNKNOWN
5130,RERS17pb113,PT,8,StateSpace,03,104,2,NONE,UNKNOWN
5131,RERS17pb113,PT,9,StateSpace,03,117,2,NONE,UNKNOWN
5132,RERS17pb114,PT,1,StateSpace,02,1,2,NUPN,UNKNOWN
5133,RERS17pb114,PT,1,StateSpace,03,18,2,NUPN,UNKNOWN
5134,RERS17pb114,PT,2,StateSpace,03,36,2,NONE,UNKNOWN
5135,RERS17pb114,PT,3,StateSpace,03,54,2,NONE,UNKNOWN
5136,RERS17pb114,PT,4,StateSpace,03,72,2,NONE,UNKNOWN
5137,RERS17pb114,PT,5,StateSpace,03,90,2,NONE,UNKNOWN
5138,RERS17pb114,PT,6,StateSpace,03,108,2,NONE,UNKNOWN
5139,RERS17pb114,PT,7,StateSpace,03,126,2,NONE,UNKNOWN
5140,RERS17pb114,PT,8,StateSpace,03,144,2,NONE,UNKNOWN
5141,RERS17pb114,PT,9,StateSpace,03,162,2,NONE,UNKNOWN
5142,RERS17pb115,PT,1,StateSpace,02,1,2,NUPN,UNKNOWN
5143,RERS17pb115,PT,1,StateSpace,03,19,2,NUPN,UNKNOWN
5144,RERS17pb115,PT,2,StateSpace,03,38,2,NONE,UNKNOWN
5145,RERS17pb115,PT,3,StateSpace,03,57,2,NONE,UNKNOWN
5146,RERS17pb115,PT,4,StateSpace,03,76,2,NONE,UNKNOWN
5147,RERS17pb115,PT,5,StateSpace,03,95,2,NONE,UNKNOWN
5148,RERS17pb115,PT,6,StateSpace,03,114,2,NONE,UNKNOWN
5149,RERS17pb115,PT,7,StateSpace,03,133,2,NONE,UNKNOWN
5150,RERS17pb115,PT,8,StateSpace,03,152,2,NONE,UNKNOWN
5151,RERS17pb115,PT,9,StateSpace,03,171,2,NONE,UNKNOWN
5152,RERS2020,PT,pb101,StateSpace,01,2.6033E+0006,2,NUPN,UNKNOWN
5153,RERS2020,PT,pb102,StateSpace,01,3.3426E+0009,2,NUPN,UNKNOWN
5154,RERS2020,PT,pb103,StateSpace,01,7.2220E+0008,2,NUPN,UNKNOWN
5155,RERS2020,PT,pb104,StateSpace,01,3.2058E+0011,2,NUPN,UNKNOWN
5156,RERS2020,PT,pb105,StateSpace,00,8.0169E+0012,2,NUPN,UNKNOWN
5157,RERS2020,PT,pb105,StateSpace,01,1.0579E+0014,2,NUPN,UNKNOWN
5158,RERS2020,PT,pb105,StateSpace,02,1,2,NUPN,UNKNOWN
5159,RERS2020,PT,pb105,StateSpace,03,11,2,NUPN,UNKNOWN
5160,RERS2020,PT,pb106,StateSpace,02,1,2,NUPN,UNKNOWN
5161,RERS2020,PT,pb106,StateSpace,03,12,2,NUPN,UNKNOWN
5162,RERS2020,PT,pb107,StateSpace,00,2.4371E+0013,2,NUPN,UNKNOWN
5163,RERS2020,PT,pb107,StateSpace,01,4.2216E+0014,2,NUPN,UNKNOWN
5164,RERS2020,PT,pb107,StateSpace,02,1,2,NUPN,UNKNOWN
5165,RERS2020,PT,pb107,StateSpace,03,13,2,NUPN,UNKNOWN
5166,RERS2020,PT,pb108,StateSpace,00,2.5304E+0016,2,NUPN,UNKNOWN
5167,RERS2020,PT,pb108,StateSpace,01,4.7151E+0017,2,NUPN,UNKNOWN
5168,RERS2020,PT,pb108,StateSpace,02,1,2,NUPN,UNKNOWN
5169,RERS2020,PT,pb108,StateSpace,03,15,2,NUPN,UNKNOWN
5170,RERS2020,PT,pb109,StateSpace,02,1,2,NUPN,UNKNOWN
5171,RERS2020,PT,pb109,StateSpace,03,16,2,NUPN,UNKNOWN
5172,ResAllocation,PT,R002C002,StateSpace,01,12,3,GEN,UNKNOWN
5173,ResAllocation,PT,R003C002,StateSpace,01,34,3,GEN,UNKNOWN
5174,ResAllocation,PT,R003C003,StateSpace,01,257,3,GEN,UNKNOWN
5175,ResAllocation,PT,R003C005,StateSpace,01,4960,3,GEN,UNKNOWN
5176,ResAllocation,PT,R003C010,StateSpace,01,6.2867E+0006,3,GEN,UNKNOWN
5177,ResAllocation,PT,R003C015,StateSpace,01,6.4857E+0009,2,GEN,UNKNOWN
5178,ResAllocation,PT,R003C020,StateSpace,01,6.0029E+0012,2,GEN,UNKNOWN
5179,ResAllocation,PT,R003C050,StateSpace,01,1.7616E+0030,2,GEN,UNKNOWN
5180,ResAllocation,PT,R003C100,StateSpace,01,1.0194E+0059,2,GEN,UNKNOWN
5181,ResAllocation,PT,R005C002,StateSpace,01,240,3,GEN,UNKNOWN
5182,ResAllocation,PT,R010C002,StateSpace,01,20480,3,GEN,UNKNOWN
5183,ResAllocation,PT,R015C002,StateSpace,01,1.2698E+0006,3,GEN,UNKNOWN
5184,ResAllocation,PT,R020C002,StateSpace,01,6.6847E+0007,3,GEN,UNKNOWN
5185,ResAllocation,PT,R050C002,StateSpace,01,3.8844E+0017,2,GEN,UNKNOWN
5186,ResAllocation,PT,R100C002,StateSpace,01,1.6654E+0033,2,GEN,UNKNOWN
5187,ResIsolation,PT,N08P1,StateSpace,01,9.9978E+0009,2,NONE,UNKNOWN
5188,ResIsolation,PT,N08P2,StateSpace,01,1.2032E+0011,2,NONE,UNKNOWN
5189,ResIsolation,PT,N08P3,StateSpace,01,1.4426E+0012,2,NONE,UNKNOWN
5190,ResIsolation,PT,N08P4,StateSpace,01,1.7197E+0013,2,NONE,UNKNOWN
5191,ResIsolation,PT,N08P5,StateSpace,01,2.0386E+0014,2,NONE,UNKNOWN
5192,ResIsolation,PT,N09P1,StateSpace,01,1.1060E+0011,2,NONE,UNKNOWN
5193,ResIsolation,PT,N09P2,StateSpace,01,1.3229E+0012,2,NONE,UNKNOWN
5194,ResIsolation,PT,N09P3,StateSpace,01,1.5756E+0013,2,NONE,UNKNOWN
5195,ResIsolation,PT,N09P4,StateSpace,00,1.4784E+0013,2,NONE,UNKNOWN
5196,ResIsolation,PT,N09P4,StateSpace,01,1.8666E+0014,2,NONE,UNKNOWN
5197,ResIsolation,PT,N09P4,StateSpace,02,1,2,NONE,UNKNOWN
5198,ResIsolation,PT,N09P4,StateSpace,03,13,2,NONE,UNKNOWN
5199,ResIsolation,PT,N09P5,StateSpace,02,1,2,NONE,UNKNOWN
5200,ResIsolation,PT,N10P1,StateSpace,01,1.2144E+0012,2,NONE,UNKNOWN
5201,ResIsolation,PT,N10P2,StateSpace,01,1.4437E+0013,2,NONE,UNKNOWN
5202,ResIsolation,PT,N10P3,StateSpace,01,1.7092E+0014,2,NONE,UNKNOWN
5203,ResIsolation,PT,N11P1,StateSpace,01,1.3240E+0013,2,NONE,UNKNOWN
5204,ResIsolation,PT,N11P2,StateSpace,01,1.5651E+0014,2,NONE,UNKNOWN
5205,ResIsolation,PT,N11P3,StateSpace,02,1,2,NONE,UNKNOWN
5206,ResIsolation,PT,N12P1,StateSpace,01,1.4342E+0014,2,NONE,UNKNOWN
5207,ResIsolation,PT,N12P2,StateSpace,02,1,2,NONE,UNKNOWN
5208,ResIsolation,PT,N13P1,StateSpace,02,1,2,NONE,UNKNOWN
5209,Ring,PT,none,StateSpace,01,9.6628E+0012,2,GEN,UNKNOWN
5210,RingSingleMessageInMbox,PT,d0m005,StateSpace,01,4048,3,NONE,UNKNOWN
5211,RingSingleMessageInMbox,PT,d0m010,StateSpace,01,106218,3,NONE,UNKNOWN
5212,RingSingleMessageInMbox,PT,d0m020,StateSpace,01,2.1453E+0006,3,NONE,UNKNOWN
5213,RingSingleMessageInMbox,PT,d0m040,StateSpace,01,3.8414E+0007,3,NONE,UNKNOWN
5214,RingSingleMessageInMbox,PT,d0m080,StateSpace,01,6.4958E+0008,2,NONE,UNKNOWN
5215,RingSingleMessageInMbox,PT,d0m160,StateSpace,01,1.0682E+0010,2,NONE,UNKNOWN
5216,RingSingleMessageInMbox,PT,d1m005,StateSpace,00,1.4924E+0008,2,NONE,UNKNOWN
5217,RingSingleMessageInMbox,PT,d1m005,StateSpace,01,8.5202E+0008,2,NONE,UNKNOWN
5218,RingSingleMessageInMbox,PT,d1m005,StateSpace,02,5,2,NONE,UNKNOWN
5219,RingSingleMessageInMbox,PT,d1m005,StateSpace,03,6,2,NONE,UNKNOWN
5220,RingSingleMessageInMbox,PT,d1m010,StateSpace,03,11,2,NONE,UNKNOWN
5221,RingSingleMessageInMbox,PT,d1m020,StateSpace,03,21,2,NONE,UNKNOWN
5222,RingSingleMessageInMbox,PT,d1m040,StateSpace,03,41,2,NONE,UNKNOWN
5223,RingSingleMessageInMbox,PT,d1m080,StateSpace,03,81,2,NONE,UNKNOWN
5224,RingSingleMessageInMbox,PT,d1m160,StateSpace,03,161,2,NONE,UNKNOWN
5225,RingSingleMessageInMbox,PT,d2m005,StateSpace,03,6,2,NONE,UNKNOWN
5226,RingSingleMessageInMbox,PT,d2m010,StateSpace,03,11,2,NONE,UNKNOWN
5227,RingSingleMessageInMbox,PT,d2m020,StateSpace,03,21,2,NONE,UNKNOWN
5228,RingSingleMessageInMbox,PT,d2m040,StateSpace,03,41,2,NONE,UNKNOWN
5229,RingSingleMessageInMbox,PT,d2m080,StateSpace,03,81,2,NONE,UNKNOWN
5230,RingSingleMessageInMbox,PT,d2m160,StateSpace,03,161,2,NONE,UNKNOWN
5231,RobotManipulation,PT,00001,StateSpace,01,274,3,NONE,UNKNOWN
5232,RobotManipulation,PT,00002,StateSpace,01,5500,3,NONE,UNKNOWN
5233,RobotManipulation,PT,00005,StateSpace,01,1.1377E+0006,3,NONE,UNKNOWN
5234,RobotManipulation,PT,00010,StateSpace,01,1.5728E+0008,3,NONE,UNKNOWN
5235,RobotManipulation,PT,00020,StateSpace,01,3.7588E+0010,2,NONE,UNKNOWN
5236,RobotManipulation,PT,00050,StateSpace,01,8.6729E+0013,2,NONE,UNKNOWN
5237,RobotManipulation,PT,00100,StateSpace,00,3.5216E+0015,2,NONE,UNKNOWN
5238,RobotManipulation,PT,00100,StateSpace,01,3.7218E+0016,2,NONE,UNKNOWN
5239,RobotManipulation,PT,00100,StateSpace,02,201,2,NONE,UNKNOWN
5240,RobotManipulation,PT,00100,StateSpace,03,1002,2,NONE,UNKNOWN
5241,RobotManipulation,PT,00200,StateSpace,00,1.6154E+0018,2,NONE,UNKNOWN
5242,RobotManipulation,PT,00200,StateSpace,01,1.7414E+0019,2,NONE,UNKNOWN
5243,RobotManipulation,PT,00200,StateSpace,02,401,2,NONE,UNKNOWN
5244,RobotManipulation,PT,00200,StateSpace,03,2002,2,NONE,UNKNOWN
5245,RobotManipulation,PT,00500,StateSpace,00,5.7643E+0021,2,NONE,UNKNOWN
5246,RobotManipulation,PT,00500,StateSpace,01,6.2893E+0022,2,NONE,UNKNOWN
5247,RobotManipulation,PT,00500,StateSpace,02,1001,2,NONE,UNKNOWN
5248,RobotManipulation,PT,00500,StateSpace,03,5002,2,NONE,UNKNOWN
5249,RobotManipulation,PT,01000,StateSpace,00,2.8860E+0024,2,NONE,UNKNOWN
5250,RobotManipulation,PT,01000,StateSpace,01,3.1616E+0025,2,NONE,UNKNOWN
5251,RobotManipulation,PT,01000,StateSpace,02,2001,2,NONE,UNKNOWN
5252,RobotManipulation,PT,01000,StateSpace,03,10002,2,NONE,UNKNOWN
5253,RobotManipulation,PT,02000,StateSpace,00,1.4611E+0027,2,NONE,UNKNOWN
5254,RobotManipulation,PT,02000,StateSpace,01,1.6040E+0028,2,NONE,UNKNOWN
5255,RobotManipulation,PT,02000,StateSpace,02,4001,2,NONE,UNKNOWN
5256,RobotManipulation,PT,02000,StateSpace,03,20002,2,NONE,UNKNOWN
5257,RobotManipulation,PT,05000,StateSpace,00,5.5363E+0030,2,NONE,UNKNOWN
5258,RobotManipulation,PT,05000,StateSpace,01,6.0850E+0031,2,NONE,UNKNOWN
5259,RobotManipulation,PT,05000,StateSpace,02,10001,2,NONE,UNKNOWN
5260,RobotManipulation,PT,05000,StateSpace,03,50002,2,NONE,UNKNOWN
5261,RobotManipulation,PT,10000,StateSpace,00,2.8282E+0033,2,NONE,UNKNOWN
5262,RobotManipulation,PT,10000,StateSpace,01,3.1098E+0034,2,NONE,UNKNOWN
5263,RobotManipulation,PT,10000,StateSpace,02,20001,2,NONE,UNKNOWN
5264,RobotManipulation,PT,10000,StateSpace,03,100002,2,NONE,UNKNOWN
5265,RwMutex,PT,r0010w0010,StateSpace,01,10260,3,GEN,UNKNOWN
5266,RwMutex,PT,r0010w0020,StateSpace,01,10280,3,GEN,UNKNOWN
5267,RwMutex,PT,r0010w0050,StateSpace,01,10340,3,GEN,UNKNOWN
5268,RwMutex,PT,r0010w0100,StateSpace,01,10440,3,GEN,UNKNOWN
5269,RwMutex,PT,r0010w0500,StateSpace,01,11240,3,GEN,UNKNOWN
5270,RwMutex,PT,r0010w1000,StateSpace,01,12240,3,GEN,UNKNOWN
5271,RwMutex,PT,r0010w2000,StateSpace,01,14240,3,GEN,UNKNOWN
5272,RwMutex,PT,r0020w0010,StateSpace,01,2.0972E+0007,3,GEN,UNKNOWN
5273,RwMutex,PT,r0100w0010,StateSpace,01,1.2677E+0032,2,GEN,UNKNOWN
5274,RwMutex,PT,r0500w0010,StateSpace,01,1.6367E+0153,2,GEN,UNKNOWN
5275,RwMutex,PT,r1000w0010,StateSpace,01,1.0715E+0304,2,GEN,UNKNOWN
5276,RwMutex,PT,r2000w0010,StateSpace,00,+Inf********,2,GEN,UNKNOWN
5277,RwMutex,PT,r2000w0010,StateSpace,01,+Inf********,2,GEN,UNKNOWN
5278,RwMutex,PT,r2000w0010,StateSpace,02,1,2,GEN,UNKNOWN
5279,RwMutex,PT,r2000w0010,StateSpace,03,4010,2,GEN,UNKNOWN
5280,SafeBus,COL,03,StateSpace,01,12888,3,NONE,UNKNOWN
5281,SafeBus,COL,06,StateSpace,01,2.9905E+0007,3,NONE,UNKNOWN
5282,SafeBus,PT,03,StateSpace,01,12888,3,GEN,UNKNOWN
5283,SafeBus,PT,06,StateSpace,01,2.9905E+0007,3,GEN,UNKNOWN
5284,SafeBus,PT,10,StateSpace,02,1,2,GEN,UNKNOWN
5285,SafeBus,PT,15,StateSpace,02,1,2,GEN,UNKNOWN
5286,SafeBus,PT,20,StateSpace,02,1,2,GEN,UNKNOWN
5287,SatelliteMemory,PT,X00100Y0003,StateSpace,01,209484,3,NONE,UNKNOWN
5288,SatelliteMemory,PT,X01000Y0032,StateSpace,01,2.0619E+0007,3,NONE,UNKNOWN
5289,SatelliteMemory,PT,X01500Y0046,StateSpace,01,4.6504E+0007,3,NONE,UNKNOWN
5290,SemanticWebServices,PT,S064P06,StateSpace,00,inf,2,NONE,UNKNOWN
5291,SemanticWebServices,PT,S064P06,StateSpace,01,inf,2,NONE,UNKNOWN
5292,SemanticWebServices,PT,S064P06,StateSpace,02,inf,2,NONE,UNKNOWN
5293,SemanticWebServices,PT,S064P06,StateSpace,03,inf,2,NONE,UNKNOWN
5294,SemanticWebServices,PT,S064P09,StateSpace,00,inf,2,NONE,UNKNOWN
5295,SemanticWebServices,PT,S064P09,StateSpace,01,inf,2,NONE,UNKNOWN
5296,SemanticWebServices,PT,S064P09,StateSpace,02,inf,2,NONE,UNKNOWN
5297,SemanticWebServices,PT,S064P09,StateSpace,03,inf,2,NONE,UNKNOWN
5298,SemanticWebServices,PT,S064P12,StateSpace,00,inf,2,NONE,UNKNOWN
5299,SemanticWebServices,PT,S064P12,StateSpace,01,inf,2,NONE,UNKNOWN
5300,SemanticWebServices,PT,S064P12,StateSpace,02,inf,2,NONE,UNKNOWN
5301,SemanticWebServices,PT,S064P12,StateSpace,03,inf,2,NONE,UNKNOWN
5302,SemanticWebServices,PT,S064P15,StateSpace,00,inf,2,NONE,UNKNOWN
5303,SemanticWebServices,PT,S064P15,StateSpace,01,inf,2,NONE,UNKNOWN
5304,SemanticWebServices,PT,S064P15,StateSpace,02,inf,2,NONE,UNKNOWN
5305,SemanticWebServices,PT,S064P15,StateSpace,03,inf,2,NONE,UNKNOWN
5306,SemanticWebServices,PT,S064P18,StateSpace,00,inf,2,NONE,UNKNOWN
5307,SemanticWebServices,PT,S064P18,StateSpace,01,inf,2,NONE,UNKNOWN
5308,SemanticWebServices,PT,S064P18,StateSpace,02,inf,2,NONE,UNKNOWN
5309,SemanticWebServices,PT,S064P18,StateSpace,03,inf,2,NONE,UNKNOWN
5310,SemanticWebServices,PT,S128P06,StateSpace,00,inf,2,NONE,UNKNOWN
5311,SemanticWebServices,PT,S128P06,StateSpace,01,inf,2,NONE,UNKNOWN
5312,SemanticWebServices,PT,S128P06,StateSpace,02,inf,2,NONE,UNKNOWN
5313,SemanticWebServices,PT,S128P06,StateSpace,03,inf,2,NONE,UNKNOWN
5314,SemanticWebServices,PT,S128P09,StateSpace,00,inf,2,NONE,UNKNOWN
5315,SemanticWebServices,PT,S128P09,StateSpace,01,inf,2,NONE,UNKNOWN
5316,SemanticWebServices,PT,S128P09,StateSpace,02,inf,2,NONE,UNKNOWN
5317,SemanticWebServices,PT,S128P09,StateSpace,03,inf,2,NONE,UNKNOWN
5318,SemanticWebServices,PT,S128P12,StateSpace,00,inf,2,NONE,UNKNOWN
5319,SemanticWebServices,PT,S128P12,StateSpace,01,inf,2,NONE,UNKNOWN
5320,SemanticWebServices,PT,S128P12,StateSpace,02,inf,2,NONE,UNKNOWN
5321,SemanticWebServices,PT,S128P12,StateSpace,03,inf,2,NONE,UNKNOWN
5322,SemanticWebServices,PT,S128P15,StateSpace,00,inf,2,NONE,UNKNOWN
5323,SemanticWebServices,PT,S128P15,StateSpace,01,inf,2,NONE,UNKNOWN
5324,SemanticWebServices,PT,S128P15,StateSpace,02,inf,2,NONE,UNKNOWN
5325,SemanticWebServices,PT,S128P15,StateSpace,03,inf,2,NONE,UNKNOWN
5326,SemanticWebServices,PT,S128P18,StateSpace,00,inf,2,NONE,UNKNOWN
5327,SemanticWebServices,PT,S128P18,StateSpace,01,inf,2,NONE,UNKNOWN
5328,SemanticWebServices,PT,S128P18,StateSpace,02,inf,2,NONE,UNKNOWN
5329,SemanticWebServices,PT,S128P18,StateSpace,03,inf,2,NONE,UNKNOWN
5330,SemanticWebServices,PT,S256P06,StateSpace,00,inf,2,NONE,UNKNOWN
5331,SemanticWebServices,PT,S256P06,StateSpace,01,inf,2,NONE,UNKNOWN
5332,SemanticWebServices,PT,S256P06,StateSpace,02,inf,2,NONE,UNKNOWN
5333,SemanticWebServices,PT,S256P06,StateSpace,03,inf,2,NONE,UNKNOWN
5334,SemanticWebServices,PT,S256P09,StateSpace,00,inf,2,NONE,UNKNOWN
5335,SemanticWebServices,PT,S256P09,StateSpace,01,inf,2,NONE,UNKNOWN
5336,SemanticWebServices,PT,S256P09,StateSpace,02,inf,2,NONE,UNKNOWN
5337,SemanticWebServices,PT,S256P09,StateSpace,03,inf,2,NONE,UNKNOWN
5338,SemanticWebServices,PT,S256P12,StateSpace,00,inf,2,NONE,UNKNOWN
5339,SemanticWebServices,PT,S256P12,StateSpace,01,inf,2,NONE,UNKNOWN
5340,SemanticWebServices,PT,S256P12,StateSpace,02,inf,2,NONE,UNKNOWN
5341,SemanticWebServices,PT,S256P12,StateSpace,03,inf,2,NONE,UNKNOWN
5342,SemanticWebServices,PT,S256P15,StateSpace,00,inf,2,NONE,UNKNOWN
5343,SemanticWebServices,PT,S256P15,StateSpace,01,inf,2,NONE,UNKNOWN
5344,SemanticWebServices,PT,S256P15,StateSpace,02,inf,2,NONE,UNKNOWN
5345,SemanticWebServices,PT,S256P15,StateSpace,03,inf,2,NONE,UNKNOWN
5346,SemanticWebServices,PT,S256P18,StateSpace,00,inf,2,NONE,UNKNOWN
5347,SemanticWebServices,PT,S256P18,StateSpace,01,inf,2,NONE,UNKNOWN
5348,SemanticWebServices,PT,S256P18,StateSpace,02,inf,2,NONE,UNKNOWN
5349,SemanticWebServices,PT,S256P18,StateSpace,03,inf,2,NONE,UNKNOWN
5350,ServersAndClients,PT,100020,StateSpace,01,4200,3,GEN,UNKNOWN
5351,ServersAndClients,PT,100040,StateSpace,01,8200,3,GEN,UNKNOWN
5352,ServersAndClients,PT,100080,StateSpace,01,16200,3,GEN,UNKNOWN
5353,ServersAndClients,PT,100160,StateSpace,01,32200,3,GEN,UNKNOWN
5354,ServersAndClients,PT,100320,StateSpace,01,64200,2,GEN,UNKNOWN
5355,ServersAndClients,PT,200040,StateSpace,01,16400,3,GEN,UNKNOWN
5356,ServersAndClients,PT,200080,StateSpace,01,32400,2,GEN,UNKNOWN
5357,ServersAndClients,PT,200160,StateSpace,00,32401,2,GEN,UNKNOWN
5358,ServersAndClients,PT,200160,StateSpace,01,64400,2,GEN,UNKNOWN
5359,ServersAndClients,PT,200160,StateSpace,02,1,2,GEN,UNKNOWN
5360,ServersAndClients,PT,200160,StateSpace,03,361,2,GEN,UNKNOWN
5361,ServersAndClients,PT,200320,StateSpace,00,64401,2,GEN,UNKNOWN
5362,ServersAndClients,PT,200320,StateSpace,01,128400,2,GEN,UNKNOWN
5363,ServersAndClients,PT,200320,StateSpace,02,1,2,GEN,UNKNOWN
5364,ServersAndClients,PT,200320,StateSpace,03,521,2,GEN,UNKNOWN
5365,ServersAndClients,PT,400080,StateSpace,01,64800,2,GEN,UNKNOWN
5366,ServersAndClients,PT,400160,StateSpace,00,64801,2,GEN,UNKNOWN
5367,ServersAndClients,PT,400160,StateSpace,01,128800,2,GEN,UNKNOWN
5368,ServersAndClients,PT,400160,StateSpace,02,1,2,GEN,UNKNOWN
5369,ServersAndClients,PT,400160,StateSpace,03,561,2,GEN,UNKNOWN
5370,SharedMemory,COL,000005,StateSpace,01,10395,3,NONE,UNKNOWN
5371,SharedMemory,COL,000010,StateSpace,01,1.9486E+0007,3,NONE,UNKNOWN
5372,SharedMemory,COL,000020,StateSpace,01,9.1974E+0012,2,NONE,UNKNOWN
5373,SharedMemory,COL,000050,StateSpace,01,2.9741E+0028,2,NONE,UNKNOWN
5374,SharedMemory,COL,000100,StateSpace,01,1.7126E+0053,2,NONE,UNKNOWN
5375,SharedMemory,COL,000200,StateSpace,00,3.5241E+0099,2,NONE,UNKNOWN
5376,SharedMemory,COL,000200,StateSpace,01,7.0716E+0101,2,NONE,UNKNOWN
5377,SharedMemory,COL,000200,StateSpace,02,1,2,NONE,UNKNOWN
5378,SharedMemory,COL,000200,StateSpace,03,401,2,NONE,UNKNOWN
5379,SharedMemory,PT,000005,StateSpace,01,10395,3,GEN,UNKNOWN
5380,SharedMemory,PT,000010,StateSpace,01,1.9486E+0007,3,GEN,UNKNOWN
5381,SharedMemory,PT,000020,StateSpace,01,9.1974E+0012,2,GEN,UNKNOWN
5382,SharedMemory,PT,000050,StateSpace,01,2.9741E+0028,2,GEN,UNKNOWN
5383,SharedMemory,PT,000100,StateSpace,01,1.7126E+0053,2,GEN,UNKNOWN
5384,SharedMemory,PT,000200,StateSpace,00,3.5241E+0099,2,GEN,UNKNOWN
5385,SharedMemory,PT,000200,StateSpace,01,7.0716E+0101,2,GEN,UNKNOWN
5386,SharedMemory,PT,000200,StateSpace,02,1,2,GEN,UNKNOWN
5387,SharedMemory,PT,000200,StateSpace,03,401,2,GEN,UNKNOWN
5388,ShieldIIPs,PT,001A,StateSpace,01,36370,3,NUPN,UNKNOWN
5389,ShieldIIPs,PT,001B,StateSpace,01,4.6011E+0006,3,NUPN,UNKNOWN
5390,ShieldIIPs,PT,002A,StateSpace,01,3.1064E+0008,3,NUPN,UNKNOWN
5391,ShieldIIPs,PT,002B,StateSpace,01,2.5394E+0012,2,NUPN,UNKNOWN
5392,ShieldIIPs,PT,003A,StateSpace,01,2.1490E+0012,2,NUPN,UNKNOWN
5393,ShieldIIPs,PT,003B,StateSpace,01,1.1189E+0018,2,NUPN,UNKNOWN
5394,ShieldIIPs,PT,004A,StateSpace,01,1.3493E+0016,2,NUPN,UNKNOWN
5395,ShieldIIPs,PT,004B,StateSpace,00,2.3714E+0022,2,NUPN,UNKNOWN
5396,ShieldIIPs,PT,004B,StateSpace,01,4.4531E+0023,2,NUPN,UNKNOWN
5397,ShieldIIPs,PT,004B,StateSpace,02,1,2,NUPN,UNKNOWN
5398,ShieldIIPs,PT,004B,StateSpace,03,37,2,NUPN,UNKNOWN
5399,ShieldIIPs,PT,005A,StateSpace,01,8.0113E+0019,2,NUPN,UNKNOWN
5400,ShieldIIPs,PT,005B,StateSpace,02,1,2,NUPN,UNKNOWN
5401,ShieldIIPs,PT,010A,StateSpace,00,1.2699E+0037,2,NUPN,UNKNOWN
5402,ShieldIIPs,PT,010A,StateSpace,01,4.0331E+0038,2,NUPN,UNKNOWN
5403,ShieldIIPs,PT,010A,StateSpace,02,1,2,NUPN,UNKNOWN
5404,ShieldIIPs,PT,010A,StateSpace,03,91,2,NUPN,UNKNOWN
5405,ShieldIIPs,PT,010B,StateSpace,02,1,2,NUPN,UNKNOWN
5406,ShieldIIPs,PT,020A,StateSpace,00,8.5049E+0073,2,NUPN,UNKNOWN
5407,ShieldIIPs,PT,020A,StateSpace,01,5.3263E+0075,2,NUPN,UNKNOWN
5408,ShieldIIPs,PT,020A,StateSpace,02,1,2,NUPN,UNKNOWN
5409,ShieldIIPs,PT,020A,StateSpace,03,181,2,NUPN,UNKNOWN
5410,ShieldIIPs,PT,020B,StateSpace,02,1,2,NUPN,UNKNOWN
5411,ShieldIIPs,PT,030A,StateSpace,00,5.6960E+0110,2,NUPN,UNKNOWN
5412,ShieldIIPs,PT,030A,StateSpace,01,5.3254E+0112,2,NUPN,UNKNOWN
5413,ShieldIIPs,PT,030A,StateSpace,02,1,2,NUPN,UNKNOWN
5414,ShieldIIPs,PT,030A,StateSpace,03,271,2,NUPN,UNKNOWN
5415,ShieldIIPs,PT,030B,StateSpace,02,1,2,NUPN,UNKNOWN
5416,ShieldIIPs,PT,040A,StateSpace,00,3.8148E+0147,2,NUPN,UNKNOWN
5417,ShieldIIPs,PT,040A,StateSpace,01,4.7441E+0149,2,NUPN,UNKNOWN
5418,ShieldIIPs,PT,040A,StateSpace,02,1,2,NUPN,UNKNOWN
5419,ShieldIIPs,PT,040A,StateSpace,03,361,2,NUPN,UNKNOWN
5420,ShieldIIPs,PT,040B,StateSpace,02,1,2,NUPN,UNKNOWN
5421,ShieldIIPs,PT,050A,StateSpace,00,2.5549E+0184,2,NUPN,UNKNOWN
5422,ShieldIIPs,PT,050A,StateSpace,01,3.9659E+0186,2,NUPN,UNKNOWN
5423,ShieldIIPs,PT,050A,StateSpace,02,1,2,NUPN,UNKNOWN
5424,ShieldIIPs,PT,050A,StateSpace,03,451,2,NUPN,UNKNOWN
5425,ShieldIIPs,PT,050B,StateSpace,02,1,2,NUPN,UNKNOWN
5426,ShieldIIPs,PT,100A,StateSpace,02,1,2,NUPN,UNKNOWN
5427,ShieldIIPs,PT,100B,StateSpace,02,1,2,NUPN,UNKNOWN
5428,ShieldIIPt,PT,001A,StateSpace,01,6337,3,NUPN,UNKNOWN
5429,ShieldIIPt,PT,001B,StateSpace,01,1.9512E+0007,3,NUPN,UNKNOWN
5430,ShieldIIPt,PT,002A,StateSpace,01,7.2909E+0006,3,NUPN,UNKNOWN
5431,ShieldIIPt,PT,002B,StateSpace,01,3.7972E+0013,2,NUPN,UNKNOWN
5432,ShieldIIPt,PT,003A,StateSpace,01,6.7371E+0009,2,NUPN,UNKNOWN
5433,ShieldIIPt,PT,003B,StateSpace,01,5.7476E+0019,2,NUPN,UNKNOWN
5434,ShieldIIPt,PT,004A,StateSpace,01,5.6371E+0012,2,NUPN,UNKNOWN
5435,ShieldIIPt,PT,004B,StateSpace,01,7.8259E+0025,2,NUPN,UNKNOWN
5436,ShieldIIPt,PT,005A,StateSpace,01,4.4560E+0015,2,NUPN,UNKNOWN
5437,ShieldIIPt,PT,005B,StateSpace,01,1.0040E+0032,2,NUPN,UNKNOWN
5438,ShieldIIPt,PT,010A,StateSpace,01,9.3387E+0029,2,NUPN,UNKNOWN
5439,ShieldIIPt,PT,010B,StateSpace,00,4.4630E+0060,2,NUPN,UNKNOWN
5440,ShieldIIPt,PT,010B,StateSpace,01,2.3395E+0062,2,NUPN,UNKNOWN
5441,ShieldIIPt,PT,010B,StateSpace,02,1,2,NUPN,UNKNOWN
5442,ShieldIIPt,PT,010B,StateSpace,03,91,2,NUPN,UNKNOWN
5443,ShieldIIPt,PT,020A,StateSpace,01,2.1268E+0058,2,NUPN,UNKNOWN
5444,ShieldIIPt,PT,020B,StateSpace,02,1,2,NUPN,UNKNOWN
5445,ShieldIIPt,PT,030A,StateSpace,01,3.6627E+0086,2,NUPN,UNKNOWN
5446,ShieldIIPt,PT,030B,StateSpace,02,1,2,NUPN,UNKNOWN
5447,ShieldIIPt,PT,040A,StateSpace,01,5.6186E+0114,2,NUPN,UNKNOWN
5448,ShieldIIPt,PT,040B,StateSpace,02,1,2,NUPN,UNKNOWN
5449,ShieldIIPt,PT,050A,StateSpace,01,8.0870E+0142,2,NUPN,UNKNOWN
5450,ShieldIIPt,PT,050B,StateSpace,02,1,2,NUPN,UNKNOWN
5451,ShieldIIPt,PT,100A,StateSpace,01,3.2864E+0283,2,NUPN,UNKNOWN
5452,ShieldIIPt,PT,100B,StateSpace,02,1,2,NUPN,UNKNOWN
5453,ShieldPPPs,PT,001A,StateSpace,01,275471,3,NUPN,UNKNOWN
5454,ShieldPPPs,PT,001B,StateSpace,01,2.8813E+0007,3,NUPN,UNKNOWN
5455,ShieldPPPs,PT,002A,StateSpace,01,1.6223E+0010,2,NUPN,UNKNOWN
5456,ShieldPPPs,PT,002B,StateSpace,01,9.4555E+0013,2,NUPN,UNKNOWN
5457,ShieldPPPs,PT,003A,StateSpace,01,7.5063E+0014,2,NUPN,UNKNOWN
5458,ShieldPPPs,PT,003B,StateSpace,01,2.4418E+0020,2,NUPN,UNKNOWN
5459,ShieldPPPs,PT,004A,StateSpace,01,3.1241E+0019,2,NUPN,UNKNOWN
5460,ShieldPPPs,PT,004B,StateSpace,00,2.8163E+0025,2,NUPN,UNKNOWN
5461,ShieldPPPs,PT,004B,StateSpace,02,1,2,NUPN,UNKNOWN
5462,ShieldPPPs,PT,004B,StateSpace,03,45,2,NUPN,UNKNOWN
5463,ShieldPPPs,PT,005A,StateSpace,01,1.2248E+0024,2,NUPN,UNKNOWN
5464,ShieldPPPs,PT,005B,StateSpace,02,1,2,NUPN,UNKNOWN
5465,ShieldPPPs,PT,010A,StateSpace,00,1.9276E+0045,2,NUPN,UNKNOWN
5466,ShieldPPPs,PT,010A,StateSpace,01,7.6014E+0046,2,NUPN,UNKNOWN
5467,ShieldPPPs,PT,010A,StateSpace,02,1,2,NUPN,UNKNOWN
5468,ShieldPPPs,PT,010A,StateSpace,03,111,2,NUPN,UNKNOWN
5469,ShieldPPPs,PT,010B,StateSpace,02,1,2,NUPN,UNKNOWN
5470,ShieldPPPs,PT,020A,StateSpace,02,1,2,NUPN,UNKNOWN
5471,ShieldPPPs,PT,020B,StateSpace,02,1,2,NUPN,UNKNOWN
5472,ShieldPPPs,PT,030A,StateSpace,00,1.8974E+0135,2,NUPN,UNKNOWN
5473,ShieldPPPs,PT,030A,StateSpace,01,2.2221E+0137,2,NUPN,UNKNOWN
5474,ShieldPPPs,PT,030A,StateSpace,02,1,2,NUPN,UNKNOWN
5475,ShieldPPPs,PT,030A,StateSpace,03,331,2,NUPN,UNKNOWN
5476,ShieldPPPs,PT,030B,StateSpace,02,1,2,NUPN,UNKNOWN
5477,ShieldPPPs,PT,040A,StateSpace,02,1,2,NUPN,UNKNOWN
5478,ShieldPPPs,PT,040B,StateSpace,02,1,2,NUPN,UNKNOWN
5479,ShieldPPPs,PT,050A,StateSpace,02,1,2,NUPN,UNKNOWN
5480,ShieldPPPs,PT,050B,StateSpace,02,1,2,NUPN,UNKNOWN
5481,ShieldPPPs,PT,100A,StateSpace,02,1,2,NUPN,UNKNOWN
5482,ShieldPPPs,PT,100B,StateSpace,02,1,2,NUPN,UNKNOWN
5483,ShieldPPPt,PT,001A,StateSpace,01,43601,3,NUPN,UNKNOWN
5484,ShieldPPPt,PT,001B,StateSpace,01,1.0842E+0008,3,NUPN,UNKNOWN
5485,ShieldPPPt,PT,002A,StateSpace,01,3.2160E+0008,3,NUPN,UNKNOWN
5486,ShieldPPPt,PT,002B,StateSpace,01,1.1513E+0015,2,NUPN,UNKNOWN
5487,ShieldPPPt,PT,003A,StateSpace,01,1.8752E+0012,2,NUPN,UNKNOWN
5488,ShieldPPPt,PT,003B,StateSpace,01,9.4375E+0021,2,NUPN,UNKNOWN
5489,ShieldPPPt,PT,004A,StateSpace,01,9.8560E+0015,2,NUPN,UNKNOWN
5490,ShieldPPPt,PT,004B,StateSpace,01,6.9372E+0028,2,NUPN,UNKNOWN
5491,ShieldPPPt,PT,005A,StateSpace,01,4.8845E+0019,2,NUPN,UNKNOWN
5492,ShieldPPPt,PT,005B,StateSpace,01,4.7979E+0035,2,NUPN,UNKNOWN
5493,ShieldPPPt,PT,010A,StateSpace,01,9.8252E+0037,2,NUPN,UNKNOWN
5494,ShieldPPPt,PT,010B,StateSpace,02,1,2,NUPN,UNKNOWN
5495,ShieldPPPt,PT,020A,StateSpace,01,2.0418E+0074,2,NUPN,UNKNOWN
5496,ShieldPPPt,PT,020B,StateSpace,02,1,2,NUPN,UNKNOWN
5497,ShieldPPPt,PT,030A,StateSpace,01,3.2017E+0110,2,NUPN,UNKNOWN
5498,ShieldPPPt,PT,030B,StateSpace,02,1,2,NUPN,UNKNOWN
5499,ShieldPPPt,PT,040A,StateSpace,01,4.4694E+0146,2,NUPN,UNKNOWN
5500,ShieldPPPt,PT,040B,StateSpace,02,1,2,NUPN,UNKNOWN
5501,ShieldPPPt,PT,050A,StateSpace,01,5.8527E+0182,2,NUPN,UNKNOWN
5502,ShieldPPPt,PT,050B,StateSpace,02,1,2,NUPN,UNKNOWN
5503,ShieldPPPt,PT,100A,StateSpace,01,+Inf********,2,NUPN,UNKNOWN
5504,ShieldPPPt,PT,100B,StateSpace,02,1,2,NUPN,UNKNOWN
5505,ShieldRVs,PT,001A,StateSpace,01,423,3,NUPN,UNKNOWN
5506,ShieldRVs,PT,001B,StateSpace,01,11341,3,NUPN,UNKNOWN
5507,ShieldRVs,PT,002A,StateSpace,01,68398,3,NUPN,UNKNOWN
5508,ShieldRVs,PT,002B,StateSpace,01,2.4521E+0007,3,NUPN,UNKNOWN
5509,ShieldRVs,PT,003A,StateSpace,01,9.2618E+0006,3,NUPN,UNKNOWN
5510,ShieldRVs,PT,003B,StateSpace,01,4.4080E+0010,2,NUPN,UNKNOWN
5511,ShieldRVs,PT,004A,StateSpace,01,1.1465E+0009,2,NUPN,UNKNOWN
5512,ShieldRVs,PT,004B,StateSpace,01,7.2346E+0013,2,NUPN,UNKNOWN
5513,ShieldRVs,PT,005A,StateSpace,01,1.3460E+0011,2,NUPN,UNKNOWN
5514,ShieldRVs,PT,005B,StateSpace,01,1.1239E+0017,2,NUPN,UNKNOWN
5515,ShieldRVs,PT,010A,StateSpace,01,2.0764E+0021,2,NUPN,UNKNOWN
5516,ShieldRVs,PT,010B,StateSpace,00,2.6109E+0031,2,NUPN,UNKNOWN
5517,ShieldRVs,PT,010B,StateSpace,01,6.9131E+0032,2,NUPN,UNKNOWN
5518,ShieldRVs,PT,020A,StateSpace,01,2.6129E+0041,2,NUPN,UNKNOWN
5519,ShieldRVs,PT,020B,StateSpace,00,2.5812E+0062,2,NUPN,UNKNOWN
5520,ShieldRVs,PT,020B,StateSpace,01,1.3520E+0064,2,NUPN,UNKNOWN
5521,ShieldRVs,PT,020B,StateSpace,02,1,2,NUPN,UNKNOWN
5522,ShieldRVs,PT,020B,StateSpace,03,81,2,NUPN,UNKNOWN
5523,ShieldRVs,PT,030A,StateSpace,01,2.4979E+0061,2,NUPN,UNKNOWN
5524,ShieldRVs,PT,030B,StateSpace,00,2.5518E+0093,2,NUPN,UNKNOWN
5525,ShieldRVs,PT,030B,StateSpace,01,1.9976E+0095,2,NUPN,UNKNOWN
5526,ShieldRVs,PT,030B,StateSpace,02,1,2,NUPN,UNKNOWN
5527,ShieldRVs,PT,030B,StateSpace,03,121,2,NUPN,UNKNOWN
5528,ShieldRVs,PT,040A,StateSpace,01,2.1295E+0081,2,NUPN,UNKNOWN
5529,ShieldRVs,PT,040B,StateSpace,00,2.5228E+0124,2,NUPN,UNKNOWN
5530,ShieldRVs,PT,040B,StateSpace,01,2.6283E+0126,2,NUPN,UNKNOWN
5531,ShieldRVs,PT,040B,StateSpace,02,1,2,NUPN,UNKNOWN
5532,ShieldRVs,PT,040B,StateSpace,03,161,2,NUPN,UNKNOWN
5533,ShieldRVs,PT,050A,StateSpace,01,1.7042E+0101,2,NUPN,UNKNOWN
5534,ShieldRVs,PT,050B,StateSpace,00,2.4940E+0155,2,NUPN,UNKNOWN
5535,ShieldRVs,PT,050B,StateSpace,01,3.2444E+0157,2,NUPN,UNKNOWN
5536,ShieldRVs,PT,050B,StateSpace,02,1,2,NUPN,UNKNOWN
5537,ShieldRVs,PT,050B,StateSpace,03,201,2,NUPN,UNKNOWN
5538,ShieldRVs,PT,100A,StateSpace,01,3.6877E+0200,2,NUPN,UNKNOWN
5539,ShieldRVs,PT,100B,StateSpace,02,1,2,NUPN,UNKNOWN
5540,ShieldRVt,PT,001A,StateSpace,01,113,3,NUPN,UNKNOWN
5541,ShieldRVt,PT,001B,StateSpace,01,87675,3,NUPN,UNKNOWN
5542,ShieldRVt,PT,002A,StateSpace,01,3137,3,NUPN,UNKNOWN
5543,ShieldRVt,PT,002B,StateSpace,01,1.2484E+0009,2,NUPN,UNKNOWN
5544,ShieldRVt,PT,003A,StateSpace,01,71681,3,NUPN,UNKNOWN
5545,ShieldRVt,PT,003B,StateSpace,01,1.3619E+0013,2,NUPN,UNKNOWN
5546,ShieldRVt,PT,004A,StateSpace,01,1.4909E+0006,3,NUPN,UNKNOWN
5547,ShieldRVt,PT,004B,StateSpace,01,1.3307E+0017,2,NUPN,UNKNOWN
5548,ShieldRVt,PT,005A,StateSpace,01,2.9360E+0007,3,NUPN,UNKNOWN
5549,ShieldRVt,PT,005B,StateSpace,01,1.2236E+0021,2,NUPN,UNKNOWN
5550,ShieldRVt,PT,010A,StateSpace,01,5.9649E+0013,2,NUPN,UNKNOWN
5551,ShieldRVt,PT,010B,StateSpace,01,5.3687E+0040,2,NUPN,UNKNOWN
5552,ShieldRVt,PT,020A,StateSpace,01,1.2905E+0026,2,NUPN,UNKNOWN
5553,ShieldRVt,PT,020B,StateSpace,00,7.3875E+0077,2,NUPN,UNKNOWN
5554,ShieldRVt,PT,020B,StateSpace,01,5.2696E+0079,2,NUPN,UNKNOWN
5555,ShieldRVt,PT,020B,StateSpace,02,1,2,NUPN,UNKNOWN
5556,ShieldRVt,PT,020B,StateSpace,03,81,2,NUPN,UNKNOWN
5557,ShieldRVt,PT,030A,StateSpace,01,2.1168E+0038,2,NUPN,UNKNOWN
5558,ShieldRVt,PT,030B,StateSpace,02,1,2,NUPN,UNKNOWN
5559,ShieldRVt,PT,040A,StateSpace,01,3.0947E+0050,2,NUPN,UNKNOWN
5560,ShieldRVt,PT,040B,StateSpace,02,1,2,NUPN,UNKNOWN
5561,ShieldRVt,PT,050A,StateSpace,01,4.2463E+0062,2,NUPN,UNKNOWN
5562,ShieldRVt,PT,050B,StateSpace,02,1,2,NUPN,UNKNOWN
5563,ShieldRVt,PT,100A,StateSpace,01,1.3602E+0123,2,NUPN,UNKNOWN
5564,ShieldRVt,PT,100B,StateSpace,02,1,2,NUPN,UNKNOWN
5565,SieveSingleMsgMbox,PT,d0m04,StateSpace,01,984,3,NONE,UNKNOWN
5566,SieveSingleMsgMbox,PT,d0m06,StateSpace,01,41353,3,NONE,UNKNOWN
5567,SieveSingleMsgMbox,PT,d0m18,StateSpace,01,2.4794E+0008,2,NONE,UNKNOWN
5568,SieveSingleMsgMbox,PT,d0m36,StateSpace,01,3.8517E+0010,2,NONE,UNKNOWN
5569,SieveSingleMsgMbox,PT,d0m64,StateSpace,01,2.3397E+0012,2,NONE,UNKNOWN
5570,SieveSingleMsgMbox,PT,d0m96,StateSpace,01,4.1316E+0013,2,NONE,UNKNOWN
5571,SieveSingleMsgMbox,PT,d1m04,StateSpace,01,5922,2,NONE,UNKNOWN
5572,SieveSingleMsgMbox,PT,d1m06,StateSpace,01,3.5705E+0006,2,NONE,UNKNOWN
5573,SieveSingleMsgMbox,PT,d1m18,StateSpace,03,19,2,NONE,UNKNOWN
5574,SieveSingleMsgMbox,PT,d1m36,StateSpace,03,37,2,NONE,UNKNOWN
5575,SieveSingleMsgMbox,PT,d1m64,StateSpace,03,65,2,NONE,UNKNOWN
5576,SieveSingleMsgMbox,PT,d1m96,StateSpace,03,97,2,NONE,UNKNOWN
5577,SieveSingleMsgMbox,PT,d2m04,StateSpace,01,6156,2,NONE,UNKNOWN
5578,SieveSingleMsgMbox,PT,d2m06,StateSpace,01,1.5855E+0007,2,NONE,UNKNOWN
5579,SieveSingleMsgMbox,PT,d2m18,StateSpace,03,19,2,NONE,UNKNOWN
5580,SieveSingleMsgMbox,PT,d2m36,StateSpace,03,37,2,NONE,UNKNOWN
5581,SieveSingleMsgMbox,PT,d2m64,StateSpace,03,65,2,NONE,UNKNOWN
5582,SieveSingleMsgMbox,PT,d2m96,StateSpace,03,97,2,NONE,UNKNOWN
5583,SimpleLoadBal,PT,02,StateSpace,01,2650,3,GEN,UNKNOWN
5584,SimpleLoadBal,PT,05,StateSpace,01,566332,3,GEN,UNKNOWN
5585,SimpleLoadBal,PT,10,StateSpace,01,3.0512E+0009,2,GEN,UNKNOWN
5586,SmallOperatingSystem,PT,MT0016DC0008,StateSpace,01,100896,3,NONE,UNKNOWN
5587,SmallOperatingSystem,PT,MT0032DC0008,StateSpace,01,1.1125E+0006,3,NONE,UNKNOWN
5588,SmallOperatingSystem,PT,MT0032DC0016,StateSpace,01,2.4513E+0006,3,NONE,UNKNOWN
5589,SmallOperatingSystem,PT,MT0064DC0016,StateSpace,01,2.9675E+0007,3,NONE,UNKNOWN
5590,SmallOperatingSystem,PT,MT0064DC0032,StateSpace,01,6.7763E+0007,3,NONE,UNKNOWN
5591,SmallOperatingSystem,PT,MT0128DC0032,StateSpace,01,8.6352E+0008,2,NONE,UNKNOWN
5592,SmallOperatingSystem,PT,MT0128DC0064,StateSpace,01,2.0106E+0009,2,NONE,UNKNOWN
5593,SmallOperatingSystem,PT,MT0256DC0064,StateSpace,01,2.6322E+0010,2,NONE,UNKNOWN
5594,SmallOperatingSystem,PT,MT0256DC0128,StateSpace,01,6.1916E+0010,2,NONE,UNKNOWN
5595,SmallOperatingSystem,PT,MT0512DC0128,StateSpace,01,8.2184E+0011,2,NONE,UNKNOWN
5596,SmallOperatingSystem,PT,MT0512DC0256,StateSpace,01,1.9433E+0012,2,NONE,UNKNOWN
5597,SmallOperatingSystem,PT,MT1024DC0256,StateSpace,01,2.5976E+0013,2,NONE,UNKNOWN
5598,SmallOperatingSystem,PT,MT1024DC0512,StateSpace,01,6.1584E+0013,2,NONE,UNKNOWN
5599,SmallOperatingSystem,PT,MT2048DC0512,StateSpace,00,1.0358E+0014,2,NONE,UNKNOWN
5600,SmallOperatingSystem,PT,MT2048DC0512,StateSpace,01,8.2608E+0014,2,NONE,UNKNOWN
5601,SmallOperatingSystem,PT,MT2048DC0512,StateSpace,02,2048,2,NONE,UNKNOWN
5602,SmallOperatingSystem,PT,MT2048DC0512,StateSpace,03,5632,2,NONE,UNKNOWN
5603,SmallOperatingSystem,PT,MT2048DC1024,StateSpace,00,2.4574E+0014,2,NONE,UNKNOWN
5604,SmallOperatingSystem,PT,MT2048DC1024,StateSpace,01,1.9611E+0015,2,NONE,UNKNOWN
5605,SmallOperatingSystem,PT,MT2048DC1024,StateSpace,02,2048,2,NONE,UNKNOWN
5606,SmallOperatingSystem,PT,MT2048DC1024,StateSpace,03,7168,2,NONE,UNKNOWN
5607,SmallOperatingSystem,PT,MT4096DC1024,StateSpace,00,3.2992E+0015,2,NONE,UNKNOWN
5608,SmallOperatingSystem,PT,MT4096DC1024,StateSpace,01,2.6353E+0016,2,NONE,UNKNOWN
5609,SmallOperatingSystem,PT,MT4096DC1024,StateSpace,02,4096,2,NONE,UNKNOWN
5610,SmallOperatingSystem,PT,MT4096DC1024,StateSpace,03,11264,2,NONE,UNKNOWN
5611,SmallOperatingSystem,PT,MT4096DC2048,StateSpace,00,7.8349E+0015,2,NONE,UNKNOWN
5612,SmallOperatingSystem,PT,MT4096DC2048,StateSpace,01,6.2603E+0016,2,NONE,UNKNOWN
5613,SmallOperatingSystem,PT,MT4096DC2048,StateSpace,02,4096,2,NONE,UNKNOWN
5614,SmallOperatingSystem,PT,MT4096DC2048,StateSpace,03,14336,2,NONE,UNKNOWN
5615,SmallOperatingSystem,PT,MT8192DC2048,StateSpace,00,1.0533E+0017,2,NONE,UNKNOWN
5616,SmallOperatingSystem,PT,MT8192DC2048,StateSpace,01,8.4198E+0017,2,NONE,UNKNOWN
5617,SmallOperatingSystem,PT,MT8192DC2048,StateSpace,02,8192,2,NONE,UNKNOWN
5618,SmallOperatingSystem,PT,MT8192DC2048,StateSpace,03,22528,2,NONE,UNKNOWN
5619,SmallOperatingSystem,PT,MT8192DC4096,StateSpace,00,2.5026E+0017,2,NONE,UNKNOWN
5620,SmallOperatingSystem,PT,MT8192DC4096,StateSpace,01,2.0008E+0018,2,NONE,UNKNOWN
5621,SmallOperatingSystem,PT,MT8192DC4096,StateSpace,02,8192,2,NONE,UNKNOWN
5622,SmallOperatingSystem,PT,MT8192DC4096,StateSpace,03,28672,2,NONE,UNKNOWN
5623,SmartHome,PT,01,StateSpace,01,2.4107E+0006,3,NUPN,UNKNOWN
5624,SmartHome,PT,02,StateSpace,01,5.6421E+0006,3,NUPN,UNKNOWN
5625,SmartHome,PT,03,StateSpace,01,1.9173E+0007,3,NUPN,UNKNOWN
5626,SmartHome,PT,04,StateSpace,01,2.9493E+0007,3,NUPN,UNKNOWN
5627,SmartHome,PT,05,StateSpace,01,1.5899E+0011,2,NUPN,UNKNOWN
5628,SmartHome,PT,06,StateSpace,01,1.2178E+0011,2,NUPN,UNKNOWN
5629,SmartHome,PT,07,StateSpace,01,3.1251E+0012,2,NUPN,UNKNOWN
5630,SmartHome,PT,08,StateSpace,01,7.4740E+0012,2,NUPN,UNKNOWN
5631,SmartHome,PT,09,StateSpace,01,3.6392E+0012,2,NUPN,UNKNOWN
5632,SmartHome,PT,10,StateSpace,01,3.9089E+0012,2,NUPN,UNKNOWN
5633,SmartHome,PT,11,StateSpace,01,1.7954E+0013,2,NUPN,UNKNOWN
5634,SmartHome,PT,12,StateSpace,01,1.1974E+0015,2,NUPN,UNKNOWN
5635,SmartHome,PT,13,StateSpace,01,1.1974E+0015,2,NUPN,UNKNOWN
5636,SmartHome,PT,14,StateSpace,01,2.8259E+0016,2,NUPN,UNKNOWN
5637,SmartHome,PT,15,StateSpace,01,2.8259E+0016,2,NUPN,UNKNOWN
5638,SmartHome,PT,16,StateSpace,01,2.0879E+0019,2,NUPN,UNKNOWN
5639,SmartHome,PT,17,StateSpace,01,1.6738E+0022,2,NUPN,UNKNOWN
5640,SmartHome,PT,18,StateSpace,01,1.2639E+0025,2,NUPN,UNKNOWN
5641,SmartHome,PT,19,StateSpace,01,1.3323E+0028,2,NUPN,UNKNOWN
5642,Solitaire,PT,EngCT7x7,StateSpace,03,65,2,NONE,UNKNOWN
5643,Solitaire,PT,EngNC7x7,StateSpace,02,1,2,GEN,UNKNOWN
5644,Solitaire,PT,EngNC7x7,StateSpace,03,33,2,GEN,UNKNOWN
5645,Solitaire,PT,FrnCT7x7,StateSpace,03,73,2,NONE,UNKNOWN
5646,Solitaire,PT,FrnNC7x7,StateSpace,02,1,2,GEN,UNKNOWN
5647,Solitaire,PT,FrnNC7x7,StateSpace,03,37,2,GEN,UNKNOWN
5648,Solitaire,PT,SqrCT5x5,StateSpace,03,49,2,NONE,UNKNOWN
5649,Solitaire,PT,SqrNC5x5,StateSpace,01,2.1396E+0008,3,GEN,UNKNOWN
5650,SquareGrid,PT,020102,StateSpace,01,4.0384E+0013,2,NONE,UNKNOWN
5651,SquareGrid,PT,080408,StateSpace,03,1824,2,NONE,UNKNOWN
5652,SquareGrid,PT,100510,StateSpace,03,3440,2,NONE,UNKNOWN
5653,SquareGrid,PT,130613,StateSpace,03,6981,2,NONE,UNKNOWN
5654,StigmergyCommit,PT,02a,StateSpace,01,2295,3,NUPN,UNKNOWN
5655,StigmergyCommit,PT,02b,StateSpace,01,7.5350E+0008,2,NUPN,UNKNOWN
5656,StigmergyCommit,PT,03a,StateSpace,01,17216,3,NUPN,UNKNOWN
5657,StigmergyCommit,PT,03b,StateSpace,01,1.7310E+0011,2,NUPN,UNKNOWN
5658,StigmergyCommit,PT,04a,StateSpace,01,130861,3,NUPN,UNKNOWN
5659,StigmergyCommit,PT,04b,StateSpace,01,3.8473E+0013,2,NUPN,UNKNOWN
5660,StigmergyCommit,PT,05a,StateSpace,01,995562,2,NUPN,UNKNOWN
5661,StigmergyCommit,PT,05b,StateSpace,01,8.4474E+0015,2,NUPN,UNKNOWN
5662,StigmergyCommit,PT,06a,StateSpace,01,7.5744E+0006,2,NUPN,UNKNOWN
5663,StigmergyCommit,PT,06b,StateSpace,01,1.8479E+0018,2,NUPN,UNKNOWN
5664,StigmergyCommit,PT,07a,StateSpace,01,5.7609E+0007,2,NUPN,UNKNOWN
5665,StigmergyCommit,PT,07b,StateSpace,01,4.0383E+0020,2,NUPN,UNKNOWN
5666,StigmergyCommit,PT,08a,StateSpace,01,4.3768E+0008,2,NUPN,UNKNOWN
5667,StigmergyCommit,PT,08b,StateSpace,01,8.8194E+0022,2,NUPN,UNKNOWN
5668,StigmergyCommit,PT,09a,StateSpace,01,3.3187E+0009,2,NUPN,UNKNOWN
5669,StigmergyCommit,PT,10a,StateSpace,01,2.5098E+0010,2,NUPN,UNKNOWN
5670,StigmergyCommit,PT,10b,StateSpace,02,1,2,NUPN,UNKNOWN
5671,StigmergyCommit,PT,11a,StateSpace,01,1.8924E+0011,2,NUPN,UNKNOWN
5672,StigmergyCommit,PT,11b,StateSpace,02,1,2,NUPN,UNKNOWN
5673,StigmergyElection,PT,02a,StateSpace,01,188,3,NUPN,UNKNOWN
5674,StigmergyElection,PT,02b,StateSpace,01,644026,3,NUPN,UNKNOWN
5675,StigmergyElection,PT,03a,StateSpace,01,1129,3,NUPN,UNKNOWN
5676,StigmergyElection,PT,03b,StateSpace,01,7.2667E+0007,2,NUPN,UNKNOWN
5677,StigmergyElection,PT,04a,StateSpace,01,6654,3,NUPN,UNKNOWN
5678,StigmergyElection,PT,04b,StateSpace,01,7.2737E+0009,2,NUPN,UNKNOWN
5679,StigmergyElection,PT,05a,StateSpace,01,38255,3,NUPN,UNKNOWN
5680,StigmergyElection,PT,05b,StateSpace,01,6.7763E+0011,2,NUPN,UNKNOWN
5681,StigmergyElection,PT,06a,StateSpace,01,215608,3,NUPN,UNKNOWN
5682,StigmergyElection,PT,06b,StateSpace,01,6.0256E+0013,2,NUPN,UNKNOWN
5683,StigmergyElection,PT,07a,StateSpace,01,1.1978E+0006,2,NUPN,UNKNOWN
5684,StigmergyElection,PT,07b,StateSpace,01,5.1900E+0015,2,NUPN,UNKNOWN
5685,StigmergyElection,PT,08a,StateSpace,01,6.5842E+0006,2,NUPN,UNKNOWN
5686,StigmergyElection,PT,08b,StateSpace,01,4.3706E+0017,2,NUPN,UNKNOWN
5687,StigmergyElection,PT,09a,StateSpace,01,3.5906E+0007,2,NUPN,UNKNOWN
5688,StigmergyElection,PT,09b,StateSpace,01,3.6206E+0019,2,NUPN,UNKNOWN
5689,StigmergyElection,PT,10a,StateSpace,01,1.9457E+0008,2,NUPN,UNKNOWN
5690,StigmergyElection,PT,10b,StateSpace,01,2.9630E+0021,1,NUPN,UNKNOWN
5691,StigmergyElection,PT,11a,StateSpace,01,1.0490E+0009,2,NUPN,UNKNOWN
5692,StigmergyElection,PT,11b,StateSpace,02,1,2,NUPN,UNKNOWN
5693,Sudoku,COL,AN01,StateSpace,01,1,3,NONE,UNKNOWN
5694,Sudoku,COL,AN02,StateSpace,01,72,3,NONE,UNKNOWN
5695,Sudoku,COL,AN03,StateSpace,01,56619,3,NONE,UNKNOWN
5696,Sudoku,COL,AN04,StateSpace,01,1.1343E+0009,2,NONE,UNKNOWN
5697,Sudoku,COL,AN05,StateSpace,03,75,2,NONE,UNKNOWN
5698,Sudoku,COL,AN06,StateSpace,03,108,2,NONE,UNKNOWN
5699,Sudoku,COL,AN07,StateSpace,03,147,2,NONE,UNKNOWN
5700,Sudoku,COL,AN08,StateSpace,03,192,2,NONE,UNKNOWN
5701,Sudoku,COL,AN09,StateSpace,03,243,2,NONE,UNKNOWN
5702,Sudoku,COL,AN10,StateSpace,03,300,2,NONE,UNKNOWN
5703,Sudoku,COL,AN11,StateSpace,03,363,2,NONE,UNKNOWN
5704,Sudoku,COL,AN12,StateSpace,03,432,2,NONE,UNKNOWN
5705,Sudoku,COL,AN13,StateSpace,03,507,2,NONE,UNKNOWN
5706,Sudoku,COL,AN14,StateSpace,03,588,2,NONE,UNKNOWN
5707,Sudoku,COL,AN15,StateSpace,03,675,2,NONE,UNKNOWN
5708,Sudoku,COL,AN16,StateSpace,03,768,2,NONE,UNKNOWN
5709,Sudoku,COL,BN01,StateSpace,01,1,3,NONE,UNKNOWN
5710,Sudoku,COL,BN04,StateSpace,01,5.2630E+0008,2,NONE,UNKNOWN
5711,Sudoku,COL,BN09,StateSpace,03,324,2,NONE,UNKNOWN
5712,Sudoku,COL,BN16,StateSpace,03,1024,2,NONE,UNKNOWN
5713,Sudoku,PT,AN01,StateSpace,01,1,3,GEN,UNKNOWN
5714,Sudoku,PT,AN02,StateSpace,01,72,3,GEN,UNKNOWN
5715,Sudoku,PT,AN03,StateSpace,01,56619,3,GEN,UNKNOWN
5716,Sudoku,PT,AN04,StateSpace,01,1.1343E+0009,2,GEN,UNKNOWN
5717,Sudoku,PT,AN05,StateSpace,02,1,2,GEN,UNKNOWN
5718,Sudoku,PT,AN05,StateSpace,03,75,2,GEN,UNKNOWN
5719,Sudoku,PT,AN06,StateSpace,02,1,2,GEN,UNKNOWN
5720,Sudoku,PT,AN06,StateSpace,03,108,2,GEN,UNKNOWN
5721,Sudoku,PT,AN07,StateSpace,02,1,2,GEN,UNKNOWN
5722,Sudoku,PT,AN07,StateSpace,03,147,2,GEN,UNKNOWN
5723,Sudoku,PT,AN08,StateSpace,02,1,2,GEN,UNKNOWN
5724,Sudoku,PT,AN08,StateSpace,03,192,2,GEN,UNKNOWN
5725,Sudoku,PT,AN09,StateSpace,02,1,2,GEN,UNKNOWN
5726,Sudoku,PT,AN09,StateSpace,03,243,2,GEN,UNKNOWN
5727,Sudoku,PT,AN10,StateSpace,02,1,2,GEN,UNKNOWN
5728,Sudoku,PT,AN10,StateSpace,03,300,2,GEN,UNKNOWN
5729,Sudoku,PT,AN11,StateSpace,02,1,2,GEN,UNKNOWN
5730,Sudoku,PT,AN11,StateSpace,03,363,2,GEN,UNKNOWN
5731,Sudoku,PT,AN12,StateSpace,02,1,2,GEN,UNKNOWN
5732,Sudoku,PT,AN12,StateSpace,03,432,2,GEN,UNKNOWN
5733,Sudoku,PT,AN13,StateSpace,02,1,2,GEN,UNKNOWN
5734,Sudoku,PT,AN13,StateSpace,03,507,2,GEN,UNKNOWN
5735,Sudoku,PT,AN14,StateSpace,02,1,2,GEN,UNKNOWN
5736,Sudoku,PT,AN14,StateSpace,03,588,2,GEN,UNKNOWN
5737,Sudoku,PT,AN15,StateSpace,02,1,2,GEN,UNKNOWN
5738,Sudoku,PT,AN15,StateSpace,03,675,2,GEN,UNKNOWN
5739,Sudoku,PT,AN16,StateSpace,02,1,2,GEN,UNKNOWN
5740,Sudoku,PT,AN16,StateSpace,03,768,2,GEN,UNKNOWN
5741,Sudoku,PT,BN01,StateSpace,01,1,3,GEN,UNKNOWN
5742,Sudoku,PT,BN04,StateSpace,01,5.2630E+0008,2,GEN,UNKNOWN
5743,Sudoku,PT,BN09,StateSpace,02,1,2,GEN,UNKNOWN
5744,Sudoku,PT,BN09,StateSpace,03,324,2,GEN,UNKNOWN
5745,Sudoku,PT,BN16,StateSpace,02,1,2,GEN,UNKNOWN
5746,Sudoku,PT,BN16,StateSpace,03,1024,2,GEN,UNKNOWN
5747,SwimmingPool,PT,01,StateSpace,01,450003,3,NONE,UNKNOWN
5748,SwimmingPool,PT,02,StateSpace,01,1.9930E+0007,3,NONE,UNKNOWN
5749,SwimmingPool,PT,03,StateSpace,01,1.9929E+0008,3,NONE,UNKNOWN
5750,SwimmingPool,PT,04,StateSpace,01,1.0475E+0009,2,NONE,UNKNOWN
5751,SwimmingPool,PT,05,StateSpace,01,3.8372E+0009,2,NONE,UNKNOWN
5752,SwimmingPool,PT,06,StateSpace,01,1.1150E+0010,2,NONE,UNKNOWN
5753,SwimmingPool,PT,07,StateSpace,01,2.7571E+0010,2,NONE,UNKNOWN
5754,SwimmingPool,PT,08,StateSpace,01,6.0534E+0010,2,NONE,UNKNOWN
5755,SwimmingPool,PT,09,StateSpace,00,1.8090E+0010,2,NONE,UNKNOWN
5756,SwimmingPool,PT,09,StateSpace,01,1.2132E+0011,2,NONE,UNKNOWN
5757,SwimmingPool,PT,09,StateSpace,02,180,2,NONE,UNKNOWN
5758,SwimmingPool,PT,09,StateSpace,03,405,2,NONE,UNKNOWN
5759,SwimmingPool,PT,10,StateSpace,00,3.3585E+0010,2,NONE,UNKNOWN
5760,SwimmingPool,PT,10,StateSpace,01,2.2618E+0011,2,NONE,UNKNOWN
5761,SwimmingPool,PT,10,StateSpace,02,200,2,NONE,UNKNOWN
5762,SwimmingPool,PT,10,StateSpace,03,450,2,NONE,UNKNOWN
5763,Szymanski,PT,a02,StateSpace,01,281126,3,NONE,UNKNOWN
5764,Szymanski,PT,a04,StateSpace,01,6.5695E+0008,2,NONE,UNKNOWN
5765,Szymanski,PT,a06,StateSpace,01,2.8253E+0011,2,NONE,UNKNOWN
5766,Szymanski,PT,a08,StateSpace,01,4.4912E+0013,2,NONE,UNKNOWN
5767,Szymanski,PT,a10,StateSpace,01,3.6046E+0015,2,NONE,UNKNOWN
5768,Szymanski,PT,a12,StateSpace,01,1.7421E+0017,2,NONE,UNKNOWN
5769,Szymanski,PT,b02,StateSpace,01,1.1080E+0006,2,NONE,UNKNOWN
5770,TCPcondis,PT,05,StateSpace,01,2.4899E+0007,3,NONE,UNKNOWN
5771,TCPcondis,PT,10,StateSpace,01,1.8925E+0011,2,NONE,UNKNOWN
5772,TCPcondis,PT,15,StateSpace,01,9.3109E+0013,2,NONE,UNKNOWN
5773,TokenRing,COL,005,StateSpace,01,365,3,NONE,UNKNOWN
5774,TokenRing,COL,010,StateSpace,01,294050,3,NONE,UNKNOWN
5775,TokenRing,COL,015,StateSpace,01,2.6518E+0008,2,NONE,UNKNOWN
5776,TokenRing,COL,020,StateSpace,01,2.4466E+0011,2,NONE,UNKNOWN
5777,TokenRing,COL,030,StateSpace,01,2.1817E+0017,2,NONE,UNKNOWN
5778,TokenRing,COL,040,StateSpace,01,2.0228E+0023,2,NONE,UNKNOWN
5779,TokenRing,COL,050,StateSpace,03,51,2,NONE,UNKNOWN
5780,TokenRing,COL,100,StateSpace,03,101,2,NONE,UNKNOWN
5781,TokenRing,COL,200,StateSpace,03,201,2,NONE,UNKNOWN
5782,TokenRing,PT,005,StateSpace,01,365,3,GEN,UNKNOWN
5783,TokenRing,PT,010,StateSpace,01,294050,3,GEN,UNKNOWN
5784,TokenRing,PT,015,StateSpace,01,2.6518E+0008,2,GEN,UNKNOWN
5785,TokenRing,PT,020,StateSpace,01,2.4466E+0011,2,GEN,UNKNOWN
5786,TokenRing,PT,030,StateSpace,01,2.1817E+0017,2,GEN,UNKNOWN
5787,TokenRing,PT,040,StateSpace,02,1,2,GEN,UNKNOWN
5788,TokenRing,PT,040,StateSpace,03,41,2,GEN,UNKNOWN
5789,TokenRing,PT,050,StateSpace,02,1,2,GEN,UNKNOWN
5790,TokenRing,PT,050,StateSpace,03,51,2,GEN,UNKNOWN
5791,TriangularGrid,PT,1200,StateSpace,01,566712,3,NONE,UNKNOWN
5792,TriangularGrid,PT,1500,StateSpace,01,3.6836E+0006,3,NONE,UNKNOWN
5793,TriangularGrid,PT,2011,StateSpace,01,1.0543E+0010,2,NONE,UNKNOWN
5794,TriangularGrid,PT,3011,StateSpace,01,6.9469E+0021,2,NONE,UNKNOWN
5795,TriangularGrid,PT,3026,StateSpace,01,1.2333E+0030,2,NONE,UNKNOWN
5796,TriangularGrid,PT,4022,StateSpace,01,3.5074E+0051,2,NONE,UNKNOWN
5797,TriangularGrid,PT,5020,StateSpace,03,240,2,NONE,UNKNOWN
5798,TriangularGrid,PT,5046,StateSpace,03,540,2,NONE,UNKNOWN
5799,TwoPhaseLocking,PT,nC00004vD,StateSpace,01,57,3,NONE,UNKNOWN
5800,TwoPhaseLocking,PT,nC00004vN,StateSpace,01,84,3,NONE,UNKNOWN
5801,TwoPhaseLocking,PT,nC00010vD,StateSpace,01,1567,3,NONE,UNKNOWN
5802,TwoPhaseLocking,PT,nC00010vN,StateSpace,01,1978,3,NONE,UNKNOWN
5803,TwoPhaseLocking,PT,nC00020vD,StateSpace,01,28885,3,NONE,UNKNOWN
5804,TwoPhaseLocking,PT,nC00020vN,StateSpace,01,33156,3,NONE,UNKNOWN
5805,TwoPhaseLocking,PT,nC00050vD,StateSpace,01,1.9328E+0006,3,NONE,UNKNOWN
5806,TwoPhaseLocking,PT,nC00050vN,StateSpace,01,2.0556E+0006,3,NONE,UNKNOWN
5807,TwoPhaseLocking,PT,nC00100vD,StateSpace,01,5.3997E+0007,3,NONE,UNKNOWN
5808,TwoPhaseLocking,PT,nC00100vN,StateSpace,01,5.5754E+0007,3,NONE,UNKNOWN
5809,TwoPhaseLocking,PT,nC00200vD,StateSpace,01,1.6111E+0009,2,NONE,UNKNOWN
5810,TwoPhaseLocking,PT,nC00200vN,StateSpace,01,1.6376E+0009,2,NONE,UNKNOWN
5811,TwoPhaseLocking,PT,nC00500vD,StateSpace,01,1.5076E+0011,2,NONE,UNKNOWN
5812,TwoPhaseLocking,PT,nC00500vN,StateSpace,01,1.5176E+0011,2,NONE,UNKNOWN
5813,TwoPhaseLocking,PT,nC01000vN,StateSpace,00,8.0230E+0011,2,NONE,UNKNOWN
5814,TwoPhaseLocking,PT,nC01000vN,StateSpace,01,4.7714E+0012,2,NONE,UNKNOWN
5815,TwoPhaseLocking,PT,nC01000vN,StateSpace,02,1000,2,NONE,UNKNOWN
5816,TwoPhaseLocking,PT,nC01000vN,StateSpace,03,2001,2,NONE,UNKNOWN
5817,TwoPhaseLocking,PT,nC02000vN,StateSpace,00,2.5335E+0013,2,NONE,UNKNOWN
5818,TwoPhaseLocking,PT,nC02000vN,StateSpace,01,1.5134E+0014,2,NONE,UNKNOWN
5819,TwoPhaseLocking,PT,nC02000vN,StateSpace,02,2000,2,NONE,UNKNOWN
5820,TwoPhaseLocking,PT,nC02000vN,StateSpace,03,4001,2,NONE,UNKNOWN
5821,TwoPhaseLocking,PT,nC05000vN,StateSpace,00,2.4545E+0015,2,NONE,UNKNOWN
5822,TwoPhaseLocking,PT,nC05000vN,StateSpace,01,1.4701E+0016,2,NONE,UNKNOWN
5823,TwoPhaseLocking,PT,nC05000vN,StateSpace,02,5000,2,NONE,UNKNOWN
5824,TwoPhaseLocking,PT,nC05000vN,StateSpace,03,10001,2,NONE,UNKNOWN
5825,TwoPhaseLocking,PT,nC10000vN,StateSpace,00,7.8334E+0016,2,NONE,UNKNOWN
5826,TwoPhaseLocking,PT,nC10000vN,StateSpace,01,4.6958E+0017,2,NONE,UNKNOWN
5827,TwoPhaseLocking,PT,nC10000vN,StateSpace,02,10000,2,NONE,UNKNOWN
5828,TwoPhaseLocking,PT,nC10000vN,StateSpace,03,20001,2,NONE,UNKNOWN
5829,UtahNoC,PT,none,StateSpace,01,7.7248E+0010,2,NUPN,UNKNOWN
5830,UtilityControlRoom,COL,Z2T3N04,StateSpace,01,1.3937E+0006,2,NONE,UNKNOWN
5831,UtilityControlRoom,COL,Z2T3N06,StateSpace,01,2.3890E+0008,2,NONE,UNKNOWN
5832,UtilityControlRoom,COL,Z2T3N08,StateSpace,01,3.0058E+0010,2,NONE,UNKNOWN
5833,UtilityControlRoom,COL,Z2T3N10,StateSpace,01,3.1466E+0012,2,NONE,UNKNOWN
5834,UtilityControlRoom,COL,Z2T4N02,StateSpace,01,4208,2,NONE,UNKNOWN
5835,UtilityControlRoom,COL,Z2T4N04,StateSpace,01,1.4084E+0006,2,NONE,UNKNOWN
5836,UtilityControlRoom,COL,Z2T4N06,StateSpace,01,2.5317E+0008,2,NONE,UNKNOWN
5837,UtilityControlRoom,COL,Z2T4N08,StateSpace,01,3.4124E+0010,2,NONE,UNKNOWN
5838,UtilityControlRoom,COL,Z2T4N10,StateSpace,01,3.8624E+0012,2,NONE,UNKNOWN
5839,UtilityControlRoom,COL,Z4T3N06,StateSpace,01,2.8658E+0011,2,NONE,UNKNOWN
5840,UtilityControlRoom,COL,Z4T3N08,StateSpace,01,1.0658E+0014,2,NONE,UNKNOWN
5841,UtilityControlRoom,COL,Z4T3N10,StateSpace,01,3.0807E+0016,2,NONE,UNKNOWN
5842,UtilityControlRoom,COL,Z4T4N02,StateSpace,01,268760,2,NONE,UNKNOWN
5843,UtilityControlRoom,COL,Z4T4N04,StateSpace,01,5.8993E+0008,2,NONE,UNKNOWN
5844,UtilityControlRoom,COL,Z4T4N06,StateSpace,01,5.2386E+0011,2,NONE,UNKNOWN
5845,UtilityControlRoom,COL,Z4T4N08,StateSpace,01,2.6594E+0014,2,NONE,UNKNOWN
5846,UtilityControlRoom,COL,Z4T4N10,StateSpace,01,9.7867E+0016,2,NONE,UNKNOWN
5847,UtilityControlRoom,PT,Z2T3N04,StateSpace,01,1.3937E+0006,3,NONE,UNKNOWN
5848,UtilityControlRoom,PT,Z2T3N06,StateSpace,01,2.3890E+0008,3,NONE,UNKNOWN
5849,UtilityControlRoom,PT,Z2T3N08,StateSpace,01,3.0058E+0010,2,NONE,UNKNOWN
5850,UtilityControlRoom,PT,Z2T3N10,StateSpace,01,3.1466E+0012,2,NONE,UNKNOWN
5851,UtilityControlRoom,PT,Z2T4N02,StateSpace,01,4208,3,NONE,UNKNOWN
5852,UtilityControlRoom,PT,Z2T4N04,StateSpace,01,1.4084E+0006,3,NONE,UNKNOWN
5853,UtilityControlRoom,PT,Z2T4N06,StateSpace,01,2.5317E+0008,3,NONE,UNKNOWN
5854,UtilityControlRoom,PT,Z2T4N08,StateSpace,01,3.4124E+0010,2,NONE,UNKNOWN
5855,UtilityControlRoom,PT,Z2T4N10,StateSpace,01,3.8624E+0012,2,NONE,UNKNOWN
5856,UtilityControlRoom,PT,Z4T3N06,StateSpace,01,2.8658E+0011,2,NONE,UNKNOWN
5857,UtilityControlRoom,PT,Z4T3N08,StateSpace,01,1.0658E+0014,2,NONE,UNKNOWN
5858,UtilityControlRoom,PT,Z4T3N10,StateSpace,01,3.0807E+0016,2,NONE,UNKNOWN
5859,UtilityControlRoom,PT,Z4T4N02,StateSpace,01,268760,3,NONE,UNKNOWN
5860,UtilityControlRoom,PT,Z4T4N04,StateSpace,01,5.8993E+0008,2,NONE,UNKNOWN
5861,UtilityControlRoom,PT,Z4T4N06,StateSpace,01,5.2386E+0011,2,NONE,UNKNOWN
5862,UtilityControlRoom,PT,Z4T4N08,StateSpace,01,2.6594E+0014,2,NONE,UNKNOWN
5863,UtilityControlRoom,PT,Z4T4N10,StateSpace,01,9.7867E+0016,2,NONE,UNKNOWN
5864,Vasy2003,PT,none,StateSpace,01,3.4003E+0023,2,NUPN,UNKNOWN
5865,VehicularWifi,COL,none,StateSpace,00,inf,2,NONE,UNKNOWN
5866,VehicularWifi,COL,none,StateSpace,01,inf,2,NONE,UNKNOWN
5867,VehicularWifi,COL,none,StateSpace,02,inf,2,NONE,UNKNOWN
5868,VehicularWifi,COL,none,StateSpace,03,inf,2,NONE,UNKNOWN
5869,ViralEpidemic,PT,S02D1C1A10,StateSpace,02,1,2,GEN,UNKNOWN
5870,ViralEpidemic,PT,S02D1C1A12,StateSpace,02,1,2,GEN,UNKNOWN
5871,ViralEpidemic,PT,S03D1C1A02,StateSpace,01,1.3566E+0011,2,GEN,UNKNOWN
5872,ViralEpidemic,PT,S03D1C1A04,StateSpace,01,6.0976E+0091,2,GEN,UNKNOWN
5873,ViralEpidemic,PT,S03D1C1A06,StateSpace,02,1,2,GEN,UNKNOWN
5874,ViralEpidemic,PT,S03D1C1A08,StateSpace,02,1,2,GEN,UNKNOWN
5875,ViralEpidemic,PT,S04D1C1A02,StateSpace,01,3.1399E+0021,2,GEN,UNKNOWN
5876,ViralEpidemic,PT,S04D1C1A03,StateSpace,01,1.2325E+0082,2,GEN,UNKNOWN
5877,ViralEpidemic,PT,S04D1C1A04,StateSpace,01,+Inf********,2,GEN,UNKNOWN
5878,ViralEpidemic,PT,S04D1C1A06,StateSpace,02,1,2,GEN,UNKNOWN
5879,ViralEpidemic,PT,S08D1C2A02,StateSpace,01,1.2893E+0138,2,NONE,UNKNOWN
5880,ViralEpidemic,PT,S16D2C4A01,StateSpace,01,2.2037E+0072,2,NONE,UNKNOWN
5881,ZombiesAndSurvivors,PT,Circular04005005,StateSpace,01,336112,3,NONE,UNKNOWN
5882,ZombiesAndSurvivors,PT,Circular04100100,StateSpace,01,1.1045E+0015,2,NONE,UNKNOWN
5883,ZombiesAndSurvivors,PT,Circular32050050,StateSpace,01,1.5919E+0048,2,NONE,UNKNOWN
5884,ZombiesAndSurvivors,PT,Circular64010010,StateSpace,01,5.9708E+0025,2,NONE,UNKNOWN
5885,ZombiesAndSurvivors,PT,Circular8100100,StateSpace,01,1.5846E+0025,2,NONE,UNKNOWN
5886,ZombiesAndSurvivors,PT,Heawood140505,StateSpace,01,5.5687E+0009,2,NONE,UNKNOWN
5887,ZombiesAndSurvivors,PT,Heawood146060,StateSpace,01,6.0032E+0031,2,NONE,UNKNOWN
5888,ZombiesAndSurvivors,PT,Heawood172525,StateSpace,01,1.7974E+0025,2,NONE,UNKNOWN
5889,ZombiesAndSurvivors,PT,Heawood175050,StateSpace,01,4.5673E+0033,2,NONE,UNKNOWN
5890,ZombiesAndSurvivors,PT,Heawood381515,StateSpace,01,7.3638E+0027,2,NONE,UNKNOWN
5891,ZombiesAndSurvivors,PT,Kneser210702005005,StateSpace,01,8.2827E+0011,2,NONE,UNKNOWN
5892,ZombiesAndSurvivors,PT,Kneser210702060060,StateSpace,01,2.4963E+0041,2,NONE,UNKNOWN
5893,ZombiesAndSurvivors,PT,Kneser210702080080,StateSpace,00,2.7492E+0043,2,NONE,UNKNOWN
5894,ZombiesAndSurvivors,PT,Kneser210702080080,StateSpace,01,9.8696E+0045,2,NONE,UNKNOWN
5895,ZombiesAndSurvivors,PT,Kneser210702080080,StateSpace,02,160,2,NONE,UNKNOWN
5896,ZombiesAndSurvivors,PT,Kneser210702080080,StateSpace,03,160,2,NONE,UNKNOWN
5897,ZombiesAndSurvivors,PT,Kneser350703060060,StateSpace,00,6.7620E+0052,2,NONE,UNKNOWN
5898,ZombiesAndSurvivors,PT,Kneser350703060060,StateSpace,01,1.3841E+0055,2,NONE,UNKNOWN
5899,ZombiesAndSurvivors,PT,Kneser350703060060,StateSpace,02,120,2,NONE,UNKNOWN
5900,ZombiesAndSurvivors,PT,Kneser350703060060,StateSpace,03,120,2,NONE,UNKNOWN
5901,ZombiesAndSurvivors,PT,Kneser350703100100,StateSpace,03,200,2,NONE,UNKNOWN
5902,ErlangenMainframeV1,PT,aP09C09,StateSpace,01,2.5322E+0010,2,NONE,UNKNOWN
5903,ErlangenMainframeV1,PT,aP10C08,StateSpace,01,4.7488E+0010,2,NONE,UNKNOWN
5904,ErlangenMainframeV1,PT,aP11C06,StateSpace,01,5.3052E+0010,2,NONE,UNKNOWN
5905,ErlangenMainframeV1,PT,aP12C04,StateSpace,01,5.9212E+0010,2,NONE,UNKNOWN
5906,ErlangenMainframeV1,PT,aP13C02,StateSpace,01,6.6029E+0010,2,NONE,UNKNOWN
5907,ErlangenMainframeV1,PT,aP14C01,StateSpace,01,1.2332E+0011,2,NONE,UNKNOWN
5908,ErlangenMainframeV1,PT,bP01C01,StateSpace,01,3.9047E+0009,2,NONE,UNKNOWN
5909,ErlangenMainframeV1,PT,bP02C02,StateSpace,01,6.4036E+0010,2,NONE,UNKNOWN
5910,ErlangenMainframeV1,PT,bP03C03,StateSpace,01,1.1153E+0012,2,NONE,UNKNOWN
5911,ErlangenMainframeV1,PT,bP04C04,StateSpace,01,1.9603E+0013,2,NONE,UNKNOWN
5912,ErlangenMainframeV1,PT,bP05C05,StateSpace,01,3.4329E+0014,2,NONE,UNKNOWN
5913,ErlangenMainframeV1,PT,bP06C06,StateSpace,01,5.9729E+0015,2,NONE,UNKNOWN
5914,ErlangenMainframeV1,PT,bP07C07,StateSpace,01,1.0325E+0017,2,NONE,UNKNOWN
5915,ErlangenMainframeV1,PT,bP08C08,StateSpace,01,1.7744E+0018,2,NONE,UNKNOWN
5916,ErlangenMainframeV1,PT,bP09C09,StateSpace,01,3.0338E+0019,2,NONE,UNKNOWN
5917,ErlangenMainframeV1,PT,bP11C06,StateSpace,01,8.2735E+0020,2,NONE,UNKNOWN
5918,ErlangenMainframeV1,PT,bP12C04,StateSpace,01,3.3938E+0021,2,NONE,UNKNOWN
5919,ErlangenMainframeV1,PT,bP13C02,StateSpace,01,1.3892E+0022,2,NONE,UNKNOWN
5920,ErlangenMainframeV1,PT,bP14C01,StateSpace,01,9.0950E+0022,2,NONE,UNKNOWN
5921,ErlangenMainframeV2,PT,aP09C09,StateSpace,01,2.5266E+0010,2,NONE,UNKNOWN
5922,ErlangenMainframeV2,PT,aP10C08,StateSpace,01,4.7414E+0010,2,NONE,UNKNOWN
5923,ErlangenMainframeV2,PT,aP11C06,StateSpace,01,5.2985E+0010,2,NONE,UNKNOWN
5924,ErlangenMainframeV2,PT,aP12C04,StateSpace,01,5.9154E+0010,2,NONE,UNKNOWN
5925,ErlangenMainframeV2,PT,aP13C02,StateSpace,01,6.5977E+0010,2,NONE,UNKNOWN
5926,ErlangenMainframeV2,PT,aP14C01,StateSpace,01,1.2325E+0011,2,NONE,UNKNOWN
5927,ErlangenMainframeV2,PT,bP01C01,StateSpace,01,7.8837E+0009,2,NONE,UNKNOWN
5928,ErlangenMainframeV2,PT,bP02C02,StateSpace,01,1.3287E+0011,2,NONE,UNKNOWN
5929,ErlangenMainframeV2,PT,bP03C03,StateSpace,01,2.3229E+0012,2,NONE,UNKNOWN
5930,ErlangenMainframeV2,PT,bP04C04,StateSpace,01,4.0800E+0013,2,NONE,UNKNOWN
5931,ErlangenMainframeV2,PT,bP05C05,StateSpace,01,7.1326E+0014,2,NONE,UNKNOWN
5932,ErlangenMainframeV2,PT,bP06C06,StateSpace,01,1.2386E+0016,2,NONE,UNKNOWN
5933,ErlangenMainframeV2,PT,bP07C07,StateSpace,01,2.1367E+0017,2,NONE,UNKNOWN
5934,ErlangenMainframeV2,PT,bP08C08,StateSpace,01,3.6650E+0018,2,NONE,UNKNOWN
5935,ErlangenMainframeV2,PT,bP09C09,StateSpace,01,6.2554E+0019,2,NONE,UNKNOWN
5936,ErlangenMainframeV2,PT,bP10C08,StateSpace,01,4.1402E+0020,2,NONE,UNKNOWN
5937,ErlangenMainframeV2,PT,bP11C06,StateSpace,01,1.7011E+0021,2,NONE,UNKNOWN
5938,ErlangenMainframeV2,PT,bP12C04,StateSpace,01,6.9693E+0021,2,NONE,UNKNOWN
5939,ErlangenMainframeV2,PT,bP13C02,StateSpace,01,2.8496E+0022,2,NONE,UNKNOWN
5940,ErlangenMainframeV2,PT,bP14C01,StateSpace,00,9.5401E+0021,2,NONE,UNKNOWN
5941,ErlangenMainframeV2,PT,bP14C01,StateSpace,01,1.8635E+0023,2,NONE,UNKNOWN
5942,ErlangenMainframeV2,PT,bP14C01,StateSpace,02,1,2,NONE,UNKNOWN
5943,ErlangenMainframeV2,PT,bP14C01,StateSpace,03,21,2,NONE,UNKNOWN
5944,FileSystem,COL,N02I05B05,StateSpace,00,1632,2,NONE,UNKNOWN
5945,FileSystem,COL,N02I05B05,StateSpace,01,3600,2,NONE,UNKNOWN
5946,FileSystem,COL,N02I05B05,StateSpace,02,2,2,NONE,UNKNOWN
5947,FileSystem,COL,N02I05B05,StateSpace,03,22,2,NONE,UNKNOWN
5948,FileSystem,COL,N02I10B08,StateSpace,00,1.1462E+0007,2,NONE,UNKNOWN
5949,FileSystem,COL,N02I10B08,StateSpace,01,2.2907E+0007,2,NONE,UNKNOWN
5950,FileSystem,COL,N02I10B08,StateSpace,02,2,2,NONE,UNKNOWN
5951,FileSystem,COL,N02I10B08,StateSpace,03,38,2,NONE,UNKNOWN
5952,FileSystem,COL,N02I10B10,StateSpace,00,714375,2,NONE,UNKNOWN
5953,FileSystem,COL,N02I10B10,StateSpace,01,1.5988E+0006,2,NONE,UNKNOWN
5954,FileSystem,COL,N02I10B10,StateSpace,02,2,2,NONE,UNKNOWN
5955,FileSystem,COL,N02I10B10,StateSpace,03,42,2,NONE,UNKNOWN
5956,FileSystem,COL,N02I15B15,StateSpace,00,1.4778E+0007,2,NONE,UNKNOWN
5957,FileSystem,COL,N02I15B15,StateSpace,01,3.5635E+0007,2,NONE,UNKNOWN
5958,FileSystem,COL,N02I15B15,StateSpace,02,2,2,NONE,UNKNOWN
5959,FileSystem,COL,N02I15B15,StateSpace,03,62,2,NONE,UNKNOWN
5960,FileSystem,COL,N03I10B08,StateSpace,00,2.7394E+0007,2,NONE,UNKNOWN
5961,FileSystem,COL,N03I10B08,StateSpace,01,7.4845E+0007,2,NONE,UNKNOWN
5962,FileSystem,COL,N03I10B08,StateSpace,02,3,2,NONE,UNKNOWN
5963,FileSystem,COL,N03I10B08,StateSpace,03,39,2,NONE,UNKNOWN
5964,FileSystem,COL,N03I10B10,StateSpace,00,4.0364E+0006,2,NONE,UNKNOWN
5965,FileSystem,COL,N03I10B10,StateSpace,01,1.3357E+0007,2,NONE,UNKNOWN
5966,FileSystem,COL,N03I10B10,StateSpace,02,3,2,NONE,UNKNOWN
5967,FileSystem,COL,N03I10B10,StateSpace,03,43,2,NONE,UNKNOWN
5968,FileSystem,COL,N03I10B15,StateSpace,00,1.1889E+0006,2,NONE,UNKNOWN
5969,FileSystem,COL,N03I10B15,StateSpace,01,4.1728E+0006,2,NONE,UNKNOWN
5970,FileSystem,COL,N03I10B15,StateSpace,02,3,2,NONE,UNKNOWN
5971,FileSystem,COL,N03I10B15,StateSpace,03,53,2,NONE,UNKNOWN
5972,FileSystem,COL,N05I10B10,StateSpace,00,3.4736E+0007,2,NONE,UNKNOWN
5973,FileSystem,COL,N05I10B10,StateSpace,01,1.8181E+0008,2,NONE,UNKNOWN
5974,FileSystem,COL,N05I10B10,StateSpace,02,5,2,NONE,UNKNOWN
5975,FileSystem,COL,N05I10B10,StateSpace,03,45,2,NONE,UNKNOWN
5976,FileSystem,COL,N05I10B15,StateSpace,00,1.2887E+0007,2,NONE,UNKNOWN
5977,FileSystem,COL,N05I10B15,StateSpace,01,7.2986E+0007,2,NONE,UNKNOWN
5978,FileSystem,COL,N05I10B15,StateSpace,02,5,2,NONE,UNKNOWN
5979,FileSystem,COL,N05I10B15,StateSpace,03,55,2,NONE,UNKNOWN
5980,FileSystem,PT,N02I05B05,StateSpace,01,3600,3,NONE,UNKNOWN
5981,FileSystem,PT,N02I10B08,StateSpace,01,2.2907E+0007,2,NONE,UNKNOWN
5982,FileSystem,PT,N02I10B10,StateSpace,01,1.5988E+0006,2,NONE,UNKNOWN
5983,FileSystem,PT,N02I15B15,StateSpace,01,3.5635E+0007,2,NONE,UNKNOWN
5984,FileSystem,PT,N03I10B08,StateSpace,01,7.4845E+0007,2,NONE,UNKNOWN
5985,FileSystem,PT,N03I10B10,StateSpace,01,1.3357E+0007,2,NONE,UNKNOWN
5986,FileSystem,PT,N03I10B15,StateSpace,01,4.1728E+0006,2,NONE,UNKNOWN
5987,FileSystem,PT,N05I10B10,StateSpace,01,1.8181E+0008,2,NONE,UNKNOWN
5988,FileSystem,PT,N05I10B15,StateSpace,01,7.2986E+0007,2,NONE,UNKNOWN
5989,LastZero,COL,N08,StateSpace,01,215980,2,NONE,UNKNOWN
5990,LastZero,COL,N10,StateSpace,01,3.7477E+0006,2,NONE,UNKNOWN
5991,LastZero,COL,N12,StateSpace,01,6.2497E+0007,2,NONE,UNKNOWN
5992,LastZero,COL,N14,StateSpace,01,1.0139E+0009,2,NONE,UNKNOWN
5993,LastZero,COL,N16,StateSpace,01,1.6120E+0010,2,NONE,UNKNOWN
5994,LastZero,COL,N18,StateSpace,01,2.5235E+0011,2,NONE,UNKNOWN
5995,LastZero,COL,N20,StateSpace,01,3.9024E+0012,2,NONE,UNKNOWN
5996,LastZero,COL,N22,StateSpace,01,5.9752E+0013,2,NONE,UNKNOWN
5997,LastZero,COL,N24,StateSpace,01,9.0743E+0014,2,NONE,UNKNOWN
5998,LastZero,COL,N26,StateSpace,01,1.3686E+0016,2,NONE,UNKNOWN
5999,LastZero,PT,N08,StateSpace,01,215980,3,NONE,UNKNOWN
6000,LastZero,PT,N10,StateSpace,01,3.7477E+0006,2,NONE,UNKNOWN
6001,LastZero,PT,N12,StateSpace,01,6.2497E+0007,2,NONE,UNKNOWN
6002,LastZero,PT,N14,StateSpace,01,1.0139E+0009,2,NONE,UNKNOWN
6003,LastZero,PT,N16,StateSpace,01,1.6120E+0010,2,NONE,UNKNOWN
6004,LastZero,PT,N18,StateSpace,01,2.5235E+0011,2,NONE,UNKNOWN
6005,LastZero,PT,N20,StateSpace,01,3.9024E+0012,2,NONE,UNKNOWN
6006,LastZero,PT,N22,StateSpace,01,5.9752E+0013,2,NONE,UNKNOWN
6007,LastZero,PT,N24,StateSpace,01,9.0743E+0014,2,NONE,UNKNOWN
6008,LastZero,PT,N26,StateSpace,01,1.3686E+0016,2,NONE,UNKNOWN
6009,SupplyChain,PT,00002,StateSpace,01,109,3,NONE,UNKNOWN
6010,SupplyChain,PT,00005,StateSpace,01,73443,3,NONE,UNKNOWN
6011,SupplyChain,PT,00010,StateSpace,01,1.5620E+0009,2,NONE,UNKNOWN
6012,SupplyChain,PT,00020,StateSpace,01,2.9046E+0017,2,NONE,UNKNOWN
6013,SupplyChain,PT,00200,StateSpace,01,2.7066E+0166,2,NONE,UNKNOWN
6014,SupplyChain,PT,00500,StateSpace,01,+Inf********,2,NONE,UNKNOWN
6015,SupplyChain,PT,03000,StateSpace,03,6003,2,NONE,UNKNOWN
6016,SupplyChain,PT,04000,StateSpace,03,8003,2,NONE,UNKNOWN
6017,SupplyChain,PT,05000,StateSpace,03,10003,2,NONE,UNKNOWN
6018,SupplyChain,PT,06000,StateSpace,03,12003,2,NONE,UNKNOWN
6019,SupplyChain,PT,07000,StateSpace,03,14003,2,NONE,UNKNOWN
6020,SupplyChain,PT,08000,StateSpace,03,16003,2,NONE,UNKNOWN
6021,SupplyChain,PT,09000,StateSpace,03,18003,2,NONE,UNKNOWN
6022,SupplyChain,PT,10000,StateSpace,03,20003,2,NONE,UNKNOWN
6023,MedleyA,PT,22,StateSpace,01,1.4748E+0014,1,NONE,UNKNOWN
